service_id,date,exception_type
30964,20250808,2
30902,20250915,2
30897,20250816,2
31101,20250926,2
18688,20250813,1
30993,20250921,2
32325,20251106,1
31041,20250824,2
31929,20251031,1
30922,20251014,2
18659,20251019,1
32317,20251125,1
30952,20250812,2
30952,20251202,2
30900,20250825,2
35571,20251106,2
30964,20260109,2
30964,20251120,2
30910,20251020,2
30993,20251022,2
31926,20250921,1
31059,20251008,2
31274,20251205,2
30993,20260105,2
31082,20251123,2
32061,20250923,1
31082,20250920,2
32284,20250717,1
31774,20250809,1
28134,20251010,2
31050,20251004,2
30981,20251006,2
31618,20251210,2
30978,20251229,2
30952,20251223,2
32064,20251207,1
31086,20251106,2
30981,20251031,2
32228,20251031,1
31532,20251211,2
18604,20250817,1
30910,20251014,2
31267,20260103,2
31017,20250805,2
32139,20250824,1
31266,20251213,2
31041,20251215,2
30898,20250829,2
31621,20251028,2
31926,20251205,1
30894,20251027,2
18636,20250723,1
28134,20250918,2
30902,20260105,2
31010,20251115,2
32228,20250908,1
32317,20250916,1
30886,20250815,2
32336,20250819,1
32284,20251118,1
30937,20251223,2
31887,20251028,1
31019,20251218,2
30886,20260105,2
18670,20250825,1
18689,20250822,1
30867,20250812,2
35075,20251206,2
30913,20260105,2
32218,20251010,1
31812,20250724,1
32326,20250819,1
31078,20251014,2
32164,20251022,1
31887,20250724,1
30891,20251217,2
31023,20251210,2
31096,20251214,2
18572,20251206,1
30858,20250718,2
30932,20250828,2
30925,20250811,2
32225,20251209,1
30862,20250804,2
31933,20251127,1
31687,20250804,1
31933,20251210,1
32264,20250912,1
31772,20251204,1
30897,20251103,2
31014,20251203,2
18687,20251028,1
31002,20251004,2
12714,20250806,2
28134,20251007,2
27960,20251104,1
27959,20251231,2
30938,20251201,2
31099,20251220,2
31844,20250925,1
31688,20251103,1
31017,20250816,2
30887,20251020,2
30866,20250814,2
31626,20251026,2
30897,20251102,2
18604,20251129,1
30937,20250902,2
31009,20251116,2
35003,20251130,2
31806,20251011,1
31945,20251121,1
31090,20251216,2
31774,20251201,1
31054,20251114,2
30993,20251104,2
18632,20250809,1
31968,20250913,1
30938,20260105,2
32208,20251107,1
31006,20251108,2
27960,20250909,1
18604,20251025,1
32317,20250723,1
32139,20250828,1
32217,20251117,1
18012,20260406,2
18688,20250804,1
31630,20251217,2
31008,20251130,2
30998,20251107,2
31630,20251113,2
18657,20250903,1
31933,20251016,1
31007,20251219,2
31981,20251102,1
31243,20251208,2
32208,20250926,1
18636,20250808,1
30885,20251217,2
31102,20251229,2
5444,20251225,2
21855,20251224,2
32212,20250816,1
31105,20251215,2
31090,20250917,2
32259,20250812,1
31346,20251222,2
31774,20251130,1
30934,20251118,2
31018,20250909,2
31024,20251230,2
30923,20251006,2
31842,20251031,1
30993,20251130,2
31267,20251006,2
269,20251216,1
31608,20251220,2
30922,20251012,2
31629,20251003,2
31089,20250916,2
32066,20251025,1
31751,20251120,1
32065,20250827,1
31271,20251007,2
12637,20250912,2
30887,20250820,2
31621,20250928,2
30883,20251113,2
31968,20251116,1
30942,20250825,2
31269,20251228,2
30910,20250727,2
31855,20251204,1
18603,20250804,1
31081,20251208,2
31613,20251230,2
32271,20251205,1
31270,20251208,2
31014,20251118,2
30888,20251116,2
31015,20251228,2
31243,20260104,2
31876,20250928,1
30910,20251023,2
31267,20250814,2
31876,20250920,1
30937,20251003,2
31082,20250906,2
31138,20251225,2
30903,20250820,2
32273,20251130,1
31061,20251022,2
31855,20251106,1
31099,20251127,2
30887,20250819,2
31813,20250824,1
14802,20251111,1
31018,20251121,2
32090,20250812,1
18602,20251127,1
30898,20250728,2
30914,20251117,2
34775,20250825,2
32222,20251029,1
30858,20250808,2
31009,20251111,2
32061,20250723,1
30964,20251126,2
30865,20250805,2
30897,20250831,2
32061,20251128,1
31968,20250929,1
31270,20251128,2
268,20251007,2
32064,20250921,1
31010,20251004,2
30891,20260104,2
31383,20251206,2
32064,20250907,1
31005,20250904,2
31001,20251028,2
1170,20251120,1
30928,20251227,2
31615,20251226,2
32821,20250726,1
30981,20251215,2
34976,20251130,2
30952,20251127,2
31086,20250723,2
32277,20251026,1
32457,20250716,1
31857,20250802,1
31252,20251221,2
31040,20250827,2
31887,20250716,1
15537,20251224,1
31138,20250930,2
31618,20251125,2
30933,20250821,2
31806,20251029,1
30858,20250821,2
32208,20251020,1
30931,20251102,2
32064,20251203,1
31806,20251217,1
31105,20250914,2
32316,20251129,1
31096,20251115,2
18570,20250811,1
14785,20251027,2
30951,20250930,2
30922,20250902,2
31629,20260105,2
36284,20251130,2
31015,20251130,2
30984,20251023,2
18659,20250810,1
30862,20250816,2
32287,20251005,1
34917,20250731,2
30915,20250923,2
30933,20251222,2
18603,20251130,1
30891,20250923,2
31412,20251230,2
32334,20251103,1
31006,20250812,2
30912,20251020,2
31014,20251229,2
32287,20250728,1
30987,20251118,2
30996,20260101,2
31806,20251210,1
31750,20251211,1
32317,20250914,1
30920,20251109,2
31023,20251219,2
31532,20251208,2
30937,20251120,2
31732,20251006,1
31078,20250808,2
17191,20260406,1
32259,20250909,1
31009,20251224,2
30907,20250811,2
30907,20250815,2
31081,20251012,2
34979,20250825,2
32336,20251001,1
30887,20251102,2
31842,20251208,1
30971,20251124,2
30964,20251224,2
30938,20251213,2
32319,20250903,1
32065,20251015,1
15497,20250825,1
32139,20251017,1
31618,20251014,2
18687,20250813,1
32065,20251117,1
31061,20250903,2
34975,20250821,2
31023,20251216,2
30989,20260106,2
31050,20250810,2
32065,20250905,1
32139,20250928,1
31006,20250730,2
30921,20251203,2
30930,20260104,2
30898,20251010,2
30886,20250909,2
30887,20260108,2
30947,20250829,2
30918,20260105,2
30886,20251213,2
31090,20251214,2
31010,20251124,2
30890,20251105,2
31532,20251119,2
32218,20251208,1
30905,20251009,2
30902,20251125,2
31079,20250919,2
30886,20251209,2
32334,20250719,1
30887,20250927,2
32563,20250821,1
31868,20251114,1
31005,20250925,2
31887,20250808,1
30907,20251031,2
32271,20250808,1
30974,20260102,2
30918,20250810,2
31628,20251202,2
30902,20251219,2
31621,20250929,2
32334,20250913,1
35571,20251022,2
31335,20251019,2
31932,20250926,1
30916,20251217,2
31860,20250827,1
31855,20250821,1
31007,20251104,2
31267,20251118,2
30902,20250910,2
31806,20250815,1
18688,20251012,1
30863,20250808,2
30929,20250918,2
32216,20250716,1
31086,20251116,2
32323,20251121,1
31774,20251029,1
35639,20250724,1
30979,20251031,2
30888,20250909,2
30884,20251124,2
31086,20251222,2
31101,20251228,2
32140,20250827,1
31805,20250804,1
31253,20260102,2
31267,20250921,2
32216,20251008,1
30969,20251126,2
30900,20251016,2
35571,20251015,2
31613,20251205,2
30915,20250916,2
30993,20250819,2
31000,20251029,2
30890,20251216,2
31014,20251121,2
31335,20250926,2
30894,20251122,2
30994,20251221,2
31412,20251204,2
30912,20251006,2
30933,20251214,2
31877,20250803,1
30897,20250908,2
30997,20251219,2
31099,20250826,2
32485,20250812,1
32317,20251029,1
32218,20250906,1
31054,20251030,2
30987,20251119,2
36284,20251219,2
12714,20250723,2
30889,20251022,2
31774,20250906,1
32218,20251117,1
32212,20250915,1
31099,20251221,2
31086,20251005,2
18659,20251029,1
30907,20250802,2
32336,20251125,1
30948,20250815,2
31621,20260101,2
31821,20250721,1
30948,20250817,2
30933,20250927,2
31063,20251108,2
31981,20250930,1
32485,20250725,1
14164,20251225,1
1173,20251225,2
31860,20251210,1
30902,20251030,2
30901,20250809,2
30995,20251224,2
31871,20251102,1
30915,20250823,2
31001,20250921,2
30925,20251006,2
31869,20251213,1
31010,20251028,2
30883,20251202,2
18670,20250821,1
31206,20260101,2
31333,20251218,2
14802,20251008,1
32323,20251206,1
31138,20251112,2
32259,20250720,1
31683,20251203,1
30988,20251213,2
32336,20251008,1
31054,20251107,2
32064,20250916,1
30923,20250804,2
30922,20251229,2
30976,20251210,2
30933,20250917,2
32140,20250904,1
32210,20250827,1
31979,20250905,1
32120,20251116,1
30952,20251216,2
31081,20250921,2
30933,20251231,2
32027,20250923,1
30914,20251119,2
31904,20250922,1
32066,20250719,1
31267,20251004,2
32334,20251025,1
31877,20251019,1
32061,20250823,1
30984,20251102,2
18688,20251107,1
35511,20251110,2
32212,20251013,1
31855,20251217,1
30901,20250916,2
31267,20251215,2
18575,20251023,1
18670,20251125,1
32210,20250911,1
18575,20251015,1
30922,20251204,2
31692,20251217,1
36283,20250804,2
31904,20250916,1
1170,20250929,1
1186,20251226,2
31613,20260110,2
268,20251111,2
35571,20251118,2
30885,20250817,2
31018,20251105,2
35571,20251014,2
32277,20251115,1
30927,20251005,2
32334,20251204,1
30925,20251022,2
30859,20250829,2
268,20250716,2
31079,20250911,2
31774,20251025,1
32140,20250810,1
18687,20250927,1
30900,20250907,2
30918,20251231,2
31806,20250829,1
31018,20251208,2
30896,20251008,2
31686,20251101,1
31521,20251210,2
31078,20251027,2
27962,20251105,1
32284,20250918,1
18576,20251103,1
30929,20251110,2
31105,20250928,2
31968,20251102,1
30993,20251101,2
32317,20251020,1
30918,20250809,2
31105,20251127,2
30952,20250926,2
31805,20250921,1
30915,20250905,2
31063,20251214,2
30905,20251001,2
31806,20250728,1
30915,20251001,2
31383,20251220,2
30986,20260101,2
31054,20250807,2
31267,20251128,2
31090,20251117,2
30998,20251207,2
27960,20260406,2
31981,20250927,1
30859,20250828,2
18576,20250823,1
18636,20250725,1
32273,20251208,1
30897,20251027,2
31008,20250822,2
35571,20251215,2
31805,20250917,1
31618,20251221,2
30897,20250919,2
30963,20250902,2
32271,20250906,1
18575,20251210,1
31807,20251111,1
31101,20251123,2
31751,20251116,1
31050,20250913,2
30901,20250906,2
32334,20251214,1
35089,20251018,2
32485,20251121,1
30885,20251110,2
30983,20260110,2
31090,20251006,2
32334,20250927,1
32066,20251105,1
31621,20251224,2
140,20260101,2
31750,20251114,1
30910,20251230,2
18569,20251007,1
32277,20250830,1
31822,20250824,1
30921,20260105,2
31081,20250920,2
30896,20250911,2
32225,20251119,1
18575,20250914,1
32222,20250819,1
31806,20250807,1
18569,20251029,1
30862,20250812,2
30979,20251104,2
31054,20250925,2
32225,20251111,1
31086,20250805,2
30889,20251228,2
32485,20251205,1
31081,20251112,2
30981,20251122,2
30923,20250719,2
31532,20251224,2
269,20251201,1
31050,20250917,2
31252,20251213,2
30886,20250823,2
32293,20250924,1
31820,20250804,1
31082,20250823,2
30933,20250825,2
32208,20250822,1
31751,20250807,1
12635,20260403,2
31006,20250915,2
32334,20250810,1
32061,20250922,1
30992,20251010,2
18688,20250729,1
31691,20250801,1
35075,20250902,2
30981,20251203,2
30964,20251202,2
31346,20260109,2
32457,20251215,1
31009,20260109,2
30952,20250829,2
31002,20250927,2
30937,20250911,2
30903,20251220,2
31857,20251213,1
31383,20251114,2
31904,20250923,1
18689,20251219,1
21915,20251110,2
32105,20251113,1
30899,20251203,2
32284,20251021,1
32287,20251013,1
30925,20250822,2
30951,20251119,2
30927,20251016,2
30943,20250828,2
31086,20250831,2
31007,20250912,2
30859,20250811,2
32325,20250809,1
31816,20250914,1
30903,20251014,2
31887,20251017,1
30952,20251113,2
32317,20251002,1
30963,20250723,2
30899,20251217,2
31002,20251209,2
31335,20250831,2
1186,20250829,1
32139,20251031,1
31063,20251225,2
31335,20251111,2
31821,20250817,1
18632,20250928,1
30905,20251208,2
35075,20251028,2
31841,20251103,1
32271,20251017,1
31628,20251221,2
31842,20250907,1
269,20251010,1
30905,20251219,2
32120,20250901,1
18603,20251027,1
32064,20250806,1
30897,20251223,2
31698,20250928,1
31008,20251228,2
32208,20251110,1
30949,20250828,2
31253,20251219,2
32139,20250717,1
32485,20251013,1
30904,20251105,2
31698,20251101,1
30902,20251205,2
31521,20251205,2
30987,20251027,2
31844,20251205,1
31063,20251210,2
31089,20251101,2
30885,20250904,2
30926,20250922,2
30898,20250924,2
32284,20250904,1
31414,20251121,2
32317,20251105,1
32282,20251103,1
30998,20250818,2
31841,20250829,1
31083,20251006,2
30910,20251229,2
30998,20250725,2
30907,20251211,2
31629,20251128,2
30890,20251225,2
18576,20251206,1
27962,20260406,2
31860,20251023,1
30998,20251008,2
31335,20251125,2
31686,20251018,1
30915,20250811,2
30900,20250820,2
31018,20251019,2
31774,20250816,1
32828,20250908,1
30997,20260102,2
32105,20250725,1
30912,20251009,2
31001,20250906,2
32139,20251005,1
30997,20251201,2
31086,20251226,2
31041,20251225,2
30887,20251128,2
31629,20251217,2
31777,20250831,1
31059,20251012,2
31857,20251116,1
30931,20251112,2
32282,20251117,1
32293,20251207,1
31054,20250916,2
12637,20250922,2
18603,20250902,1
31952,20250727,1
30898,20251114,2
31859,20250808,1
31090,20251227,2
30889,20251223,2
30984,20260104,2
30934,20251114,2
31081,20251106,2
30929,20250906,2
31776,20251204,1
18670,20250903,1
31090,20251105,2
31008,20250724,2
32277,20251130,1
18602,20250820,1
31866,20250722,1
30969,20260106,2
30920,20250903,2
30900,20251113,2
31056,20251213,2
32273,20250804,1
30926,20251203,2
30896,20251031,2
30982,20251208,2
18572,20251004,1
30979,20260104,2
18636,20251204,1
34795,20250804,2
31926,20251012,1
31926,20250922,1
30906,20251101,2
31389,20251211,2
35089,20251108,2
30937,20250909,2
31090,20250826,2
32090,20250803,1
12714,20251028,2
30890,20260101,2
31054,20260106,2
30910,20250814,2
32140,20250814,1
32140,20250831,1
31037,20250831,2
31904,20251214,1
30951,20250805,2
31105,20250929,2
31750,20251031,1
12640,20251127,1
30969,20251204,2
12637,20251010,2
32065,20251023,1
32027,20251111,1
31101,20250904,2
31774,20251125,1
31008,20250925,2
21855,20251218,1
31090,20251017,2
31063,20251201,2
28134,20251021,2
31014,20251201,2
36205,20250806,1
31869,20251004,1
32284,20251029,1
31018,20251213,2
32287,20250823,1
31626,20251224,2
30888,20251125,2
31266,20251123,2
30927,20250909,2
30912,20251219,2
30984,20251206,2
30899,20251208,2
31777,20251123,1
31082,20251103,2
31806,20250810,1
30920,20251107,2
31933,20250812,1
14168,20250825,1
30890,20251217,2
31772,20251126,1
30907,20251217,2
31860,20251008,1
31812,20250910,1
18659,20251122,1
36734,20250825,2
32164,20251126,1
35511,20251126,2
30937,20250829,2
31005,20250815,2
32273,20250818,1
30902,20251124,2
31059,20251103,2
32066,20250917,1
31832,20250817,1
31007,20251124,2
30925,20251104,2
31629,20251112,2
30923,20250827,2
31105,20260105,2
31138,20251126,2
30925,20251205,2
31041,20260107,2
31054,20250827,2
31532,20251104,2
32216,20251029,1
31688,20251124,1
32284,20250917,1
30885,20250922,2
30986,20251109,2
30964,20251001,2
30921,20251201,2
28134,20251008,2
30992,20251203,2
32275,20251104,1
31828,20250801,1
1171,20251029,1
35250,20251130,1
31385,20251026,2
14785,20250901,2
31050,20250903,2
35075,20250916,2
31050,20250926,2
32287,20251213,1
30905,20250919,2
31063,20260109,2
31630,20251220,2
30888,20251016,2
30896,20251009,2
30910,20251129,2
32293,20251215,1
31079,20251119,2
30937,20251111,2
30887,20251213,2
30918,20250920,2
31414,20251010,2
36284,20250729,2
31628,20251222,2
30897,20250916,2
30926,20251231,2
35003,20250828,2
32218,20251207,1
31101,20250911,2
31082,20251009,2
30936,20251221,2
31079,20250918,2
30903,20251111,2
31061,20251030,2
31820,20250825,1
32282,20250908,1
31059,20260107,2
31869,20250803,1
31621,20251104,2
30889,20250805,2
30864,20250807,2
30964,20250716,2
30884,20251220,2
31050,20251229,2
32139,20251009,1
31266,20251122,2
31101,20251221,2
31018,20250803,2
18576,20250926,1
32271,20251011,1
31099,20251008,2
30904,20251108,2
18688,20251010,1
31346,20250827,2
32323,20251105,1
30937,20251124,2
30952,20250808,2
31099,20250725,2
18659,20250920,1
18572,20251011,1
18570,20250914,1
31002,20250824,2
32275,20251028,1
30918,20251027,2
30912,20251109,2
30932,20250920,2
30910,20251110,2
31035,20251209,2
30921,20251115,2
30937,20250924,2
30903,20251218,2
35075,20250906,2
31081,20251105,2
31005,20251006,2
30929,20250721,2
31335,20251109,2
31687,20251010,1
30981,20260102,2
31806,20251017,1
30890,20251103,2
32325,20251009,1
31750,20250905,1
30907,20250905,2
30986,20251022,2
31521,20251104,2
32229,20250820,1
30927,20251101,2
30932,20250919,2
31383,20251218,2
18605,20250808,1
31618,20250924,2
31081,20251219,2
31269,20260105,2
31521,20251230,2
30904,20260109,2
31844,20251017,1
27962,20251203,1
31811,20250905,1
31082,20251207,2
30951,20250915,2
30929,20251219,2
31090,20250730,2
30914,20251231,2
32139,20251029,1
14802,20251023,1
31626,20251004,2
31050,20251215,2
30992,20251031,2
30992,20250906,2
30915,20251211,2
32325,20250831,1
30890,20251123,2
31521,20251220,2
31000,20251015,2
31138,20250811,2
18576,20251104,1
31751,20251106,1
32485,20251119,1
31092,20260109,2
31041,20251203,2
18687,20251110,1
32090,20251013,1
31806,20251005,1
30964,20251108,2
31081,20251102,2
31266,20260108,2
30971,20251206,2
31082,20250801,2
31002,20260104,2
18575,20251126,1
31929,20250808,1
31608,20251228,2
31015,20260107,2
30929,20251030,2
30908,20251211,2
31056,20251217,2
31608,20251105,2
27959,20260101,2
31078,20251005,2
32061,20251212,1
31105,20250825,2
18632,20251213,1
31414,20250903,2
30952,20251008,2
30905,20250927,2
30963,20250814,2
30997,20260109,2
30915,20250915,2
14784,20251120,2
30951,20250911,2
30903,20251021,2
31017,20250824,2
31006,20251026,2
30979,20260102,2
31621,20251106,2
32164,20251013,1
30902,20251026,2
30923,20250925,2
30905,20251012,2
31090,20260103,2
30984,20251212,2
30894,20250913,2
34798,20250825,1
32293,20251023,1
31844,20251112,1
30929,20251001,2
31932,20250721,1
31035,20251216,2
31887,20251010,1
30901,20251112,2
32457,20250811,1
31629,20251031,2
31014,20260101,2
30922,20251030,2
32027,20250818,1
31266,20251126,2
30932,20250913,2
30979,20251103,2
31002,20251206,2
31271,20251024,2
31807,20251209,1
30970,20251208,2
32228,20251124,1
31267,20251121,2
35456,20250825,2
30964,20250829,2
31101,20251204,2
30976,20251027,2
31414,20250821,2
30923,20250817,2
31683,20251021,1
31027,20250821,2
3952,20260403,2
31981,20251122,1
31933,20251204,1
31932,20251219,1
35571,20251204,2
32259,20250805,1
35257,20250825,1
31009,20260104,2
32139,20250722,1
31078,20250829,2
30980,20251210,2
12714,20251126,2
32325,20250812,1
31061,20251031,2
30901,20251225,2
31751,20250813,1
31035,20260110,2
30885,20250910,2
32323,20250927,1
32326,20250908,1
32218,20250926,1
30901,20251026,2
31090,20250823,2
14784,20251208,2
30926,20250916,2
31807,20250728,1
31271,20251022,2
31056,20251220,2
30900,20251006,2
30936,20251116,2
35003,20250825,2
31105,20250918,2
30896,20251119,2
31014,20260106,2
30912,20250915,2
28134,20251030,2
30920,20251202,2
30902,20251218,2
31102,20260106,2
31626,20251129,2
30969,20251107,2
30889,20250818,2
35511,20250903,2
31002,20250818,2
32140,20251010,1
30986,20251112,2
1169,20260403,1
30888,20251006,2
14784,20251212,2
14784,20250718,2
32277,20251020,1
31346,20251005,2
30902,20250916,2
30887,20250925,2
30903,20260110,2
30916,20250806,2
31628,20251108,2
12714,20251122,2
31101,20251119,2
1186,20251027,1
32222,20250911,1
32336,20251014,1
30910,20250917,2
31981,20251014,1
30900,20251009,2
12714,20250809,2
35639,20251029,1
31001,20251025,2
30907,20251026,2
31267,20250805,2
34917,20250805,2
31629,20251027,2
35511,20251212,2
31618,20250901,2
28134,20250825,2
31929,20250801,1
31846,20250902,1
18686,20251127,1
269,20250908,1
32317,20250831,1
32226,20251004,1
30936,20251214,2
30898,20251202,2
18636,20250818,1
31805,20251017,1
30923,20251015,2
18688,20251128,1
31412,20260106,2
31274,20251024,2
31101,20251029,2
31274,20251020,2
30963,20251109,2
30888,20250902,2
30936,20251018,2
31059,20251208,2
18687,20251214,1
18632,20251102,1
31615,20250916,2
31002,20250924,2
32326,20250730,1
30952,20251109,2
31876,20251102,1
32061,20251124,1
30858,20250813,2
30918,20250901,2
31385,20251015,2
31968,20250720,1
1170,20250926,1
31096,20250818,2
31061,20251021,2
31039,20250804,2
12637,20251112,2
31008,20251011,2
32065,20251126,1
30891,20250822,2
30998,20250911,2
31105,20250804,2
32210,20250715,1
31750,20250925,1
31857,20250811,1
287,20250716,1
31050,20250813,2
30920,20250911,2
30916,20250809,2
18572,20251122,1
31887,20251101,1
31081,20251228,2
31866,20250717,1
30927,20250926,2
31629,20251107,2
32681,20250823,1
31270,20251222,2
30920,20251002,2
30887,20260109,2
32090,20250828,1
31346,20251103,2
14784,20251008,2
31335,20250920,2
30981,20260110,2
31041,20251030,2
31869,20250920,1
30926,20250904,2
31274,20251224,2
31096,20251015,2
31138,20251228,2
30965,20250801,2
30889,20250923,2
31000,20251121,2
18657,20251111,1
30994,20251203,2
31618,20251022,2
30905,20251113,2
30923,20251014,2
32218,20251017,1
32090,20251024,1
18636,20251117,1
30951,20251004,2
32336,20251021,1
30886,20250905,2
30979,20251111,2
32457,20251006,1
31014,20251207,2
31086,20250824,2
18684,20250726,1
30927,20250903,2
31007,20250921,2
31698,20250727,1
31389,20251209,2
31054,20251210,2
31005,20251205,2
30912,20251005,2
18670,20250828,1
31101,20250825,2
14784,20251124,2
36283,20250818,2
30907,20251210,2
30985,20251207,2
31005,20251120,2
30981,20251105,2
31059,20251001,2
18602,20250725,1
32027,20250729,1
32271,20251115,1
30926,20251209,2
31248,20260107,2
31090,20250824,2
31041,20250927,2
31887,20251204,1
30890,20251111,2
30992,20250915,2
30987,20251210,2
31041,20251004,2
31271,20251008,2
31014,20251126,2
31806,20251219,1
31521,20251202,2
31271,20251018,2
30970,20251212,2
28134,20250929,2
30986,20251119,2
30995,20251214,2
30927,20251001,2
12714,20251019,2
18570,20250801,1
31090,20251111,2
32166,20251011,1
31805,20250905,1
31063,20251120,2
31751,20250916,1
30918,20250924,2
30888,20250925,2
31035,20251231,2
18592,20250716,1
31808,20251213,1
30886,20251117,2
30952,20250909,2
31346,20250804,2
32323,20250928,1
31772,20250911,1
18657,20251105,1
32090,20250901,1
30963,20251011,2
12714,20251213,2
30916,20250926,2
30925,20251128,2
35571,20251117,2
31807,20250722,1
31009,20251112,2
32319,20250731,1
30908,20251130,2
36205,20250811,1
31253,20251230,2
30925,20250803,2
30982,20251201,2
30888,20250822,2
31774,20250902,1
30992,20250727,2
32256,20250909,1
21915,20250903,2
31817,20250916,1
18605,20250926,1
31086,20251230,2
31629,20251214,2
30985,20251227,2
3680,20250825,2
30900,20251107,2
31628,20251205,2
31105,20251216,2
31082,20251130,2
31772,20251111,1
30932,20250926,2
31267,20250803,2
31847,20250726,1
31774,20251018,1
30884,20251103,2
31847,20251025,1
30952,20260103,2
30986,20251123,2
32485,20250819,1
30901,20251126,2
31813,20250721,1
31267,20251104,2
31826,20250902,1
30933,20250911,2
18603,20251117,1
31621,20250923,2
30921,20251227,2
18576,20250809,1
31626,20251103,2
21915,20250923,2
31086,20251120,2
31138,20251211,2
30912,20250919,2
12714,20251027,2
31335,20251105,2
36205,20250723,1
31750,20250921,1
32228,20250905,1
31526,20260102,2
32120,20251013,1
31346,20251211,2
32271,20251020,1
31629,20251221,2
31335,20251123,2
18632,20251108,1
31414,20250918,2
31041,20251123,2
30891,20251222,2
31009,20250926,2
30900,20250916,2
30965,20251228,2
31626,20251202,2
31751,20250719,1
31105,20251123,2
32334,20250809,1
31732,20250811,1
30904,20251116,2
18686,20251126,1
30969,20251101,2
30902,20251217,2
31806,20251105,1
31101,20260103,2
30918,20251101,2
30980,20251128,2
30925,20251028,2
30933,20250721,2
30894,20251114,2
31038,20250729,2
31750,20251125,1
31007,20251229,2
31099,20251122,2
31000,20251030,2
30963,20251218,2
28134,20250721,2
31615,20251228,2
30984,20251002,2
18686,20250819,1
36342,20250813,2
31806,20251117,1
31608,20251221,2
31389,20251106,2
31033,20250806,2
31061,20251101,2
32222,20251204,1
30886,20251207,2
30927,20250927,2
18570,20250808,1
30987,20260105,2
30888,20250808,2
30900,20250818,2
32090,20250730,1
286,20251226,2
31267,20250927,2
30898,20250902,2
31626,20251023,2
31322,20251209,2
30916,20250903,2
32293,20250901,1
31832,20250816,1
31615,20250919,2
31824,20250728,1
31050,20251204,2
31820,20250908,1
30905,20250908,2
31014,20251103,2
31086,20251027,2
35075,20250814,2
12714,20251201,2
31333,20260103,2
30922,20251216,2
30929,20251012,2
31751,20251124,1
31270,20251121,2
30901,20250831,2
31006,20251009,2
32266,20250719,1
34842,20251028,2
32293,20251109,1
30902,20250930,2
31628,20251030,2
30866,20250820,2
31841,20251215,1
18576,20250721,1
31037,20250731,2
30922,20250815,2
31083,20251128,2
32293,20250902,1
30964,20251227,2
31847,20251018,1
31266,20260104,2
31001,20251201,2
30952,20251028,2
31089,20250903,2
32226,20250810,1
30912,20250914,2
30984,20251215,2
32325,20251104,1
31101,20250905,2
31054,20260105,2
31826,20250805,1
30898,20250904,2
1171,20260101,2
18688,20251021,1
30915,20251024,2
30891,20251101,2
34902,20251130,2
31389,20260105,2
31904,20250724,1
31105,20260107,2
268,20250717,2
18575,20251024,1
34843,20250912,2
32317,20250821,1
31904,20250728,1
35511,20251223,2
31608,20251029,2
30933,20250730,2
31926,20251019,1
31001,20251123,2
31102,20260108,2
31805,20251128,1
31008,20251022,2
31266,20251102,2
32140,20250812,1
32217,20251103,1
31532,20251216,2
32139,20250916,1
31932,20251128,1
32336,20250818,1
30932,20250806,2
31270,20251211,2
31981,20250913,1
31904,20250716,1
32275,20251203,1
31857,20250901,1
30993,20250808,2
31138,20251103,2
31090,20260110,2
30925,20251204,2
18569,20250911,1
30928,20251118,2
31018,20251017,2
30927,20250806,2
30903,20250816,2
31006,20250930,2
31813,20250906,1
31750,20250815,1
31009,20251103,2
18575,20251201,1
18592,20251029,1
32065,20251026,1
31855,20250731,1
31776,20251022,1
32319,20250813,1
30857,20250815,2
31002,20250811,2
32325,20250729,1
31253,20251210,2
30912,20251113,2
18576,20251220,1
32323,20251027,1
30971,20251101,2
35642,20250728,1
31904,20250725,1
31981,20251103,1
30898,20250807,2
31618,20250904,2
867,20260403,2
31683,20251113,1
32139,20251020,1
18686,20251024,1
18569,20250731,1
12637,20251218,2
31040,20250816,2
269,20250910,1
32485,20250717,1
32457,20251203,1
31089,20250822,2
32485,20251125,1
32334,20250902,1
35003,20251028,2
32027,20251119,1
30886,20251114,2
31877,20251027,1
31105,20250921,2
30887,20250806,2
31050,20250919,2
30922,20251207,2
31041,20251202,2
31006,20251226,2
30922,20250804,2
30903,20250930,2
30910,20251030,2
31050,20251112,2
35511,20251003,2
269,20250715,1
31007,20251226,2
30912,20251205,2
32336,20251211,1
30995,20251215,2
31887,20251107,1
31618,20251019,2
31621,20250907,2
30951,20251108,2
35089,20251116,2
32401,20250822,1
31079,20250929,2
264,20251224,2
31615,20250810,2
30923,20250720,2
30894,20251031,2
31630,20251203,2
31061,20251129,2
31008,20250816,2
31267,20251108,2
30932,20251215,2
30897,20250721,2
30858,20250831,2
30897,20251216,2
31526,20251130,2
31008,20251104,2
30896,20251003,2
30969,20251108,2
30901,20251121,2
35089,20251130,2
32275,20250923,1
30883,20251208,2
30937,20250820,2
31050,20251220,2
30997,20251204,2
35075,20251208,2
30901,20250921,2
30916,20251215,2
31623,20260104,2
30922,20260104,2
31138,20251006,2
31626,20251005,2
21855,20251001,1
18687,20250920,1
30894,20251212,2
31887,20251003,1
31926,20251024,1
30993,20250804,2
31841,20250804,1
32273,20250914,1
31754,20250803,1
18572,20251005,1
32277,20250811,1
32120,20251115,1
30984,20251120,2
18688,20251214,1
31050,20250904,2
31623,20251222,2
36207,20250825,2
30890,20251116,2
30951,20250809,2
12662,20251226,2
30981,20260106,2
18572,20250809,1
31887,20250812,1
30980,20251220,2
31061,20251219,2
30942,20250802,2
30929,20250912,2
18684,20250928,1
30929,20260103,2
31008,20251001,2
30997,20260106,2
31521,20251031,2
32317,20250803,1
31333,20251214,2
34842,20250822,2
30888,20250805,2
30927,20250812,2
31059,20260102,2
31035,20251227,2
18636,20251124,1
31007,20250904,2
30887,20251106,2
36283,20251216,2
31414,20250909,2
269,20250901,1
30912,20251004,2
27960,20251224,2
31774,20250930,1
30885,20250927,2
30987,20251218,2
31751,20251112,1
30969,20251103,2
32061,20251009,1
30925,20250825,2
31750,20250829,1
30897,20251113,2
30904,20251020,2
30964,20251104,2
30891,20251123,2
32120,20251122,1
32275,20251014,1
31968,20250824,1
18684,20251129,1
31686,20250928,1
32336,20251218,1
30898,20251123,2
31687,20251122,1
31335,20250813,2
30885,20251015,2
31082,20251119,2
31811,20250718,1
31772,20251002,1
31050,20250822,2
31698,20250927,1
30908,20251222,2
30952,20251126,2
30886,20251122,2
269,20251008,1
30985,20251115,2
31270,20251122,2
31081,20251101,2
31806,20250818,1
32228,20251121,1
21915,20251006,2
31628,20260106,2
31089,20251022,2
31532,20251128,2
32090,20250813,1
32061,20250924,1
31006,20251219,2
30891,20251211,2
18684,20250921,1
18572,20250816,1
31683,20250806,1
30898,20251219,2
30947,20250821,2
30910,20251018,2
31629,20251116,2
30979,20251027,2
31842,20250913,1
30938,20251107,2
31805,20251130,1
30902,20251014,2
31054,20251003,2
30923,20250922,2
30934,20251228,2
31847,20251019,1
32317,20250911,1
31014,20251210,2
31007,20250916,2
30992,20250829,2
31844,20250912,1
30974,20260107,2
30964,20251102,2
31842,20251219,1
31629,20260101,2
32164,20251021,1
31096,20251129,2
18576,20251109,1
30985,20251104,2
31385,20251025,2
31952,20251101,1
31090,20250820,2
31785,20250809,1
30885,20251231,2
30903,20251208,2
31876,20251103,1
30863,20250816,2
18603,20251213,1
32273,20251213,1
31842,20250906,1
34843,20251027,1
30929,20251108,2
31876,20250721,1
31615,20250902,2
31926,20250801,1
14802,20251017,1
31090,20250808,2
31824,20250829,1
30970,20251224,2
31054,20250802,2
31041,20250929,2
31105,20251128,2
18659,20251115,1
30927,20251221,2
30986,20251012,2
31009,20250917,2
32256,20250827,1
31629,20251023,2
31932,20251110,1
35089,20251106,2
30885,20251212,2
30910,20251031,2
30903,20251001,2
32225,20251007,1
32273,20251219,1
31266,20251214,2
12714,20251210,2
30905,20251016,2
21915,20250922,2
30888,20260110,2
31628,20251206,2
35075,20251215,2
31696,20251213,1
31267,20250827,2
30900,20251125,2
31082,20260104,2
31806,20251025,1
31023,20251209,2
30951,20251021,2
30993,20250830,2
32166,20251206,1
32164,20250820,1
31010,20251103,2
31252,20251220,2
31981,20251117,1
30898,20250831,2
30937,20251225,2
30885,20251028,2
30927,20251004,2
30921,20251130,2
35089,20251027,2
18684,20251122,1
31626,20251019,2
30993,20251027,2
32090,20251004,1
30964,20250730,2
18569,20250923,1
30925,20251103,2
31968,20251216,1
32485,20251209,1
18636,20250731,1
31005,20251104,2
30992,20260105,2
14785,20250818,2
30907,20250819,2
30998,20250924,2
32457,20251201,1
30904,20250816,2
30897,20260110,2
31926,20250818,1
31018,20251031,2
30912,20250920,2
31078,20251026,2
30922,20250910,2
31005,20251206,2
18573,20251027,1
31039,20250820,2
21915,20251113,2
32326,20250715,1
31089,20251002,2
30914,20251125,2
30964,20250929,2
35511,20251107,2
31006,20250904,2
31532,20251103,2
30907,20251105,2
31626,20251130,2
18688,20250731,1
30946,20250901,2
31054,20250810,2
30980,20251219,2
31059,20260103,2
30909,20260105,2
31628,20251122,2
32256,20251126,1
12640,20251104,1
30998,20251211,2
31086,20251109,2
30988,20251231,2
32064,20250901,1
31945,20250808,1
31754,20250928,1
30992,20251127,2
34842,20250820,2
287,20250715,1
35003,20250807,2
31267,20250928,2
30932,20260101,2
30901,20250810,2
30987,20260104,2
32027,20250901,1
30943,20250827,2
30886,20260110,2
31010,20251019,2
35511,20251021,2
32271,20250727,1
30994,20251117,2
18670,20250729,1
31083,20251122,2
31078,20250926,2
30929,20250801,2
268,20251003,2
31860,20250902,1
31269,20251214,2
31979,20250923,1
30984,20251219,2
18636,20251118,1
32140,20250914,1
32218,20251004,1
31335,20251117,2
30894,20260107,2
30904,20250913,2
30985,20251117,2
30897,20250809,2
31842,20251024,1
32209,20250926,1
30891,20251219,2
31968,20251021,1
31018,20251002,2
32090,20250816,1
30985,20260107,2
31061,20251028,2
31826,20250909,1
31008,20260105,2
32277,20251206,1
31081,20251014,2
32065,20251127,1
21855,20251105,1
32317,20250806,1
30952,20251222,2
18687,20250902,1
12714,20250826,2
32271,20250818,1
18604,20250831,1
31001,20251212,2
30946,20250811,2
32214,20250809,1
31979,20251018,1
27959,20251208,1
31414,20260110,2
32208,20250929,1
31099,20251004,2
32140,20250801,1
31628,20251230,2
14802,20251212,1
31521,20260104,2
34843,20251113,2
18632,20250913,1
31385,20251231,2
32065,20251103,1
31621,20251208,2
31774,20251206,1
21915,20250909,2
32090,20251215,1
32323,20251118,1
31063,20251115,2
31086,20251113,2
32164,20251014,1
31273,20260108,2
30973,20251226,2
31754,20250809,1
18688,20250819,1
31855,20250724,1
27960,20250930,1
30987,20251226,2
31001,20251106,2
30982,20251107,2
35089,20251010,2
32317,20251013,1
31414,20250907,2
31018,20251024,2
30901,20251021,2
30946,20250803,2
32282,20250926,1
30952,20250930,2
32325,20250818,1
28134,20251226,2
30891,20250913,2
31805,20251019,1
31842,20251027,1
31006,20250916,2
31816,20250823,1
31807,20251128,1
30920,20251129,2
30994,20260110,2
30949,20250725,2
30891,20250824,2
31981,20251129,1
30866,20250805,2
30907,20251220,2
31054,20251224,2
32226,20251221,1
31806,20251102,1
30885,20251105,2
30886,20250818,2
14785,20250812,2
18576,20250903,1
31887,20251209,1
31138,20251111,2
18573,20251128,1
18576,20251006,1
31061,20251003,2
31253,20260110,2
30963,20251130,2
31061,20251203,2
18604,20250914,1
31006,20251016,2
30925,20251001,2
32712,20250904,1
31271,20260109,2
31041,20251108,2
30902,20251226,2
31138,20251026,2
34887,20250815,2
30900,20260109,2
30986,20251117,2
14784,20250912,2
32066,20251104,1
35075,20250818,2
30898,20260103,2
30894,20251213,2
31388,20260108,2
31086,20251212,2
30897,20251111,2
31968,20251103,1
31933,20250924,1
31267,20251229,2
31751,20250830,1
30989,20260107,2
32066,20250926,1
31979,20251219,1
32284,20251008,1
31686,20251013,1
18603,20251102,1
30934,20251214,2
18592,20250923,1
35075,20250806,2
32282,20251201,1
1186,20250828,1
31968,20251023,1
31621,20251008,2
32315,20250801,1
36205,20250827,1
31101,20250823,2
18688,20251015,1
31968,20251109,1
30888,20250929,2
31629,20260106,2
28134,20251031,2
35075,20250726,2
31776,20250729,1
18636,20250729,1
30887,20251021,2
31807,20251031,1
12916,20251226,2
30898,20251217,2
31686,20250818,1
35089,20251126,2
31008,20250820,2
30947,20250806,2
35639,20250825,2
31623,20251201,2
31006,20251205,2
31926,20250824,1
31008,20251221,2
31840,20250818,1
32140,20250921,1
31138,20250820,2
31933,20250717,1
21915,20250915,2
30899,20260107,2
34887,20250804,2
30925,20251223,2
31270,20251218,2
30857,20250806,2
31621,20260107,2
30890,20251112,2
31054,20251027,2
35089,20251205,2
32318,20250721,1
31687,20251107,1
30992,20251016,2
31271,20251113,2
30934,20251107,2
30916,20250824,2
32293,20251218,1
31096,20251027,2
30986,20251225,2
31018,20250911,2
31081,20250824,2
30898,20251117,2
30980,20251109,2
268,20251119,2
30927,20251113,2
32218,20251019,1
31274,20250918,2
30929,20251124,2
30994,20251129,2
30918,20250914,2
30933,20251016,2
31014,20251129,2
34890,20250804,2
30964,20251206,2
31082,20251227,2
31052,20251203,2
31871,20250823,1
18573,20251103,1
30994,20260107,2
31871,20251116,1
31414,20251017,2
31933,20251216,1
35075,20250727,2
32027,20251002,1
31629,20251030,2
31079,20251225,2
30951,20250823,2
30889,20250915,2
32188,20250726,1
32275,20251106,1
31002,20251013,2
30896,20250812,2
30980,20251121,2
31037,20250804,2
30937,20251121,2
30922,20250814,2
31005,20251216,2
31385,20251206,2
32061,20251013,1
31000,20251031,2
30888,20250824,2
31274,20260109,2
31981,20251031,1
5148,20250721,2
31061,20251119,2
18576,20250922,1
1170,20251010,1
30916,20251203,2
35075,20251019,2
30993,20251203,2
32027,20251023,1
30992,20251026,2
35639,20250730,1
31083,20260105,2
31267,20251110,2
31628,20251107,2
18575,20251025,1
31389,20251130,2
31081,20251205,2
30994,20251104,2
31267,20250903,2
31017,20250802,2
18570,20251117,1
31871,20251012,1
30864,20250812,2
21915,20251208,2
31414,20250827,2
31615,20260109,2
30923,20250907,2
30886,20251005,2
18576,20250730,1
31608,20260106,2
30898,20250905,2
30936,20251207,2
31105,20251031,2
31807,20250718,1
35089,20250725,2
30983,20251207,2
30886,20251214,2
32317,20250726,1
30987,20251223,2
31090,20251221,2
31608,20251102,2
31806,20250725,1
4383,20260403,1
32287,20251115,1
31041,20251205,2
31054,20250930,2
30963,20251215,2
31776,20251006,1
12714,20250815,2
31826,20250814,1
32212,20250901,1
30891,20251001,2
32457,20251007,1
32217,20251208,1
31832,20250823,1
32066,20250819,1
31054,20251023,2
31981,20251119,1
18570,20251004,1
31006,20250817,2
31096,20251204,2
31870,20250721,1
32090,20250729,1
31979,20251202,1
31059,20251203,2
32120,20251027,1
30889,20250803,2
31751,20251117,1
31086,20251014,2
31008,20250901,2
30942,20250816,2
31105,20260109,2
31090,20251107,2
32317,20250724,1
31038,20250723,2
31009,20250914,2
30888,20251213,2
32225,20251023,1
18688,20251212,1
31688,20251006,1
30891,20251004,2
31618,20251010,2
31683,20250925,1
32293,20251005,1
18602,20250905,1
31001,20250902,2
30964,20251027,2
31811,20250908,1
31078,20251208,2
31009,20251120,2
18575,20250919,1
18603,20250826,1
31526,20251202,2
30965,20251120,2
31008,20251016,2
31844,20251105,1
30896,20251021,2
30903,20251228,2
32325,20250825,1
31096,20250925,2
31805,20250811,1
31005,20251225,2
30902,20251230,2
32273,20251018,1
31610,20251229,2
31414,20250915,2
31346,20251029,2
31521,20251121,2
18687,20250910,1
30982,20251130,2
31774,20250729,1
31945,20251031,1
31629,20251026,2
31002,20250805,2
30982,20251113,2
32259,20250729,1
30903,20250806,2
31521,20251109,2
31105,20251212,2
31932,20250929,1
31089,20251015,2
30925,20251121,2
31772,20250820,1
31061,20250925,2
32066,20250910,1
32707,20250927,1
31005,20250806,2
35089,20250930,2
31521,20260109,2
30985,20251124,2
30896,20251123,2
30865,20250817,2
1186,20250730,1
32323,20250918,1
31887,20251205,1
32064,20251012,1
31855,20250729,1
34842,20250730,2
31099,20250815,2
30998,20250825,2
30937,20250908,2
30885,20251227,2
31268,20260105,2
35639,20251201,2
31926,20250808,1
32275,20251204,1
31754,20250921,1
31615,20251215,2
31807,20251021,1
32064,20250814,1
31414,20250901,2
30993,20251024,2
30929,20251017,2
32317,20251210,1
30894,20251030,2
31274,20250903,2
30964,20251019,2
31618,20251011,2
31082,20250803,2
32120,20250718,1
32212,20251005,1
30906,20260104,2
30992,20251105,2
30904,20251018,2
32188,20250830,1
30998,20250831,2
32066,20251202,1
30891,20251229,2
30907,20251111,2
31776,20251028,1
30986,20251116,2
18632,20250907,1
31628,20251218,2
30986,20251222,2
31929,20250822,1
30889,20251230,2
31532,20260103,2
30995,20260106,2
31805,20251028,1
31751,20250814,1
18575,20250801,1
32259,20250802,1
32271,20250927,1
30915,20250919,2
30916,20251001,2
30901,20250802,2
31063,20260108,2
14785,20250728,2
32401,20250812,1
30946,20250821,2
12714,20250823,2
30965,20251105,2
30925,20250907,2
30973,20251202,2
32287,20250928,1
31932,20251103,1
30927,20250831,2
30987,20251207,2
31271,20251028,2
18688,20251113,1
31063,20251129,2
31772,20250731,1
30908,20251105,2
31096,20250830,2
30970,20251221,2
30971,20251219,2
30904,20250729,2
30885,20251201,2
18670,20251215,1
30886,20250804,2
31859,20250912,1
30887,20251026,2
30916,20250902,2
31629,20251017,2
31007,20250923,2
30886,20250814,2
30952,20250816,2
30916,20251031,2
31621,20251129,2
31078,20250929,2
18659,20250910,1
30858,20250729,2
31105,20251208,2
32064,20250716,1
31807,20250904,1
30981,20251201,2
18659,20250730,1
30897,20260105,2
32316,20250726,1
30887,20250911,2
18569,20251030,1
30889,20250928,2
18687,20250828,1
30885,20251006,2
32287,20251025,1
30986,20251111,2
36737,20251130,2
30903,20250830,2
32090,20251123,1
31027,20250822,2
30904,20251114,2
18602,20251107,1
31015,20251226,2
32140,20250720,1
31777,20250810,1
31687,20250728,1
30885,20250923,2
30901,20251101,2
31871,20250811,1
30916,20251010,2
30901,20250920,2
32066,20251207,1
31274,20251007,2
30949,20250801,2
32234,20250812,1
35089,20251213,2
18576,20251115,1
18569,20251210,1
32065,20250813,1
18592,20250918,1
31086,20251227,2
34843,20250925,2
30995,20260104,2
30971,20251227,2
30998,20250930,2
31968,20250729,1
31267,20250915,2
31904,20251004,1
32326,20251015,1
31335,20251201,2
18686,20251216,1
31000,20260110,2
32140,20250820,1
31079,20251004,2
20,20251225,2
12714,20251007,2
31027,20250901,2
31844,20250917,1
31018,20251113,2
32334,20250911,1
31083,20250904,2
30887,20251222,2
30984,20251019,2
27961,20251231,2
269,20251024,1
30907,20250907,2
31099,20251022,2
30919,20260105,2
31054,20250915,2
31050,20251008,2
18602,20251112,1
18572,20251130,1
18659,20250724,1
31335,20251106,2
30963,20250715,2
30864,20250719,2
31063,20251121,2
32120,20251103,1
31855,20250826,1
30887,20251103,2
31751,20251215,1
30905,20250923,2
32336,20250904,1
31253,20251218,2
35571,20251203,2
31776,20250811,1
31687,20250818,1
30936,20251220,2
32061,20251202,1
18632,20251101,1
30984,20251221,2
31750,20251206,1
31081,20250909,2
31414,20250930,2
12640,20250917,1
32188,20251124,1
30998,20250810,2
31346,20251212,2
31626,20251222,2
30901,20251215,2
31009,20251121,2
31041,20251206,2
30937,20250823,2
268,20250903,2
18575,20251104,1
36345,20251107,2
31846,20250915,1
30984,20251125,2
31041,20251122,2
30998,20251210,2
31621,20250922,2
31002,20250906,2
30889,20251214,2
30937,20251229,2
31389,20251117,2
30981,20251120,2
11066,20250718,1
32271,20250913,1
30929,20250718,2
18684,20251207,1
30952,20251220,2
32317,20250817,1
31805,20251208,1
31968,20251111,1
30907,20251208,2
31626,20251208,2
268,20250923,2
12714,20251209,2
32293,20250812,1
31772,20251027,1
30979,20251212,2
30994,20251204,2
30899,20251224,2
31082,20251023,2
31267,20251211,2
30963,20260106,2
32317,20251127,1
12637,20251121,2
32336,20250717,1
31090,20251202,2
32401,20250717,1
31089,20251030,2
35571,20251111,2
31968,20250816,1
18604,20251108,1
14802,20250925,1
35075,20250808,2
30914,20251229,2
32326,20251117,1
45572,20250804,2
269,20251009,1
31138,20250806,2
31859,20251107,1
31266,20251103,2
32325,20250914,1
32457,20251111,1
31887,20250903,1
30979,20251121,2
31671,20251224,2
12640,20251126,1
30894,20251009,2
30910,20250920,2
31690,20251213,1
31816,20250816,1
32325,20251212,1
30933,20250921,2
30915,20251003,2
30932,20250928,2
30895,20260103,2
31105,20251101,2
31682,20251219,1
30891,20250818,2
31666,20260102,2
30942,20250809,2
30920,20250912,2
32208,20250915,1
31010,20251002,2
30899,20260105,2
31933,20251105,1
31932,20250811,1
18686,20250807,1
31019,20251225,2
32216,20250827,1
30904,20250910,2
30997,20251215,2
32485,20251107,1
31002,20260102,2
31101,20251111,2
30933,20251118,2
31009,20250911,2
35075,20251017,2
30918,20251105,2
31335,20250916,2
31691,20250815,1
31521,20251108,2
31018,20251004,2
31023,20260104,2
34979,20251030,1
21855,20250718,1
36284,20251218,2
30937,20250815,2
32090,20251122,1
268,20251205,2
30932,20250810,2
32066,20250921,1
20528,20250722,2
30900,20251208,2
31005,20251009,2
31691,20251114,1
30912,20251221,2
31777,20251004,1
31102,20251204,2
35075,20251031,2
32140,20251207,1
32139,20250725,1
30998,20251015,2
35003,20250811,2
36345,20251217,2
32325,20251112,1
32090,20250804,1
30900,20250803,2
31926,20251212,1
30918,20251114,2
32090,20250913,1
30862,20250805,2
30928,20251224,2
31079,20251028,2
31385,20251020,2
31805,20251031,1
31086,20250923,2
31846,20250809,1
30940,20250802,2
30998,20251230,2
32293,20250926,1
30894,20251206,2
31038,20250720,2
30898,20260105,2
30933,20250802,2
30886,20251108,2
30932,20250809,2
28641,20250825,1
31081,20251207,2
31840,20250728,1
32228,20250914,1
31038,20250727,2
31010,20251012,2
31082,20251114,2
31105,20251214,2
31006,20251103,2
32316,20251011,1
30899,20260102,2
31904,20251107,1
31806,20250803,1
31385,20251102,2
269,20251001,1
18569,20250716,1
32277,20250831,1
32482,20250803,1
1171,20250826,1
32209,20251212,1
32457,20250820,1
32318,20250802,1
21855,20260406,2
30885,20251215,2
30980,20260110,2
30910,20250817,2
31033,20250825,2
31630,20251225,2
32317,20250810,1
12637,20251204,2
32216,20251023,1
31050,20250728,2
30905,20251230,2
31054,20260101,2
32336,20251127,1
30934,20260105,2
30898,20251211,2
30964,20251217,2
36283,20251130,2
31389,20251105,2
32273,20250829,1
34917,20250815,2
30858,20250815,2
30993,20250807,2
30904,20251029,2
32256,20251125,1
30964,20251010,2
30900,20251127,2
31078,20250903,2
30918,20251223,2
30936,20251219,2
32065,20251130,1
36345,20251212,2
31056,20251226,2
31751,20250902,1
32287,20251129,1
31008,20251008,2
30887,20250830,2
31629,20251202,2
31090,20251223,2
31009,20251101,2
32212,20251215,1
30992,20250802,2
18657,20250731,1
31754,20251207,1
30929,20250910,2
30904,20251117,2
30889,20251229,2
31061,20251010,2
31521,20251114,2
31252,20251210,2
30916,20251028,2
32105,20250731,1
31054,20250905,2
31252,20260101,2
31807,20250813,1
268,20251210,2
30897,20251101,2
18686,20250922,1
31009,20260106,2
31887,20251211,1
18576,20250921,1
30886,20250808,2
32229,20250821,1
32287,20250726,1
30933,20251111,2
32216,20250715,1
31081,20251027,2
31774,20250909,1
30908,20251226,2
31054,20251205,2
31024,20260106,2
31007,20251025,2
31750,20251006,1
31628,20251216,2
30929,20250729,2
31061,20250731,2
18603,20251025,1
12916,20250717,1
31002,20251116,2
18569,20251218,1
31608,20260104,2
30883,20251121,2
30929,20251221,2
32188,20251214,1
31383,20251121,2
30896,20251113,2
31082,20250902,2
31274,20251229,2
30984,20251203,2
31630,20251111,2
31841,20251219,1
31952,20251206,1
31002,20250915,2
31860,20250730,1
36345,20251106,2
32066,20250813,1
30915,20251026,2
31267,20250816,2
34843,20251024,2
31105,20251006,2
30888,20260104,2
31050,20250914,2
30969,20251118,2
31099,20250829,2
30981,20251228,2
31751,20251029,1
30888,20250901,2
28134,20250715,2
31346,20260108,2
32259,20251220,1
31018,20251128,2
30912,20251105,2
31750,20250904,1
31270,20251231,2
32027,20251105,1
31138,20250809,2
31033,20250803,2
32287,20251212,1
31346,20260101,2
27961,20251106,1
31017,20250829,2
30963,20250913,2
30915,20260105,2
30925,20250924,2
35639,20250807,1
31887,20250916,1
31035,20251229,2
30994,20251223,2
31014,20251202,2
32064,20251122,1
30891,20251012,2
35089,20250831,2
32271,20251103,1
32217,20250728,1
31979,20250814,1
31101,20251004,2
31806,20251213,1
30897,20250819,2
31807,20251003,1
18575,20250728,1
79,20250825,2
32273,20251005,1
31078,20251230,2
31018,20251111,2
30993,20251214,2
31010,20251117,2
30901,20250924,2
32325,20251201,1
31008,20250812,2
30918,20251113,2
31035,20251210,2
18670,20251002,1
31751,20250922,1
31050,20250816,2
32325,20250923,1
30932,20251111,2
31385,20251222,2
30888,20251106,2
1170,20251208,1
31414,20251216,2
30931,20251120,2
30969,20260104,2
31335,20251110,2
32166,20250921,1
30927,20251127,2
31807,20250815,1
30951,20251020,2
32066,20251117,1
30998,20251118,2
21915,20251013,2
31932,20251114,1
30897,20251019,2
31751,20251208,1
30937,20250726,2
32222,20251021,1
31629,20251102,2
31078,20250918,2
31532,20260102,2
32273,20250803,1
32287,20251220,1
31002,20251130,2
31253,20251224,2
30997,20251202,2
32256,20251202,1
30907,20251205,2
18688,20250926,1
31099,20250917,2
30891,20250729,2
32287,20250908,1
31844,20251015,1
31081,20251125,2
30934,20260102,2
30884,20260101,2
35511,20251219,2
30898,20250828,2
32325,20250925,1
11066,20251107,1
342,20251224,2
32222,20250715,1
30986,20251218,2
30992,20250910,2
32027,20250820,1
30992,20250823,2
30887,20250915,2
31777,20251122,1
30891,20251026,2
31138,20251031,2
31621,20251221,2
3952,20251225,2
31059,20251231,2
30898,20250910,2
30994,20251220,2
30885,20251118,2
30927,20250805,2
32325,20251102,1
30915,20250818,2
32326,20251103,1
3814,20251224,2
31010,20260103,2
31615,20250822,2
32065,20251003,1
18630,20250815,1
31014,20251114,2
30923,20250910,2
30922,20251125,2
31015,20260103,2
32336,20250730,1
30993,20250718,2
30901,20260107,2
31083,20251005,2
30901,20260106,2
30897,20260106,2
31615,20250927,2
32256,20250804,1
4415,20260101,2
30951,20250929,2
32259,20251117,1
31385,20251001,2
35075,20251218,2
30901,20250913,2
30887,20251001,2
31083,20251228,2
31266,20251113,2
31754,20250802,1
32325,20251126,1
30929,20251225,2
31414,20251206,2
18575,20251118,1
18570,20250720,1
30923,20251224,2
12714,20250901,2
30933,20250812,2
31904,20250927,1
31805,20250912,1
31335,20251204,2
31101,20251103,2
30907,20251115,2
30946,20250822,2
14802,20251001,1
31335,20250827,2
32061,20250715,1
31267,20251202,2
31385,20251104,2
30985,20251105,2
30977,20260109,2
31267,20251224,2
21855,20251023,1
31079,20250910,2
31807,20251205,1
30887,20251115,2
21855,20251013,1
30896,20250819,2
30886,20251011,2
31846,20250830,1
31750,20251010,1
31526,20251121,2
30889,20251117,2
14802,20251024,1
31414,20250922,2
27961,20251016,1
30907,20251230,2
31099,20251216,2
31623,20251124,2
30992,20251206,2
31807,20251212,1
31968,20250906,1
31820,20250718,1
31687,20250905,1
30889,20250910,2
32228,20250922,1
32326,20250722,1
35571,20250722,2
31685,20251219,1
30971,20251127,2
30938,20260101,2
18657,20250909,1
32218,20250825,1
18688,20250725,1
30884,20251219,2
31824,20250912,1
269,20251121,1
31001,20251214,2
30884,20251217,2
32139,20251026,1
30902,20260106,2
30888,20251002,2
12640,20251208,1
30984,20251126,2
30951,20251223,2
31608,20251108,2
31335,20251129,2
32552,20250813,1
31630,20251025,2
30927,20250801,2
30923,20251112,2
18575,20250831,1
31629,20250912,2
31040,20250811,2
30976,20251104,2
32066,20251209,1
31274,20250922,2
31267,20251226,2
32027,20251216,1
27960,20250722,1
31086,20250804,2
18689,20251031,1
31772,20250919,1
18659,20251207,1
18575,20250906,1
32064,20251031,1
31621,20250926,2
18636,20250724,1
30995,20251229,2
35089,20250918,2
30981,20251009,2
31063,20251117,2
32396,20250810,1
14784,20251105,2
31090,20250731,2
30890,20251114,2
31050,20250804,2
31615,20251108,2
31807,20251103,1
32064,20251118,1
30916,20250815,2
31842,20251108,1
30937,20250814,2
30923,20250919,2
32166,20251221,1
30891,20250823,2
30903,20251023,2
30897,20250909,2
30981,20251014,2
18602,20251031,1
31083,20251103,2
31774,20251118,1
31855,20251202,1
31887,20250720,1
31824,20250811,1
30916,20251016,2
31691,20250718,1
32064,20250801,1
31772,20251015,1
32293,20251201,1
32228,20251129,1
31968,20251106,1
31817,20251029,1
31018,20251227,2
32090,20251105,1
31383,20251109,2
31855,20250717,1
30943,20250806,2
30860,20250812,2
31138,20250827,2
32323,20251214,1
31683,20250807,1
31017,20250817,2
28134,20251022,2
30952,20250901,2
31812,20250904,1
31018,20251001,2
31806,20250825,1
30912,20250904,2
30946,20250818,2
30886,20250912,2
18592,20250822,1
31414,20250717,2
32218,20251213,1
32323,20251001,1
32166,20250823,1
31335,20250925,2
31887,20250810,1
32287,20250901,1
31007,20260107,2
31774,20251012,1
31105,20251202,2
30923,20251106,2
31253,20251228,2
30891,20251204,2
32169,20250723,1
30963,20250813,2
31082,20251122,2
31813,20250811,1
32293,20251213,1
18657,20251104,1
30898,20250912,2
31078,20250828,2
30929,20260105,2
31252,20251209,2
28134,20251212,2
31805,20250820,1
30923,20251230,2
32273,20251109,1
30897,20251211,2
32105,20251107,1
30963,20251219,2
31615,20251017,2
31266,20251216,2
30905,20251104,2
36284,20250805,2
30943,20250816,2
30910,20251107,2
32482,20251221,1
30902,20251013,2
31629,20251110,2
31037,20250719,2
31002,20251107,2
287,20251231,2
32066,20251116,1
31871,20251205,1
18686,20251215,1
21855,20251215,1
32271,20251129,1
35089,20250908,2
32485,20251007,1
32271,20250914,1
18575,20250802,1
31686,20250816,1
30898,20251018,2
31105,20251003,2
18604,20250721,1
18636,20250909,1
31054,20250814,2
31054,20251020,2
30886,20250822,2
31105,20250923,2
30889,20260103,2
31904,20250808,1
31526,20251102,2
31038,20250801,2
32282,20250929,1
18576,20250825,1
30905,20251024,2
31037,20250820,2
12640,20251204,1
30965,20251102,2
32485,20251218,1
31333,20260102,2
31002,20251110,2
31086,20260109,2
31521,20251029,2
31842,20250801,1
32212,20251214,1
30867,20250820,2
31271,20251217,2
30938,20251119,2
1170,20251215,1
30918,20250922,2
31083,20251107,2
30889,20251009,2
31102,20251205,2
34917,20250826,2
30894,20251002,2
31623,20251107,2
31877,20251122,1
30916,20250908,2
30885,20251002,2
30866,20250828,2
30993,20260101,2
31526,20251205,2
31526,20251112,2
32228,20251114,1
30904,20250912,2
32293,20251116,1
31626,20251221,2
31039,20250829,2
32065,20251101,1
11066,20251128,1
30901,20250728,2
32065,20250908,1
18575,20251124,1
31002,20250908,2
30936,20250922,2
31630,20251103,2
31008,20251020,2
31618,20251212,2
18657,20250902,1
32164,20251209,1
28134,20251119,2
31871,20250718,1
45573,20251225,1
4383,20251224,2
18575,20250721,1
31050,20251011,2
31086,20251223,2
32164,20251204,1
31026,20250829,2
30963,20260103,2
18603,20250805,1
30981,20251108,2
32105,20250925,1
18572,20250914,1
30946,20250831,2
32266,20250726,1
31772,20250715,1
34976,20250822,1
30901,20250915,2
31102,20251219,2
30907,20250719,2
30910,20250929,2
30916,20251011,2
31805,20250715,1
18670,20250724,1
32066,20251106,1
31979,20250915,1
30970,20251213,2
30993,20250930,2
31267,20251008,2
30889,20251201,2
18684,20251026,1
30902,20251207,2
30934,20251226,2
31001,20251008,2
32259,20251108,1
31876,20250810,1
30899,20251205,2
32065,20251021,1
31050,20251117,2
31079,20251104,2
31904,20251119,1
31056,20260103,2
31414,20251007,2
31270,20251103,2
30885,20250805,2
30938,20251103,2
18688,20251116,1
30895,20260107,2
30916,20250923,2
31979,20250902,1
31083,20250911,2
31621,20251017,2
18576,20250718,1
32325,20250902,1
31805,20250907,1
31868,20251107,1
32066,20251007,1
30884,20251126,2
30901,20251219,2
30910,20250918,2
30883,20251008,2
31808,20250830,1
30898,20250720,2
30920,20251030,2
31063,20251205,2
269,20250904,1
31346,20250814,2
31081,20250917,2
35075,20250928,2
30858,20250726,2
32325,20251001,1
31099,20250813,2
30987,20251110,2
32287,20250808,1
31005,20251202,2
30964,20250925,2
18686,20251208,1
31613,20251221,2
30918,20251022,2
30918,20250814,2
32287,20250915,1
31846,20250721,1
18686,20250728,1
31035,20260107,2
12635,20260406,1
30974,20260105,2
31086,20250725,2
30886,20251009,2
31038,20250809,2
30915,20260102,2
30888,20251130,2
31615,20251015,2
31086,20251017,2
32326,20250826,1
31007,20250920,2
35075,20250721,2
30981,20251216,2
18687,20251002,1
30905,20251007,2
31007,20251206,2
30927,20251203,2
30929,20251028,2
21855,20251114,1
30901,20251029,2
30936,20250903,2
31876,20251005,1
30860,20250820,2
31389,20251129,2
31008,20260103,2
31054,20251102,2
30993,20251124,2
18636,20250923,1
30992,20250728,2
31086,20251231,2
32140,20250923,1
32259,20251123,1
31039,20250731,2
31346,20251014,2
30922,20250808,2
30964,20250717,2
31807,20250901,1
31086,20250926,2
31629,20251219,2
28134,20251203,2
31014,20251223,2
31346,20250930,2
31414,20251109,2
30903,20251225,2
30907,20250825,2
32273,20250913,1
31024,20260110,2
30904,20260110,2
18670,20250716,1
30888,20250813,2
31096,20251025,2
31855,20250902,1
31008,20251027,2
30887,20251220,2
30887,20250818,2
30912,20251129,2
31096,20251209,2
30925,20250821,2
31001,20250907,2
372,20251231,1
31005,20251101,2
31855,20251015,1
32061,20250926,1
31776,20250904,1
31806,20251111,1
30963,20251124,2
18575,20251207,1
32218,20250818,1
30886,20250917,2
30964,20260103,2
30885,20250812,2
30986,20251221,2
31346,20251017,2
31621,20251010,2
30993,20250817,2
31335,20250907,2
30902,20251122,2
30965,20251130,2
31090,20251022,2
30976,20251202,2
30927,20250905,2
30888,20251023,2
32140,20251105,1
31623,20251129,2
18688,20251208,1
31041,20260106,2
12640,20251009,1
30981,20251001,2
30886,20251203,2
30903,20250801,2
31979,20250916,1
18688,20250803,1
31267,20250815,2
30894,20250903,2
36342,20250820,2
32334,20251213,1
30889,20250807,2
31015,20251217,2
30903,20251112,2
31532,20251115,2
32212,20251213,1
31877,20250921,1
31002,20250912,2
30938,20251229,2
31751,20250919,1
31015,20251122,2
30885,20251020,2
32064,20251213,1
30902,20251011,2
31532,20251230,2
30936,20250907,2
31887,20250909,1
30998,20251125,2
32064,20251126,1
31887,20250830,1
31078,20251025,2
31805,20250824,1
32275,20251030,1
31628,20251214,2
18603,20251020,1
30984,20251005,2
21915,20250926,2
31630,20251222,2
31842,20250808,1
30937,20250721,2
30992,20250920,2
32275,20250903,1
31101,20250925,2
31981,20250821,1
30901,20260108,2
30965,20251025,2
31776,20250717,1
30889,20251120,2
18688,20251210,1
30969,20251211,2
31001,20251103,2
31847,20250921,1
30937,20251130,2
31005,20251002,2
35571,20250909,2
31027,20250816,2
31621,20250810,2
31926,20251101,1
30908,20251230,2
14784,20251201,2
30964,20250921,2
31696,20251220,1
31621,20250807,2
31009,20251025,2
32139,20250715,1
31017,20250811,2
30896,20251011,2
30992,20250806,2
31000,20251225,2
30885,20251113,2
30923,20250728,2
30973,20260103,2
30937,20251119,2
32293,20250921,1
34843,20250903,2
31083,20251030,2
32326,20251030,1
30888,20251219,2
31621,20251014,2
31274,20251128,2
31007,20251202,2
32061,20251119,1
30940,20250822,2
31869,20250823,1
31007,20251027,2
31615,20260108,2
30998,20251030,2
32326,20250910,1
27959,20250721,1
31904,20250825,1
32222,20251202,1
31041,20250902,2
32273,20250808,1
31807,20250923,1
32027,20250910,1
30904,20251111,2
32090,20250718,1
31061,20251014,2
18659,20250817,1
30969,20251230,2
31079,20250822,2
30902,20251201,2
31750,20250812,1
31096,20251101,2
32457,20250715,1
1218,20251231,2
30867,20250810,2
30921,20251027,2
30908,20251228,2
31933,20250911,1
32334,20251208,1
31855,20250917,1
32228,20250929,1
32325,20251025,1
3952,20250825,1
31089,20250830,2
30963,20251210,2
31683,20251009,1
31010,20251208,2
18592,20251120,1
32275,20250909,1
30951,20250824,2
30888,20251222,2
31871,20251010,1
31010,20260101,2
31687,20250817,1
12637,20251211,2
31820,20250725,1
36345,20251114,2
31929,20251010,1
31101,20251006,2
31083,20251027,2
30903,20250814,2
30971,20260102,2
31089,20250921,2
32275,20251022,1
12714,20250808,2
31754,20251220,1
30936,20251007,2
30858,20250719,2
31002,20251207,2
31904,20250909,1
30886,20250910,2
30963,20260110,2
31666,20251225,2
31092,20251231,2
30998,20250817,2
31041,20251005,2
31751,20250924,1
31007,20260101,2
31018,20250919,2
31776,20250814,1
12637,20250825,2
30964,20251022,2
31904,20250901,1
30929,20250817,2
32222,20250917,1
30987,20251102,2
31976,20250727,1
32216,20250909,1
31105,20250826,2
18688,20250830,1
31841,20251128,1
30903,20260102,2
31820,20250817,1
32485,20251115,1
31841,20251208,1
30943,20250808,2
3674,20251225,2
18659,20250723,1
30979,20260108,2
30920,20251028,2
30867,20250815,2
31008,20251006,2
31346,20250918,2
30885,20250919,2
31001,20250919,2
31926,20251208,1
30884,20260108,2
31976,20250716,1
32318,20250720,1
30985,20251213,2
30951,20251018,2
18592,20251021,1
32065,20250928,1
31010,20251029,2
31981,20250825,1
18684,20250906,1
30888,20251212,2
32217,20250804,1
32275,20251211,1
32325,20251122,1
31086,20251215,2
30952,20250905,2
12640,20251001,1
31270,20251223,2
30933,20251001,2
35571,20251027,2
31138,20251110,2
31857,20251221,1
31270,20251225,2
32334,20251101,1
1170,20251106,1
31105,20250817,2
30904,20251016,2
30932,20250917,2
31005,20260102,2
30903,20251106,2
30899,20260106,2
31346,20251025,2
31083,20260101,2
31842,20250928,1
30904,20250819,2
31876,20250727,1
31007,20251004,2
30912,20251208,2
31532,20260110,2
32164,20250917,1
30915,20250901,2
32090,20250927,1
30888,20250807,2
264,20260403,2
31086,20260108,2
31081,20250816,2
32212,20250913,1
32701,20250908,1
14784,20251001,2
30989,20251204,2
18575,20251008,1
31101,20250919,2
18572,20251026,1
1186,20250729,1
14164,20251224,1
30948,20250814,2
18670,20251201,1
30900,20251112,2
30922,20251201,2
30891,20251024,2
18570,20251012,1
14785,20250730,2
30906,20251120,2
30986,20251013,2
31061,20250815,2
31335,20251224,2
31102,20251225,2
32317,20250918,1
31082,20251013,2
31267,20251012,2
30903,20250920,2
32325,20251107,1
30923,20250914,2
31615,20250817,2
31021,20260108,2
32293,20251008,1
31623,20251227,2
34887,20250808,2
31776,20251112,1
30898,20251208,2
18576,20251119,1
32064,20250812,1
18688,20250924,1
18670,20251009,1
30898,20251119,2
30976,20251205,2
31061,20250825,2
31860,20250903,1
32317,20251109,1
30888,20251221,2
31081,20251107,2
32259,20251202,1
30923,20250731,2
31101,20251102,2
32061,20251207,1
31385,20260101,2
18684,20250809,1
30916,20251007,2
31016,20260104,2
32139,20250901,1
32485,20250823,1
32277,20251208,1
31698,20250921,1
45571,20251130,2
30943,20250820,2
31774,20250831,1
31010,20251016,2
30889,20250811,2
30923,20251211,2
30984,20251014,2
31018,20251231,2
30963,20251228,2
31023,20251224,2
30888,20251207,2
30894,20251013,2
31621,20251029,2
32065,20250829,1
35075,20250812,2
34976,20251031,1
31041,20251102,2
30903,20250809,2
31414,20251108,2
31871,20250825,1
31105,20251020,2
18657,20250818,1
32066,20251023,1
30963,20251223,2
30928,20260102,2
18603,20250823,1
31846,20251130,1
31868,20250926,1
31857,20250727,1
18659,20250909,1
31050,20250825,2
32120,20250906,1
31271,20260108,2
35511,20251010,2
30888,20251017,2
34843,20251218,2
18636,20251001,1
32140,20251117,1
32105,20250828,1
32323,20251205,1
32140,20250808,1
31014,20251124,2
31385,20251012,2
31750,20250927,1
30952,20251224,2
31274,20260105,2
31099,20251015,2
32323,20251210,1
30890,20251211,2
31629,20251021,2
18572,20250921,1
30963,20250716,2
31979,20250811,1
31009,20251204,2
30916,20251102,2
31050,20251119,2
3680,20251226,2
30913,20260104,2
30916,20250718,2
30922,20251129,2
30923,20251007,2
32066,20250928,1
32259,20250921,1
32120,20250829,1
1170,20260101,2
31806,20251202,1
31078,20250930,2
30996,20260108,2
32256,20250922,1
35571,20250926,2
31774,20250923,1
18636,20251107,1
31887,20250827,1
32325,20251202,1
31099,20251228,2
30981,20251112,2
30895,20260101,2
11066,20250905,1
30925,20250922,2
31018,20260103,2
30898,20260109,2
31618,20251111,2
31855,20251002,1
32256,20251015,1
31628,20251128,2
31019,20251203,2
32061,20251206,1
30912,20250910,2
32140,20250913,1
31346,20251205,2
32485,20251004,1
32139,20250728,1
31774,20250827,1
30883,20251214,2
268,20260406,2
268,20250930,2
31138,20251005,2
14784,20251205,2
31086,20251003,2
31002,20251102,2
30946,20250814,2
32326,20250820,1
30952,20251021,2
31981,20250921,1
30931,20260101,2
30980,20260109,2
18576,20251027,1
32325,20250727,1
31629,20251105,2
1186,20250808,1
32212,20251103,1
30943,20250810,2
31063,20251102,2
32271,20251206,1
31933,20250813,1
1172,20260406,2
30997,20260103,2
31981,20250929,1
32316,20251213,1
30859,20250830,2
32061,20251028,1
32061,20251003,1
30896,20251206,2
32218,20251212,1
30886,20250827,2
31086,20251224,2
30983,20260106,2
32325,20250829,1
30942,20250820,2
5148,20250718,2
31006,20250815,2
1170,20251021,1
35511,20251205,2
30980,20251221,2
31751,20251027,1
30922,20250907,2
31018,20251210,2
30926,20251029,2
31006,20260102,2
31243,20251217,2
3952,20260406,2
32334,20251111,1
32140,20251011,1
30981,20251027,2
30923,20251107,2
30905,20260102,2
32273,20250908,1
31102,20260102,2
31615,20251023,2
31001,20260109,2
31846,20250825,1
31059,20260110,2
30933,20251023,2
31008,20251205,2
31063,20251113,2
30902,20251105,2
18575,20250828,1
30915,20251124,2
31248,20260106,2
31688,20250718,1
30901,20251231,2
30907,20251113,2
31750,20250820,1
30922,20251121,2
31033,20250824,2
30860,20250811,2
12714,20251216,2
18570,20251107,1
30883,20251115,2
18687,20251201,1
32334,20250821,1
30932,20251202,2
32293,20250721,1
31274,20260102,2
31868,20250905,1
18572,20251019,1
31008,20250806,2
31138,20251223,2
31750,20251201,1
32061,20251021,1
30887,20251017,2
10038,20251226,2
31750,20251004,1
30886,20251230,2
30904,20250926,2
30951,20250818,2
30976,20251110,2
31981,20251202,1
32325,20251023,1
30997,20251212,2
30926,20250909,2
31061,20260110,2
30929,20251220,2
30984,20251211,2
18575,20250722,1
30891,20250803,2
268,20251107,2
31007,20251213,2
5256,20260406,1
30918,20250830,2
30993,20260108,2
31751,20250901,1
31808,20251220,1
30920,20251114,2
30943,20250803,2
45573,20251231,2
269,20250919,1
31008,20250721,2
30964,20251115,2
31090,20251024,2
30883,20251018,2
31096,20250805,2
30912,20251227,2
31038,20250718,2
31811,20250915,1
27959,20251013,1
31926,20250721,1
30902,20251214,2
30885,20250913,2
31096,20251126,2
31842,20250914,1
18576,20250925,1
30902,20251211,2
30897,20250808,2
31808,20251102,1
31968,20251120,1
31385,20251024,2
18573,20250804,1
30985,20251229,2
30976,20251111,2
31040,20250803,2
31615,20251115,2
36345,20250804,1
30904,20251123,2
12714,20251004,2
31820,20250901,1
32225,20251112,1
32293,20251112,1
30922,20251031,2
31039,20250816,2
18592,20250814,1
30923,20250722,2
31089,20251008,2
32066,20250724,1
31089,20250925,2
32066,20250828,1
31618,20251201,2
18570,20251005,1
30951,20250814,2
30983,20251224,2
31805,20250729,1
30927,20251027,2
31389,20251124,2
31138,20251008,2
30910,20251207,2
31083,20251224,2
30886,20251006,2
31904,20251003,1
21915,20250924,2
30891,20251227,2
30885,20250808,2
35250,20250825,1
31526,20251227,2
31018,20250916,2
31079,20251217,2
31618,20260108,2
31037,20250806,2
31621,20251101,2
30925,20251011,2
30884,20251201,2
30976,20251115,2
31052,20251204,2
31105,20251222,2
30899,20251206,2
30947,20250814,2
30887,20251202,2
30901,20250827,2
31842,20250802,1
31089,20250808,2
32140,20250917,1
30891,20250908,2
31933,20251029,1
14784,20250716,2
32293,20250910,1
32485,20250805,1
31050,20250806,2
32222,20250828,1
30936,20250913,2
18687,20250724,1
268,20251016,2
31105,20251025,2
32317,20250920,1
30867,20250717,2
31096,20250822,2
1171,20251224,2
31876,20251026,1
30887,20250802,2
31041,20250925,2
31857,20250719,1
31086,20250828,2
18602,20250829,1
31807,20251201,1
31086,20251028,2
32259,20251020,1
32326,20251021,1
30921,20251212,2
30936,20250916,2
30947,20250805,2
18686,20250924,1
30918,20251203,2
31046,20251209,2
31750,20251126,1
31933,20250903,1
32704,20250826,1
31243,20260106,2
1172,20250825,2
32090,20251207,1
31002,20250808,2
32090,20251212,1
32120,20250727,1
30992,20260107,2
18604,20250816,1
31979,20250812,1
32334,20251007,1
867,20251231,2
31629,20251018,2
30914,20251220,2
31005,20250804,2
30891,20251006,2
30949,20250823,2
30886,20251027,2
31105,20250729,2
31105,20251027,2
31086,20260101,2
32318,20250810,1
31096,20250803,2
30891,20251210,2
31274,20251111,2
31008,20250916,2
31887,20251106,1
30994,20251130,2
31079,20251214,2
31010,20251127,2
31904,20251114,1
30900,20250827,2
30934,20251209,2
31099,20250817,2
36205,20251028,1
288,20250825,2
30912,20250924,2
30886,20251017,2
30971,20260101,2
31926,20250816,1
30937,20251226,2
867,20260101,2
35075,20250728,2
18688,20250906,1
31078,20251120,2
32164,20250827,1
31086,20251228,2
31807,20251105,1
31877,20251005,1
32164,20251106,1
31001,20251126,2
31015,20251212,2
32140,20250722,1
30984,20251201,2
31933,20250902,1
1173,20250825,2
30947,20250804,2
14802,20250722,1
31412,20251202,2
30896,20250820,2
31817,20251030,1
18636,20251111,1
30916,20251214,2
269,20251119,1
30896,20260103,2
35639,20250820,1
30923,20250818,2
31274,20251125,2
31005,20250828,2
30951,20251207,2
31832,20250808,1
30912,20251106,2
32027,20251014,1
27962,20260101,2
11726,20251226,2
30951,20250721,2
30920,20251102,2
1186,20250818,1
31335,20250808,2
31009,20251011,2
32225,20251104,1
31050,20251006,2
31981,20251108,1
31532,20251227,2
31081,20250806,2
32064,20250920,1
32139,20251015,1
30980,20251224,2
32139,20250724,1
30921,20251103,2
31086,20251130,2
32188,20250908,1
31099,20251223,2
31081,20250821,2
31335,20250801,2
30965,20251215,2
30915,20251016,2
31521,20251128,2
30860,20250824,2
30951,20250910,2
18605,20251107,1
32064,20251001,1
31033,20250823,2
30926,20251112,2
31078,20250816,2
32164,20250828,1
31006,20251010,2
18575,20250807,1
30902,20251004,2
32325,20250908,1
36345,20250912,2
31101,20260109,2
31002,20251126,2
31871,20251024,1
32336,20251022,1
30922,20251219,2
30889,20251220,2
30926,20250907,2
30928,20251231,2
32271,20250922,1
32317,20251007,1
18657,20251020,1
30964,20250822,2
31099,20251020,2
31979,20250823,1
30910,20251022,2
30929,20251127,2
30963,20250722,2
35511,20251218,2
32293,20251113,1
31630,20251016,2
30898,20251104,2
287,20250718,1
34979,20250820,1
35089,20251206,2
31628,20251229,2
31101,20251110,2
32259,20250810,1
32140,20251205,1
18605,20251003,1
32282,20250822,1
32334,20251113,1
31035,20251226,2
31521,20251130,2
18632,20250914,1
30904,20251012,2
31750,20251022,1
31981,20251008,1
31904,20251030,1
31686,20251108,1
31090,20251224,2
31385,20251106,2
31266,20251121,2
31860,20251016,1
12637,20250904,2
31252,20251229,2
1186,20250811,1
31926,20251114,1
35511,20250918,2
31812,20250828,1
30910,20250829,2
30986,20251021,2
30905,20251225,2
14802,20250717,1
31526,20251119,2
31805,20251206,1
30907,20251017,2
31779,20251114,1
31082,20251102,2
31608,20251205,2
31061,20251109,2
18686,20250929,1
30865,20250806,2
30912,20251031,2
31083,20251008,2
30916,20250802,2
31007,20251017,2
31532,20251120,2
31414,20251114,2
30925,20251111,2
30867,20250816,2
21915,20251224,2
31001,20250927,2
31521,20251103,2
30918,20250823,2
31082,20250828,2
30891,20251207,2
30973,20251208,2
31666,20251224,2
31081,20250822,2
1170,20250901,1
31018,20250912,2
32273,20250907,1
31035,20251219,2
18636,20251009,1
18576,20250826,1
30995,20251212,2
31904,20251103,1
32293,20250906,1
34897,20250825,2
18570,20250915,1
31933,20251111,1
32218,20250802,1
31623,20260109,2
31389,20260107,2
30885,20250914,2
30918,20250828,2
18592,20250905,1
31099,20250905,2
30979,20251223,2
31270,20251119,2
32222,20251022,1
30915,20250820,2
32284,20250806,1
11066,20250825,2
30965,20250903,2
30983,20251202,2
31871,20250920,1
30963,20250815,2
35089,20250923,2
27961,20260403,2
18575,20250903,1
31618,20251126,2
32293,20250723,1
35487,20250825,2
12640,20251106,1
32065,20251113,1
31776,20250730,1
32216,20250917,1
30907,20251223,2
31271,20251120,2
31671,20260101,2
31968,20251025,1
31414,20251002,2
30992,20251103,2
32164,20251007,1
30927,20250822,2
30907,20251004,2
30914,20260104,2
35511,20251121,2
32064,20251216,1
31089,20250802,2
31061,20251214,2
31629,20251201,2
32066,20251012,1
18686,20250813,1
31081,20260104,2
30952,20251022,2
32139,20250919,1
18604,20250915,1
30918,20251009,2
30891,20250724,2
31868,20250815,1
31621,20251206,2
31687,20250815,1
32216,20251209,1
32139,20251023,1
31078,20250911,2
35089,20251122,2
32277,20251110,1
31772,20250718,1
18576,20251009,1
31346,20250809,2
30951,20251230,2
32218,20250905,1
31785,20250824,1
31521,20251124,2
31855,20251021,1
31079,20251219,2
31086,20251225,2
30883,20251031,2
18575,20250731,1
18570,20251220,1
31082,20250904,2
30937,20250723,2
30981,20251118,2
30890,20251106,2
30947,20250827,2
31859,20251010,1
30897,20250817,2
32090,20251015,1
31871,20250721,1
30891,20251028,2
30894,20251120,2
31526,20251212,2
32401,20250806,1
30920,20251006,2
12714,20250907,2
32287,20251207,1
30904,20251215,2
31007,20251021,2
31629,20251228,2
30920,20251007,2
32284,20251015,1
34890,20250728,2
31096,20251023,2
32061,20251106,1
30952,20250917,2
14802,20251126,1
31623,20260108,2
31876,20250831,1
30976,20251102,2
31776,20251104,1
31001,20250920,2
32273,20251114,1
30902,20251007,2
32334,20251023,1
31346,20250922,2
31630,20251026,2
31610,20260108,2
30995,20251222,2
31018,20251018,2
31608,20251229,2
32212,20251201,1
31040,20250831,2
31102,20251227,2
31083,20251024,2
32140,20250903,1
31772,20251124,1
31688,20250908,1
31968,20250812,1
31256,20260108,2
30910,20250824,2
31981,20251113,1
30933,20251202,2
31968,20251101,1
27960,20251225,2
30933,20250805,2
31006,20251007,2
31086,20250726,2
21915,20251105,2
30913,20260101,2
30974,20260101,2
32139,20251105,1
30897,20251227,2
31007,20251216,2
32064,20251129,1
30901,20251005,2
34976,20250815,1
30922,20260105,2
18630,20250919,1
31842,20251221,1
31621,20250914,2
18657,20251113,1
31615,20250904,2
31532,20251106,2
18569,20251216,1
18659,20250911,1
30952,20251121,2
32226,20251005,1
31333,20251209,2
31979,20250906,1
12637,20251210,2
30952,20251005,2
30898,20250928,2
30926,20251113,2
31844,20251106,1
12637,20251223,2
31002,20251117,2
31774,20250901,1
18602,20250814,1
30963,20251016,2
30933,20250719,2
31041,20250914,2
32120,20251006,1
31630,20251125,2
31952,20251214,1
30901,20250806,2
30932,20251117,2
32061,20250805,1
31335,20250811,2
17484,20251231,2
30947,20250830,2
18670,20250918,1
30916,20250807,2
31805,20250930,1
31008,20250718,2
30918,20251211,2
31414,20250806,2
32321,20251116,1
30964,20250831,2
36202,20250829,1
14126,20260101,1
31059,20251031,2
31083,20251101,2
31774,20251123,1
31526,20251213,2
31322,20260103,2
31860,20250820,1
30978,20260101,2
31933,20250821,1
31002,20250907,2
31904,20250905,1
18670,20251124,1
31389,20251203,2
30889,20251203,2
30894,20251223,2
31006,20251212,2
31018,20251006,2
32140,20251115,1
31629,20260107,2
30926,20251018,2
1171,20250822,1
31979,20250927,1
31061,20250819,2
31813,20250719,1
30863,20250729,2
35571,20251211,2
31083,20250930,2
32139,20251206,1
30925,20250809,2
31521,20251227,2
31079,20251223,2
12714,20250804,2
32325,20251118,1
30992,20250929,2
31383,20251212,2
31933,20251009,1
30976,20251124,2
30985,20251103,2
31005,20260106,2
30905,20251109,2
31732,20250908,1
32212,20250721,1
18686,20251003,1
31346,20250830,2
30894,20260108,2
31008,20260102,2
31824,20250908,1
18575,20250930,1
31751,20250804,1
31777,20250830,1
32319,20250717,1
31821,20250720,1
30951,20251024,2
30925,20250826,2
31061,20251105,2
32061,20251005,1
30866,20250811,2
31846,20251011,1
31266,20251115,2
32066,20251030,1
31805,20250908,1
35075,20250925,2
19,20260406,2
31979,20251209,1
31630,20251031,2
268,20251120,2
30951,20251125,2
30971,20251220,2
32259,20250726,1
12637,20251111,2
31776,20251106,1
30896,20251107,2
18688,20251217,1
18630,20250801,1
27959,20251226,2
32217,20250811,1
35511,20250719,2
1170,20250916,1
31009,20251009,2
30906,20251103,2
31414,20250729,2
31018,20251212,2
30998,20251027,2
31623,20251104,2
30932,20250811,2
31138,20251025,2
30927,20250930,2
31945,20250829,1
31054,20251231,2
32065,20250722,1
28134,20260403,2
31621,20251109,2
32256,20251104,1
30896,20251109,2
32027,20251117,1
30918,20251019,2
31385,20251010,2
31101,20251019,2
30915,20251113,2
30916,20250909,2
31274,20251123,2
18684,20250927,1
32482,20251026,1
32065,20250717,1
30998,20260102,2
31385,20251230,2
30904,20251125,2
31050,20250910,2
30923,20251025,2
34891,20251201,2
30929,20251117,2
31269,20251227,2
30946,20250817,2
268,20251112,2
30904,20250828,2
30964,20250924,2
31808,20251115,1
32271,20251006,1
31346,20250805,2
31096,20250909,2
30932,20251231,2
31776,20251211,1
32169,20250722,1
31532,20251201,2
30997,20251217,2
32334,20250823,1
31008,20251023,2
30889,20251024,2
30921,20251229,2
30986,20251212,2
31887,20251221,1
31061,20251121,2
269,20250909,1
31038,20250812,2
31038,20250818,2
31002,20251020,2
12637,20251217,2
31979,20251029,1
11066,20251121,1
31206,20251202,2
31086,20251207,2
30904,20251028,2
32273,20250823,1
31532,20251129,2
3814,20251226,2
31096,20251212,2
30964,20250826,2
18592,20250728,1
31138,20251114,2
30986,20251120,2
35075,20250926,2
31018,20251110,2
31008,20250716,2
31840,20250721,1
31333,20260109,2
31750,20250828,1
18688,20250723,1
31618,20251121,2
31335,20250809,2
30929,20251217,2
36204,20250807,2
31078,20250824,2
30936,20250917,2
31083,20260107,2
31335,20250826,2
18630,20251107,1
32485,20251027,1
31608,20251225,2
31086,20250906,2
32120,20250816,1
31772,20250925,1
31751,20251211,1
31806,20250805,1
30993,20251225,2
32065,20251209,1
30907,20250911,2
30927,20251102,2
30993,20250906,2
32457,20251112,1
30860,20250826,2
31083,20251218,2
30923,20250915,2
30964,20251229,2
34843,20250910,2
31608,20251129,2
31750,20250727,1
30912,20251112,2
31785,20250810,1
31807,20251211,1
1170,20251105,1
1171,20250814,1
30908,20251126,2
31613,20251212,2
31623,20251231,2
17180,20260403,1
30901,20250722,2
30992,20251104,2
31102,20251210,2
30982,20251105,2
30901,20251202,2
31005,20250915,2
31608,20251028,2
30903,20251130,2
30947,20250816,2
32226,20251011,1
30900,20251201,2
32138,20251026,1
35089,20251203,2
30915,20250917,2
18686,20250828,1
30891,20250802,2
30925,20260101,2
30971,20251105,2
18688,20251005,1
30887,20260110,2
32457,20251117,1
32139,20251101,1
30970,20260108,2
30932,20250930,2
31626,20251031,2
30891,20250925,2
30929,20251129,2
12639,20251121,1
31817,20251218,1
31002,20251208,2
31269,20260108,2
30908,20251124,2
30883,20251102,2
31099,20250918,2
31608,20251118,2
30932,20251102,2
30925,20251124,2
30943,20250829,2
34843,20251002,2
31751,20250828,1
31690,20251221,1
30964,20251028,2
30911,20251231,2
30902,20250911,2
18636,20251008,1
32325,20251021,1
32293,20251009,1
30903,20250827,2
31979,20251107,1
14164,20260403,1
31086,20250722,2
12714,20251218,2
32225,20251106,1
18572,20251207,1
31039,20250817,2
31841,20250912,1
31054,20250924,2
30987,20251220,2
30979,20251227,2
32066,20251004,1
31807,20251009,1
30992,20251008,2
32287,20250804,1
30951,20251206,2
31010,20251123,2
31086,20251021,2
30933,20251008,2
264,20250825,1
31253,20251227,2
1170,20251020,1
31014,20251208,2
31005,20251126,2
18684,20251214,1
31081,20260103,2
35571,20251208,2
31041,20251104,2
31841,20251212,1
30906,20251110,2
30905,20250906,2
31009,20250907,2
31383,20251108,2
31346,20250913,2
31083,20250917,2
31615,20251212,2
18688,20250910,1
21915,20251215,2
31007,20250929,2
32282,20250915,1
30926,20251107,2
30997,20251205,2
30926,20260104,2
21915,20250912,2
30902,20250914,2
31002,20250925,2
32228,20251011,1
30867,20250825,2
30927,20251025,2
31014,20251112,2
30905,20251210,2
32216,20250904,1
32316,20251101,1
30905,20251211,2
31009,20250903,2
31346,20251026,2
31266,20251114,2
31847,20251122,1
30902,20250905,2
31079,20251202,2
31623,20251202,2
31857,20250721,1
30860,20250814,2
31817,20251106,1
1171,20250813,1
31089,20250920,2
31630,20251118,2
31078,20251020,2
31274,20251114,2
31086,20251108,2
34917,20250801,2
30889,20251013,2
30890,20251221,2
30899,20251226,2
31001,20251119,2
31626,20251024,2
12637,20250717,2
32064,20250805,1
31981,20251021,1
30905,20251222,2
14784,20250929,2
30926,20251130,2
30993,20251109,2
31932,20251201,1
31083,20251212,2
30992,20251027,2
31805,20250925,1
32287,20251221,1
31252,20251215,2
31628,20251207,2
31968,20251028,1
18602,20251114,1
31081,20251230,2
31805,20250722,1
30951,20251014,2
31054,20251228,2
30981,20251213,2
31333,20251208,2
30888,20251126,2
31926,20250719,1
35089,20250916,2
31805,20251121,1
31267,20250926,2
31805,20251013,1
31751,20251111,1
30916,20251004,2
31805,20251014,1
21855,20250922,1
30921,20251121,2
35089,20251025,2
31979,20251103,1
30976,20251211,2
31078,20251028,2
30993,20251210,2
31267,20251001,2
32317,20251027,1
18573,20250818,1
31626,20251002,2
31090,20250903,2
31688,20250905,1
32066,20251213,1
31271,20251225,2
30925,20250906,2
30986,20251230,2
30985,20251230,2
31102,20251217,2
31630,20251212,2
31056,20251214,2
18670,20250908,1
32317,20250807,1
31628,20251124,2
30925,20250808,2
30998,20251001,2
31322,20260106,2
31001,20250923,2
30973,20251231,2
32273,20250720,1
32325,20251210,1
30933,20251010,2
32323,20251015,1
30898,20251016,2
30905,20251030,2
30902,20251009,2
30985,20251112,2
30942,20250817,2
30998,20250901,2
34979,20251029,1
30993,20251116,2
32317,20250825,1
31981,20251125,1
18670,20251216,1
15776,20251224,1
31945,20250919,1
30923,20251031,2
140,20260403,1
31887,20250801,1
15541,20250825,2
30933,20251215,2
31698,20251004,1
31429,20260104,2
30907,20251106,2
31079,20251029,2
30889,20251213,2
31018,20251130,2
31630,20251022,2
31092,20260108,2
30936,20260105,2
31035,20251220,2
30896,20250830,2
32140,20250804,1
34975,20250812,2
30918,20251208,2
30981,20260101,2
31267,20251102,2
31018,20250925,2
32317,20251204,1
31050,20250715,2
31083,20250921,2
30965,20250818,2
30891,20251018,2
32225,20251204,1
31414,20250924,2
30964,20251216,2
31018,20251224,2
30971,20251027,2
31038,20250721,2
32061,20251109,1
31007,20251118,2
31101,20251226,2
18689,20251017,1
31608,20251204,2
30979,20251210,2
31750,20250903,1
31626,20251102,2
31844,20251030,1
31976,20250721,1
31078,20251227,2
31776,20251209,1
31010,20251201,2
31887,20251004,1
30978,20260103,2
31521,20251222,2
15536,20251226,1
30887,20250921,2
30885,20251216,2
36345,20250812,1
30987,20251221,2
30925,20251004,2
31000,20250929,2
32322,20250718,1
31855,20251016,1
18636,20251030,1
30900,20250902,2
31904,20250904,1
31086,20250902,2
31335,20251024,2
31083,20251202,2
30963,20250729,2
31039,20250728,2
31271,20260107,2
32256,20250715,1
31082,20251105,2
31079,20251007,2
30920,20251219,2
31904,20251208,1
31252,20251212,2
32140,20250716,1
30993,20250902,2
31082,20250907,2
31006,20250727,2
30857,20250822,2
30890,20251127,2
30918,20251130,2
18575,20250908,1
31621,20251015,2
31008,20251106,2
31774,20250811,1
31618,20251230,2
30981,20251220,2
28134,20251104,2
18686,20250731,1
32139,20251117,1
32027,20251106,1
31089,20250919,2
31844,20250724,1
18576,20250720,1
35639,20251030,1
30918,20260101,2
35089,20250806,2
31776,20250818,1
31061,20250827,2
31270,20251210,2
18688,20251216,1
27961,20251113,1
31630,20251011,2
31008,20250819,2
31385,20251111,2
14802,20251106,1
15538,20251226,2
31887,20251212,1
18569,20250730,1
31050,20250920,2
32319,20250828,1
30922,20251202,2
32401,20250817,1
31618,20251218,2
18636,20250730,1
12640,20251002,1
31346,20250925,2
31389,20260110,2
30963,20251127,2
30901,20250828,2
12714,20251124,2
31059,20251004,2
31078,20260101,2
31776,20250929,1
31840,20250922,1
30901,20251122,2
21915,20251017,2
31929,20251024,1
31751,20250908,1
30926,20251019,2
32277,20251027,1
31096,20251208,2
31089,20251208,2
30908,20251106,2
31101,20251112,2
35571,20251202,2
31805,20251102,1
30883,20251231,2
31138,20251107,2
18688,20251110,1
14784,20250903,2
30900,20250926,2
31269,20251226,2
31869,20250810,1
31626,20251008,2
30905,20251002,2
18576,20251216,1
30963,20250914,2
31629,20251230,2
31383,20251227,2
5256,20251226,2
31270,20260104,2
30937,20250907,2
31844,20250723,1
18592,20250826,1
18688,20250722,1
31732,20251027,1
18688,20250807,1
31099,20250802,2
30936,20251108,2
30898,20250916,2
31772,20251023,1
31000,20260103,2
32140,20251203,1
12662,20260406,2
31000,20251110,2
30918,20251210,2
31751,20250720,1
1170,20251119,1
30925,20251012,2
31008,20251223,2
31063,20251226,2
31010,20251111,2
31039,20250826,2
31001,20251208,2
31101,20250831,2
36283,20251201,2
31063,20251209,2
31521,20251118,2
30937,20251011,2
31868,20250829,1
31001,20250911,2
30932,20250823,2
30903,20251117,2
12637,20250911,2
30951,20250729,2
31006,20250725,2
35003,20250731,2
288,20251226,2
31615,20251218,2
30926,20251214,2
31009,20260107,2
30947,20250901,2
18576,20250923,1
12714,20251002,2
34843,20250718,2
31869,20250928,1
30891,20251005,2
31138,20250807,2
31266,20251105,2
31976,20250720,1
30992,20251230,2
18686,20250814,1
31842,20250822,1
31608,20251116,2
31383,20251125,2
30981,20251007,2
18570,20251129,1
15538,20260403,1
31006,20251128,2
30883,20251112,2
31059,20251108,2
31271,20251009,2
31629,20251104,2
34917,20250724,2
31081,20251223,2
30926,20260101,2
30995,20260101,2
30992,20250828,2
14802,20251204,1
30931,20251224,2
31876,20251025,1
31266,20251110,2
30998,20260108,2
30900,20251104,2
30890,20260108,2
30915,20251019,2
30980,20251206,2
32216,20250902,1
31857,20250830,1
12714,20250903,2
31035,20251212,2
30885,20250807,2
30963,20250915,2
31063,20251203,2
30982,20251228,2
32457,20250805,1
31078,20251006,2
30986,20251125,2
31630,20251114,2
7855,20260403,2
18576,20250716,1
31271,20251223,2
32326,20251022,1
31968,20250925,1
30904,20250814,2
32064,20250828,1
31083,20251201,2
31086,20251026,2
31926,20250825,1
31806,20250924,1
30902,20251029,2
30883,20251020,2
30913,20251230,2
31846,20251103,1
31270,20260107,2
30963,20250929,2
31267,20251124,2
30887,20250922,2
30883,20260107,2
30904,20251231,2
31688,20250915,1
32323,20251119,1
31269,20251211,2
30938,20251224,2
30896,20250910,2
31807,20250729,1
36283,20251221,2
14168,20251231,1
18570,20250906,1
30912,20251231,2
30998,20250916,2
30982,20251210,2
32212,20250908,1
31081,20251028,2
31002,20251203,2
32061,20251113,1
31968,20250923,1
18575,20251214,1
32027,20250721,1
30933,20251124,2
31046,20251231,2
32256,20251103,1
32325,20250827,1
30923,20250809,2
30916,20251125,2
30952,20251107,2
31751,20251205,1
35257,20251201,1
32284,20251007,1
31274,20251210,2
30931,20251109,2
31105,20251223,2
32716,20250907,1
32264,20250725,1
30963,20251014,2
18688,20250903,1
32090,20250723,1
31005,20251213,2
31855,20250805,1
31054,20251105,2
31806,20251021,1
31010,20250930,2
1170,20251007,1
32315,20250913,1
30929,20251007,2
31817,20251210,1
1186,20251223,1
31383,20260102,2
31385,20250929,2
30998,20251127,2
30933,20251120,2
32061,20250921,1
31001,20251031,2
31335,20251029,2
35089,20251124,2
31138,20250825,2
31618,20251101,2
30964,20250910,2
34842,20250728,2
32064,20250827,1
31805,20251109,1
32090,20250731,1
31772,20250716,1
31618,20250915,2
31267,20250812,2
31078,20250823,2
30987,20251105,2
30984,20260103,2
32325,20250905,1
31346,20251121,2
31086,20250830,2
31750,20251103,1
30922,20251224,2
31082,20251014,2
30971,20251118,2
32259,20251021,1
32264,20250815,1
30925,20250910,2
31981,20251205,1
31090,20250927,2
32217,20250901,1
32140,20251025,1
269,20260406,2
31842,20250727,1
31061,20251209,2
27962,20251022,1
35511,20250929,2
31008,20251013,2
31608,20251127,2
30946,20250828,2
28134,20251001,2
31079,20250923,2
31266,20251108,2
31006,20251209,2
30979,20251217,2
31691,20250829,1
32140,20251004,1
30922,20251124,2
30918,20250904,2
5664,20260403,2
31335,20251207,2
31772,20250725,1
32256,20251023,1
31090,20251219,2
30891,20250812,2
31847,20251221,1
30885,20251007,2
31629,20250917,2
31686,20251115,1
31005,20251116,2
30992,20250925,2
32336,20251007,1
30910,20251223,2
4376,20250825,1
30929,20251029,2
31805,20250716,1
18573,20250822,1
30970,20251219,2
31385,20251127,2
30912,20260101,2
30888,20251024,2
18632,20251011,1
31842,20250726,1
30910,20251119,2
31005,20250901,2
31101,20250818,2
32061,20251127,1
30987,20251109,2
30891,20251130,2
31138,20250828,2
30925,20251105,2
32065,20250824,1
32482,20250810,1
269,20251017,1
32216,20250814,1
31006,20251018,2
31750,20251017,1
31623,20260103,2
36342,20251130,2
30928,20251025,2
30886,20250913,2
31081,20250829,2
31772,20250721,1
31615,20251118,2
18670,20251127,1
30927,20251126,2
30926,20251228,2
34843,20251203,2
30889,20251108,2
32188,20250816,1
31322,20251230,2
31846,20251209,1
32212,20251108,1
31054,20260110,2
32064,20251023,1
31267,20250807,2
31979,20251003,1
31820,20250913,1
30936,20250823,2
32140,20250715,1
31876,20251108,1
31099,20250911,2
31842,20250720,1
31805,20251104,1
32256,20250716,1
31041,20260110,2
31869,20250914,1
30896,20251229,2
30993,20260103,2
18686,20250722,1
30994,20251031,2
32188,20250721,1
1186,20250813,1
18659,20250917,1
30915,20251114,2
30951,20250916,2
30886,20251221,2
30899,20251214,2
31082,20250930,2
31844,20250829,1
32325,20251213,1
31820,20250912,1
31082,20251215,2
31626,20251106,2
30910,20250731,2
30891,20251214,2
30936,20251017,2
31847,20250823,1
32061,20251213,1
30900,20250811,2
31630,20251205,2
31018,20251112,2
31683,20250827,1
31008,20251102,2
32271,20250823,1
31267,20250830,2
30897,20250922,2
87,20251231,1
31750,20251218,1
34796,20251130,2
15078,20250825,2
30859,20250825,2
30927,20251224,2
32139,20251129,1
31322,20260109,2
31621,20260110,2
30891,20250826,2
31829,20250824,1
12637,20250905,2
30905,20251206,2
30904,20251126,2
30891,20251208,2
30894,20250907,2
32218,20251130,1
31009,20250924,2
30894,20260101,2
30912,20251201,2
32317,20250728,1
30889,20260105,2
31628,20251212,2
30888,20250922,2
31138,20251101,2
31271,20251214,2
31050,20251128,2
31832,20250906,1
30979,20251108,2
30916,20251230,2
30890,20251107,2
30898,20250730,2
32234,20250819,1
32315,20250809,1
30952,20251119,2
30965,20250904,2
30887,20250825,2
31846,20250818,1
31027,20250831,2
30864,20250823,2
31050,20251001,2
12714,20251005,2
30891,20250901,2
31252,20260108,2
31952,20251130,1
30992,20250911,2
31346,20250929,2
30884,20260103,2
30898,20250901,2
36345,20251219,2
30932,20251009,2
31335,20251014,2
31774,20251129,1
31621,20251202,2
18603,20250722,1
32277,20250927,1
269,20251209,1
31772,20250807,1
31832,20250719,1
30897,20250801,2
30951,20251210,2
15541,20251225,1
32273,20250915,1
32325,20250906,1
30951,20251221,2
30912,20251226,2
31876,20251014,1
31618,20251025,2
31383,20251106,2
30897,20250803,2
11066,20251225,2
31691,20250919,1
31082,20250821,2
31615,20250806,2
31806,20251107,1
30923,20251020,2
14784,20250717,2
31615,20250825,2
31018,20260108,2
32066,20251008,1
31952,20250803,1
30920,20251005,2
31050,20250814,2
32164,20250728,1
32065,20251019,1
32061,20251102,1
31002,20250814,2
30885,20251003,2
31050,20250907,2
31871,20251130,1
30951,20251209,2
31683,20250904,1
30910,20251221,2
30993,20251129,2
31019,20260110,2
31968,20251020,1
31929,20250725,1
40,20260101,2
31613,20251231,2
31078,20251002,2
31751,20250905,1
30926,20251224,2
31968,20250716,1
30918,20251107,2
31807,20250911,1
18659,20250819,1
34917,20250829,2
31623,20251213,2
18575,20251030,1
31860,20250917,1
31010,20251214,2
30934,20251216,2
1169,20251231,2
31082,20251018,2
31079,20251129,2
31807,20250829,1
32166,20250830,1
32457,20250827,1
31078,20250915,2
30943,20250818,2
31101,20251115,2
31904,20250917,1
30897,20251217,2
32209,20251017,1
30912,20251212,2
30947,20250817,2
31096,20250912,2
32216,20250806,1
12637,20251024,2
31857,20251006,1
30916,20250916,2
31096,20251112,2
30894,20251226,2
31006,20250905,2
31002,20251103,2
31630,20260109,2
31777,20251005,1
30965,20251029,2
12714,20251226,2
30925,20250912,2
30931,20251203,2
31082,20260109,2
30903,20251214,2
31618,20251027,2
31842,20250921,1
31082,20251031,2
30940,20250813,2
31751,20250806,1
18688,20250905,1
31807,20250812,1
1171,20250812,1
30901,20251014,2
30952,20250910,2
31082,20251224,2
31335,20251031,2
31777,20251109,1
31006,20251107,2
32090,20251104,1
30929,20251111,2
31808,20250913,1
30906,20251111,2
32293,20251214,1
18659,20250807,1
31270,20251115,2
31776,20250908,1
30929,20251104,2
18670,20251020,1
31844,20251031,1
31267,20251206,2
30976,20251109,2
30947,20250828,2
30985,20251110,2
30984,20251029,2
14802,20251016,1
30971,20251230,2
31842,20251116,1
31847,20251101,1
30888,20251124,2
32228,20250915,1
31270,20260105,2
31615,20251227,2
31526,20251216,2
27959,20251222,1
31526,20251207,2
31009,20251225,2
32027,20250826,1
31876,20250824,1
30904,20251009,2
31887,20251126,1
32323,20250926,1
30886,20250918,2
18575,20251121,1
31855,20251007,1
12714,20250814,2
31630,20251109,2
30925,20251127,2
32061,20250726,1
18592,20251020,1
31805,20251127,1
18687,20251011,1
31027,20250806,2
31138,20251015,2
31929,20251128,1
30969,20251228,2
31926,20250817,1
31033,20250809,2
32485,20250828,1
32139,20250926,1
30905,20250902,2
31389,20251222,2
30894,20251014,2
31817,20251009,1
30894,20251028,2
31059,20251227,2
31526,20251209,2
31826,20250715,1
31270,20251226,2
12714,20250828,2
31101,20250819,2
30925,20251217,2
30891,20251125,2
30918,20251229,2
32217,20250915,1
18592,20250910,1
30965,20251019,2
32334,20250717,1
31333,20251202,2
31266,20251120,2
32066,20251016,1
30980,20251107,2
31608,20251125,2
31832,20250721,1
30918,20251007,2
30951,20251104,2
18636,20251027,1
30891,20250819,2
32325,20250903,1
31698,20251102,1
32208,20251128,1
31414,20250803,2
30929,20250902,2
31008,20250928,2
31081,20251211,2
30994,20251227,2
32326,20251023,1
32090,20250911,1
30926,20250906,2
31615,20250906,2
31626,20250929,2
30969,20251127,2
30926,20251026,2
30907,20250901,2
31688,20251024,1
31079,20251209,2
30898,20251220,2
31081,20251024,2
18636,20251212,1
30885,20250911,2
31050,20251031,2
269,20251013,1
30915,20251216,2
30952,20250809,2
18636,20251203,1
30933,20251126,2
32277,20250907,1
32064,20250730,1
31050,20251118,2
31243,20260107,2
31335,20251202,2
31805,20251025,1
31050,20250925,2
30896,20251116,2
30885,20260108,2
31027,20250814,2
30949,20250822,2
30923,20250725,2
12637,20250930,2
30933,20251014,2
32317,20250716,1
34917,20251221,2
28134,20251222,2
30922,20251209,2
31018,20251015,2
18670,20251028,1
32323,20251107,1
30884,20251216,2
30889,20251008,2
30916,20250821,2
34975,20250729,2
31081,20251209,2
31615,20251231,2
32287,20251108,1
30884,20260109,2
31615,20251003,2
30918,20251103,2
35075,20250829,2
31811,20250804,1
36204,20250814,2
30908,20251208,2
32027,20251218,1
30987,20260110,2
31018,20251221,2
32066,20250826,1
31626,20251116,2
30970,20251228,2
31844,20251217,1
18603,20251123,1
32282,20251003,1
32164,20251211,1
30995,20251203,2
30923,20250805,2
30912,20251115,2
32259,20251116,1
30887,20251028,2
30992,20251121,2
36747,20250825,2
30923,20250912,2
30963,20251208,2
31078,20251207,2
30885,20250830,2
31776,20250925,1
36284,20251028,2
31981,20251018,1
30993,20250918,2
31033,20250821,2
12637,20250929,2
30928,20251030,2
31082,20250831,2
31968,20250821,1
18569,20251120,1
31050,20251208,2
30912,20251120,2
31082,20251217,2
31054,20251208,2
32065,20250815,1
35089,20250723,2
31621,20251004,2
32284,20250807,1
30884,20260104,2
32222,20250909,1
31687,20250912,1
30936,20250901,2
31855,20250924,1
31904,20250928,1
32208,20251205,1
30916,20251020,2
32061,20251203,1
35089,20251115,2
34887,20250822,2
31101,20251023,2
32228,20251020,1
31033,20250815,2
31059,20251207,2
30922,20251123,2
30963,20251020,2
30886,20251012,2
31979,20250926,1
31774,20251020,1
30899,20260101,2
31079,20250905,2
30992,20250926,2
30889,20251016,2
18012,20251225,2
30901,20251027,2
30936,20250930,2
18670,20251111,1
32140,20251124,1
30896,20250727,2
31841,20251124,1
18687,20251104,1
31059,20251102,2
30883,20251218,2
18636,20251110,1
18603,20250930,1
30914,20251222,2
30926,20251124,2
30918,20251205,2
31806,20250826,1
32140,20251024,1
18576,20250803,1
31626,20251111,2
31887,20250822,1
31006,20250721,2
30886,20251024,2
31805,20251215,1
32293,20250918,1
30894,20250916,2
18684,20250824,1
30903,20250909,2
31078,20251123,2
30985,20251202,2
30888,20250820,2
18569,20251125,1
31841,20251031,1
32140,20251017,1
35511,20251017,2
31078,20251206,2
34898,20250825,2
31887,20250729,1
31750,20250920,1
31613,20251216,2
30908,20260103,2
21855,20251121,1
31750,20251024,1
30894,20250915,2
31820,20250815,1
30898,20251127,2
12639,20251114,1
30921,20251210,2
31027,20250815,2
31968,20250915,1
30952,20251214,2
30921,20251127,2
32027,20251118,1
30927,20250910,2
30951,20251031,2
30992,20251223,2
30925,20250930,2
31081,20250911,2
30951,20251205,2
30973,20260106,2
21915,20251015,2
31086,20251004,2
31001,20251118,2
12714,20251031,2
31014,20251102,2
30910,20251209,2
30993,20251102,2
32140,20250803,1
30903,20251003,2
11066,20251205,1
31932,20251027,1
30902,20250926,2
32225,20251203,1
1170,20260406,2
32065,20251016,1
30964,20251128,2
31868,20250912,1
30918,20251108,2
31847,20251220,1
31054,20251216,2
18670,20250814,1
31099,20251116,2
18684,20251102,1
31346,20251012,2
31846,20250916,1
32401,20250723,1
31007,20251211,2
31018,20251104,2
31772,20251104,1
30883,20251015,2
31138,20251007,2
30866,20250808,2
31099,20250916,2
30923,20250930,2
31805,20251113,1
31005,20250810,2
32700,20250730,1
31383,20251211,2
31138,20251227,2
31774,20251009,1
30896,20251028,2
30963,20251230,2
30964,20251025,2
18576,20251013,1
30927,20251227,2
32090,20250910,1
18570,20251011,1
32140,20251123,1
30864,20250822,2
31015,20251101,2
32325,20251123,1
30927,20251213,2
31001,20251127,2
30979,20251120,2
268,20250908,2
15015,20250825,2
31840,20250915,1
35075,20250724,2
31887,20251128,1
31033,20250810,2
30987,20251123,2
4383,20251225,2
32090,20251016,1
31385,20251031,2
5148,20260403,2
12714,20251214,2
18575,20251212,1
31926,20251109,1
30891,20251112,2
31056,20251231,2
30889,20250804,2
30951,20251114,2
18659,20251102,1
18657,20250728,1
14784,20251022,2
30916,20260105,2
18569,20250916,1
30964,20251218,2
12640,20251014,1
18592,20251110,1
32226,20250927,1
18670,20250915,1
32222,20250821,1
30903,20251022,2
30987,20251030,2
31008,20250917,2
30923,20251113,2
31979,20251104,1
31079,20260105,2
31002,20251112,2
31059,20251218,2
30902,20251107,2
31876,20251130,1
32317,20250721,1
31824,20250725,1
31079,20251009,2
30929,20251019,2
28134,20251231,2
18688,20250911,1
30981,20251209,2
18659,20251110,1
31041,20250903,2
31414,20251212,2
14802,20251211,1
30965,20250829,2
31698,20251129,1
30993,20250923,2
32166,20251109,1
30888,20260106,2
32216,20251016,1
18688,20251203,1
30981,20251117,2
14164,20260101,1
32065,20251022,1
31857,20251129,1
31138,20251019,2
36283,20251217,2
31010,20251027,2
30923,20251019,2
30905,20251227,2
31099,20251009,2
31269,20251205,2
30932,20251101,2
31079,20251221,2
31414,20251113,2
31090,20251007,2
31054,20251110,2
30982,20251211,2
32066,20250904,1
32277,20250913,1
5148,20250825,2
31061,20250909,2
30903,20251215,2
30898,20251031,2
28134,20251003,2
30888,20251101,2
268,20250911,2
31776,20250724,1
87,20251225,2
27962,20250924,1
32485,20251217,1
31099,20251201,2
31621,20251114,2
31335,20250804,2
32140,20250912,1
31772,20251003,1
31023,20251222,2
18602,20250910,1
32326,20251112,1
30863,20250821,2
30998,20250907,2
31805,20251124,1
35089,20251222,2
31877,20251110,1
18592,20250729,1
30857,20250731,2
31050,20260106,2
30936,20250918,2
31002,20251213,2
32188,20250728,1
30992,20260108,2
30910,20251226,2
31010,20251106,2
32090,20251127,1
30932,20251112,2
31869,20250811,1
31001,20251130,2
30923,20250808,2
32284,20250903,1
31268,20260108,2
31105,20251007,2
31271,20251012,2
31389,20251205,2
30887,20251031,2
30914,20251208,2
31078,20251109,2
30889,20251224,2
30938,20251118,2
30900,20260110,2
31082,20251007,2
31621,20251110,2
30923,20250830,2
18688,20250824,1
31688,20251128,1
31628,20251204,2
31267,20250819,2
30912,20250926,2
12714,20251211,2
31945,20250815,1
32218,20251108,1
32208,20250922,1
18592,20250929,1
31887,20251123,1
31807,20250918,1
32293,20251019,1
32229,20250813,1
31105,20251104,2
31082,20251027,2
31061,20251103,2
30898,20251025,2
31817,20251008,1
31978,20250721,1
31015,20251119,2
30904,20251118,2
31335,20250921,2
31926,20250822,1
30920,20251126,2
268,20250901,2
30920,20251112,2
31078,20251217,2
32120,20251220,1
31751,20250715,1
12714,20250820,2
32120,20251201,1
31252,20251214,2
31618,20251130,2
30965,20251112,2
32287,20250815,1
31687,20250801,1
30981,20251227,2
31871,20250908,1
30981,20251113,2
30910,20251218,2
31979,20251016,1
31412,20260102,2
28134,20250925,2
30993,20251212,2
18659,20250828,1
32277,20250922,1
31871,20250919,1
31138,20250918,2
30922,20250818,2
31090,20250919,2
31933,20251014,1
30925,20251109,2
30942,20250801,2
30896,20250906,2
32208,20251010,1
31271,20251013,2
31846,20250928,1
34890,20250811,2
18575,20250819,1
30922,20251102,2
30992,20251125,2
32065,20250812,1
30943,20250804,2
32317,20251214,1
30929,20251223,2
18636,20250827,1
31385,20251207,2
31750,20251008,1
30933,20251026,2
30857,20250828,2
31086,20251025,2
31751,20250915,1
30904,20251001,2
31414,20250725,2
30898,20250812,2
1169,20251225,2
31868,20251017,1
32317,20251104,1
30912,20250922,2
30865,20250814,2
30891,20251203,2
30925,20251202,2
31054,20251203,2
31089,20250907,2
31869,20251208,1
31696,20251207,1
18569,20250925,1
31006,20250825,2
31687,20251128,1
31017,20250727,2
30887,20251024,2
31081,20250908,2
30981,20251106,2
31335,20260107,2
30902,20251022,2
31089,20251025,2
31002,20251024,2
31096,20251116,2
32064,20250926,1
36345,20250728,1
32334,20251120,1
30898,20250819,2
31089,20250731,2
32066,20250907,1
31099,20251028,2
32166,20251116,1
30903,20251128,2
31926,20251129,1
31871,20251005,1
30925,20250829,2
30952,20260108,2
32271,20251013,1
31732,20250915,1
30867,20250811,2
11066,20251212,1
32066,20251031,1
30969,20260101,2
31006,20251125,2
34843,20250911,2
32710,20250823,1
30986,20251228,2
31629,20251001,2
18603,20251118,1
31089,20250803,2
30994,20251216,2
31090,20260106,2
30938,20251105,2
18576,20251016,1
34896,20250825,2
342,20251225,2
35089,20251019,2
30971,20251228,2
30918,20251222,2
30981,20251008,2
31089,20251119,2
35075,20250913,2
31018,20250905,2
30915,20251031,2
30942,20250811,2
32225,20250918,1
31751,20250727,1
31621,20250905,2
32208,20250818,1
31859,20250718,1
31860,20251007,1
30951,20251030,2
31038,20250813,2
30891,20250828,2
1172,20260403,2
30903,20250810,2
31618,20251127,2
30898,20251214,2
28134,20251110,2
31774,20251113,1
30896,20251027,2
31385,20251027,2
31805,20251029,1
30916,20251115,2
10038,20250825,2
30918,20251005,2
31806,20251018,1
18572,20250817,1
30905,20251127,2
31806,20250726,1
31526,20251125,2
31096,20250906,2
18570,20250907,1
30947,20250822,2
31050,20251010,2
30922,20250820,2
31521,20251216,2
31079,20251003,2
31976,20250719,1
30993,20251113,2
32218,20251128,1
30969,20251213,2
31857,20250831,1
31857,20250810,1
18659,20251120,1
31626,20251016,2
31981,20251011,1
31089,20251126,2
32326,20251111,1
32284,20251120,1
269,20251014,1
30903,20251230,2
18572,20251129,1
31099,20251111,2
31270,20251114,2
31252,20251228,2
32208,20251215,1
31806,20251209,1
32485,20251001,1
18592,20251216,1
18659,20250802,1
30900,20250819,2
31008,20251029,2
12714,20250930,2
30915,20250806,2
32064,20251003,1
31698,20251116,1
31813,20250803,1
30987,20251201,2
30933,20250718,2
31038,20250803,2
31083,20251214,2
31083,20251125,2
31001,20250922,2
32234,20250805,1
30898,20251009,2
30921,20251104,2
1217,20250825,2
32090,20251010,1
30927,20251110,2
31618,20251231,2
35571,20251126,2
31007,20251101,2
31099,20251012,2
31626,20260110,2
30904,20251006,2
31860,20250904,1
32064,20250727,1
31904,20251204,1
32287,20250817,1
32061,20251103,1
30894,20251224,2
31079,20251102,2
30987,20251115,2
18604,20251221,1
14784,20251020,2
30965,20260101,2
14785,20250819,2
31083,20251123,2
30981,20251130,2
18575,20251123,1
31274,20251221,2
31086,20250910,2
18604,20251123,1
30949,20250804,2
30994,20251106,2
30925,20250819,2
30883,20251027,2
30997,20251207,2
30929,20251201,2
32273,20250728,1
31630,20251120,2
31615,20251116,2
31096,20251219,2
31007,20251222,2
31979,20251022,1
31623,20260102,2
31274,20251026,2
31805,20250924,1
31033,20250818,2
30891,20251221,2
31385,20251113,2
30997,20251216,2
32064,20250905,1
31860,20251002,1
34890,20251027,2
32164,20250826,1
30859,20250813,2
31335,20251113,2
18576,20251218,1
30884,20251128,2
31623,20251207,2
12916,20260101,2
31101,20251202,2
31274,20251213,2
32336,20250814,1
30889,20250828,2
30932,20251115,2
18688,20251002,1
30932,20251216,2
31099,20251024,2
30918,20251116,2
18602,20251113,1
31105,20251116,2
31976,20250717,1
31096,20250828,2
30982,20251123,2
30994,20251226,2
31414,20251022,2
30981,20251229,2
30887,20250829,2
32061,20250902,1
30906,20251127,2
31001,20251002,2
31621,20250831,2
31009,20251018,2
32226,20251019,1
31000,20251209,2
31018,20250917,2
31035,20251208,2
30932,20251119,2
30937,20250923,2
27962,20251225,2
32222,20251015,1
32228,20250727,1
30922,20251025,2
31006,20251120,2
35257,20251130,1
12714,20250811,2
30901,20250904,2
30918,20250824,2
30896,20260110,2
30934,20251202,2
31268,20260103,2
30896,20251215,2
31271,20251103,2
31615,20251127,2
31608,20251126,2
18576,20250930,1
32166,20251207,1
31807,20251210,1
31105,20251130,2
30920,20251118,2
30885,20250822,2
32218,20251205,1
30889,20250815,2
31618,20251213,2
14785,20250828,2
31876,20250809,1
31335,20250815,2
35075,20250908,2
32277,20251004,1
30993,20251216,2
32271,20251213,1
30883,20251105,2
30938,20251210,2
30891,20250909,2
34843,20251008,2
30933,20250722,2
30980,20251231,2
30984,20251008,2
1186,20250807,1
32090,20250928,1
31414,20250920,2
31981,20250917,1
31054,20251130,2
31630,20251027,2
31933,20250925,1
30889,20250916,2
31267,20260104,2
31083,20250924,2
30985,20251106,2
30931,20251225,2
31414,20250917,2
30971,20251203,2
31346,20251001,2
31002,20251214,2
31269,20251220,2
30926,20250912,2
31805,20250720,1
31860,20251106,1
31322,20251231,2
35571,20250910,2
32485,20251010,1
31019,20251221,2
18576,20251212,1
31248,20260103,2
31860,20251105,1
31105,20251029,2
32212,20251221,1
31842,20250901,1
31253,20251229,2
31007,20251001,2
31081,20260105,2
30987,20260107,2
31005,20251207,2
31813,20250830,1
30867,20250829,2
30883,20251021,2
32027,20251103,1
31138,20250822,2
79,20251225,2
31061,20251221,2
31015,20251128,2
30916,20250930,2
31014,20251230,2
30915,20251222,2
31083,20251118,2
31271,20251114,2
31092,20251230,2
34979,20251028,1
30907,20251016,2
30904,20251216,2
31805,20251217,1
31877,20250920,1
30971,20251126,2
30905,20251116,2
35511,20251124,2
36345,20251121,2
32217,20250908,1
30981,20251207,2
31842,20251102,1
31887,20250824,1
31981,20251109,1
30927,20251023,2
28134,20250905,2
18572,20250720,1
31023,20251214,2
30932,20250807,2
31096,20251229,2
30933,20260103,2
30993,20251119,2
30932,20250825,2
30938,20251110,2
32216,20251111,1
32326,20251105,1
31096,20251016,2
31887,20251012,1
32317,20250722,1
34975,20250731,2
18659,20250721,1
31063,20251126,2
31346,20250912,2
30965,20250822,2
32287,20250811,1
31040,20250822,2
30897,20251023,2
31335,20251217,2
31978,20250804,1
35511,20250915,2
32062,20260329,1
31008,20251005,2
31877,20250928,1
140,20251231,1
30928,20251117,2
30905,20250905,2
32317,20251005,1
30863,20250811,2
32277,20250915,1
32457,20250901,1
18636,20250910,1
30898,20251111,2
31933,20251023,1
34917,20250725,2
31806,20251026,1
31841,20250718,1
31772,20250814,1
31813,20250825,1
18576,20251128,1
30859,20250816,2
31081,20250830,2
30866,20250818,2
30907,20250822,2
31054,20250903,2
31929,20251114,1
14802,20251118,1
32066,20250918,1
30901,20251103,2
32141,20251025,1
32271,20250901,1
32120,20251024,1
30907,20251120,2
31629,20251220,2
31776,20251008,1
31002,20250831,2
30898,20251102,2
31777,20251206,1
31842,20250926,1
31383,20251230,2
30897,20250926,2
30910,20251217,2
30897,20250811,2
31007,20251227,2
31041,20251114,2
31846,20251007,1
32066,20251003,1
35089,20251209,2
31750,20250913,1
31694,20251206,1
30920,20251212,2
18670,20251029,1
34842,20251130,2
30987,20251122,2
31105,20250824,2
31002,20250819,2
31385,20251014,2
21915,20251219,2
31099,20251207,2
32065,20250831,1
31089,20251104,2
30887,20250917,2
31968,20251213,1
31618,20250922,2
30929,20251213,2
35571,20251021,2
31859,20250822,1
32064,20251117,1
30901,20251017,2
30976,20251231,2
31887,20251120,1
32065,20251211,1
32278,20250910,1
30984,20251112,2
30918,20250821,2
30926,20260105,2
31860,20251001,1
35571,20251114,2
12640,20251218,1
31009,20251022,2
30857,20250818,2
31007,20251128,2
31008,20250906,2
31630,20251102,2
31082,20251113,2
31335,20251006,2
31008,20251103,2
31035,20260104,2
32318,20250901,1
35075,20251025,2
31933,20250731,1
32228,20250928,1
30976,20251228,2
18657,20250911,1
31266,20251129,2
32323,20251019,1
30921,20251105,2
31968,20251030,1
31333,20260104,2
30901,20250830,2
30951,20251013,2
30965,20250920,2
31009,20251020,2
31615,20251122,2
18688,20251025,1
31847,20250809,1
30901,20250724,2
31855,20251118,1
31887,20251110,1
31414,20250828,2
30904,20260105,2
31335,20250913,2
14802,20250930,1
32166,20250907,1
32334,20250813,1
30889,20250904,2
30981,20251004,2
31082,20251127,2
31842,20251003,1
30980,20251215,2
35250,20250804,1
32090,20250727,1
31001,20251111,2
32140,20250909,1
31138,20251224,2
30936,20251225,2
31040,20250809,2
30929,20250927,2
32090,20251213,1
32485,20251208,1
31086,20251202,2
30937,20250817,2
31099,20250910,2
31002,20250802,2
35075,20251113,2
30901,20251009,2
30912,20250917,2
30891,20250910,2
14802,20251117,1
18592,20250731,1
31682,20251215,1
18576,20251023,1
32293,20250903,1
30896,20251120,2
30901,20250919,2
31807,20250908,1
31615,20251005,2
31615,20250915,2
30922,20250805,2
32325,20250720,1
30907,20250808,2
31615,20250901,2
30888,20251129,2
31952,20251129,1
32225,20250923,1
31041,20251218,2
30886,20251128,2
32216,20251104,1
30992,20251229,2
32225,20251125,1
31009,20251223,2
31626,20251025,2
31027,20250825,2
31981,20251216,1
30907,20251021,2
31628,20251117,2
31086,20251203,2
30963,20250730,2
31526,20251027,2
31933,20250828,1
31855,20251111,1
32140,20250825,1
30998,20250820,2
30936,20250908,2
30907,20251102,2
30916,20250823,2
31063,20251202,2
32317,20250827,1
30981,20250929,2
18657,20250722,1
30896,20250922,2
12714,20250830,2
30981,20251212,2
30905,20250924,2
31855,20251125,1
31751,20251212,1
31271,20251025,2
30867,20250821,2
31078,20251119,2
31061,20260109,2
32315,20250912,1
30904,20250818,2
30915,20251028,2
32061,20250811,1
31266,20251204,2
32814,20250904,1
30914,20251207,2
32064,20251208,1
32282,20251110,1
31052,20251231,2
31844,20250806,1
32259,20250923,1
1181,20250723,1
30964,20251023,2
30862,20250808,2
30905,20260105,2
36342,20250826,2
31006,20250924,2
31869,20251013,1
30964,20251209,2
31869,20250816,1
31385,20251115,2
31846,20251027,1
14784,20251211,2
30894,20251129,2
31389,20251218,2
35511,20251128,2
31630,20251201,2
32336,20251126,1
31001,20251010,2
32066,20250728,1
32210,20250903,1
31252,20251227,2
30932,20250927,2
31807,20251118,1
31138,20251226,2
30915,20250824,2
31805,20251209,1
21915,20251008,2
87,20260406,2
31807,20250731,1
30901,20250829,2
32325,20251105,1
12662,20260101,2
31008,20250807,2
30922,20251108,2
31751,20251108,1
31807,20250915,1
31776,20250918,1
31274,20251208,2
31333,20251206,2
31061,20250905,2
31009,20251122,2
31035,20251202,2
31887,20250823,1
31015,20251222,2
32336,20250716,1
31751,20251126,1
35089,20250817,2
31054,20250818,2
30887,20251126,2
30981,20251223,2
32139,20251212,1
31618,20250923,2
31859,20251024,1
31383,20251215,2
30906,20251223,2
32485,20251011,1
31846,20251101,1
14802,20251119,1
31253,20251231,2
30937,20250804,2
31887,20250715,1
31007,20251122,2
32336,20250918,1
31832,20250905,1
31412,20260108,2
30897,20251022,2
1170,20250930,1
31751,20251122,1
30922,20250924,2
31038,20250816,2
30976,20260106,2
30984,20251016,2
30913,20251231,2
30922,20250918,2
31847,20250831,1
30910,20251126,2
31774,20250904,1
31817,20251204,1
21855,20250825,2
12637,20251110,2
31807,20250717,1
30926,20251221,2
31274,20251010,2
32401,20250718,1
30982,20251221,2
31099,20251128,2
31041,20250924,2
32319,20250723,1
30994,20251110,2
30965,20251213,2
30988,20260108,2
21855,20251008,1
30946,20250808,2
31008,20251215,2
32271,20251010,1
30936,20251105,2
32212,20250920,1
31869,20251026,1
30925,20251112,2
30952,20251111,2
1172,20251224,2
31017,20250730,2
36342,20251030,2
31252,20251206,2
30948,20250802,2
30896,20250826,2
31750,20250827,1
30926,20250926,2
269,20250825,2
31010,20260105,2
31096,20251210,2
32222,20250722,1
32061,20250804,1
12637,20251006,2
30886,20251125,2
31059,20251020,2
30927,20250902,2
31808,20250823,1
30902,20251208,2
32282,20251017,1
30860,20250813,2
32164,20250814,1
17180,20260101,2
31691,20250926,1
287,20251225,2
31521,20251117,2
30896,20251209,2
30936,20250730,2
32225,20251217,1
31887,20250930,1
30891,20251206,2
31629,20251205,2
30931,20251029,2
31000,20251229,2
31623,20251223,2
30963,20250919,2
28134,20250912,2
31808,20251221,1
30984,20260107,2
31101,20251229,2
31979,20250820,1
31933,20250806,1
35089,20251220,2
18576,20250727,1
31842,20250927,1
31860,20250813,1
30925,20251225,2
34843,20251015,2
31335,20250730,2
31099,20250831,2
30918,20250926,2
30951,20250817,2
30937,20251106,2
30932,20251011,2
30965,20250906,2
30998,20250913,2
31269,20260104,2
10038,20260101,2
12714,20251215,2
31621,20251123,2
30926,20251211,2
30918,20251026,2
31844,20250926,1
30963,20251103,2
31887,20250906,1
32326,20251118,1
32317,20250917,1
12714,20251220,2
18670,20251203,1
32282,20250912,1
32326,20250814,1
30890,20251201,2
30925,20250905,2
31096,20251224,2
12640,20250930,1
12714,20250731,2
30927,20251012,2
31845,20251026,1
30889,20250817,2
31613,20251226,2
31001,20251019,2
18603,20250913,1
31776,20250915,1
30900,20260107,2
30949,20250808,2
30907,20251002,2
30975,20260103,2
45569,20251225,2
31776,20251029,1
30900,20251025,2
31630,20251005,2
32027,20250715,1
31079,20250903,2
34979,20251201,2
18687,20251007,1
30995,20251231,2
34975,20250820,2
31414,20251226,2
30907,20250913,2
31271,20251205,2
31807,20251010,1
32271,20251101,1
32326,20250807,1
31050,20250829,2
30923,20251119,2
30857,20250817,2
269,20251112,1
31010,20251008,2
30936,20250729,2
32139,20251002,1
31018,20251211,2
30883,20251104,2
37417,20251130,2
30963,20251204,2
30859,20250810,2
30951,20251229,2
31096,20250807,2
36345,20251028,1
14169,20250825,1
18659,20250720,1
31785,20250913,1
31630,20251017,2
30901,20251002,2
31271,20251219,2
30898,20251002,2
31414,20251110,2
31252,20260104,2
30884,20251102,2
30992,20251014,2
30963,20250928,2
30992,20251113,2
18570,20250816,1
12640,20251210,1
35075,20251030,2
12662,20251231,1
30929,20250922,2
31615,20251021,2
31871,20251219,1
32061,20251130,1
30883,20251002,2
31694,20251220,1
32188,20251213,1
31009,20250904,2
32336,20251215,1
31389,20251226,2
31006,20251203,2
12637,20251007,2
30988,20251204,2
31904,20251112,1
30887,20251207,2
31000,20251211,2
18575,20251219,1
32228,20250926,1
32225,20251021,1
32065,20251031,1
30976,20251217,2
30925,20251113,2
14802,20251205,1
32140,20250910,1
30891,20250920,2
30888,20251027,2
18576,20250919,1
30983,20251212,2
27959,20250929,1
30937,20250915,2
31887,20251118,1
31006,20250823,2
32222,20250918,1
31615,20251121,2
30986,20251030,2
30890,20260106,2
18687,20250818,1
30998,20251219,2
31271,20251211,2
31005,20250813,2
31346,20250812,2
32275,20250911,1
31041,20251209,2
31089,20251225,2
34842,20251031,2
30971,20260109,2
31968,20251202,1
30885,20251228,2
30994,20251103,2
31683,20251202,1
31414,20251003,2
31615,20251119,2
31626,20251204,2
31050,20251015,2
1171,20250811,1
32027,20250812,1
30915,20251007,2
32120,20250809,1
31968,20250722,1
30889,20250930,2
32064,20250918,1
30887,20251015,2
30963,20251216,2
32164,20251023,1
31008,20250717,2
37417,20250825,2
30928,20251113,2
31887,20250927,1
1170,20250912,1
31335,20250817,2
30901,20250928,2
31877,20251115,1
30916,20251227,2
31105,20251112,2
30914,20260103,2
31101,20260106,2
30886,20250924,2
31059,20260109,2
31844,20250919,1
31805,20250926,1
31267,20250810,2
31056,20251202,2
31270,20251229,2
31009,20251130,2
30964,20251112,2
31090,20251126,2
30883,20251023,2
30932,20251006,2
30900,20251018,2
32139,20250909,1
30936,20251107,2
18670,20250813,1
18602,20250808,1
30933,20250810,2
35571,20250716,2
18670,20250731,1
31008,20251226,2
14784,20251204,2
30900,20250822,2
30937,20251107,2
31102,20251208,2
35075,20251106,2
31041,20250922,2
30918,20251225,2
30943,20250813,2
30980,20251227,2
30926,20251002,2
32216,20251217,1
12714,20250818,2
31610,20260102,2
31086,20251010,2
31532,20260107,2
31105,20250908,2
31615,20251207,2
18688,20250811,1
30934,20251124,2
32275,20250814,1
31414,20251019,2
32139,20251127,1
30903,20251207,2
18592,20251027,1
34917,20250814,2
18570,20250803,1
30916,20250804,2
32061,20251016,1
31018,20251228,2
30998,20250813,2
31904,20251026,1
30938,20251108,2
34843,20251022,2
32065,20251121,1
31008,20250814,2
32336,20250826,1
31086,20251211,2
18686,20250822,1
30933,20250807,2
32334,20250901,1
30994,20251102,2
30936,20250920,2
30992,20250730,2
32066,20251113,1
30888,20251204,2
31877,20251206,1
12637,20251203,2
31018,20251009,2
30979,20251101,2
32140,20251009,1
31006,20251022,2
32064,20250914,1
31006,20250913,2
12714,20251222,1
30887,20251101,2
31086,20251127,2
31526,20260103,2
31061,20251208,2
31081,20250826,2
30915,20251125,2
35571,20250825,2
31002,20250909,2
31346,20250831,2
31876,20251122,1
30931,20251117,2
31274,20251021,2
30901,20251109,2
31618,20250916,2
30897,20250722,2
18569,20251113,1
32256,20250911,1
31096,20251130,2
30936,20251130,2
31000,20251022,2
1170,20251107,1
31626,20251214,2
31841,20251013,1
30915,20251126,2
31101,20250916,2
18604,20251206,1
31008,20251010,2
30885,20251024,2
30887,20251122,2
31054,20251022,2
31608,20260105,2
3952,20251231,2
32325,20251206,1
31832,20250725,1
30889,20250825,2
31621,20251207,2
12640,20251105,1
30894,20260105,2
32282,20250721,1
30964,20251223,2
31968,20251214,1
1170,20251110,1
30982,20251222,2
31841,20251110,1
31096,20250929,2
32336,20251020,1
31521,20251228,2
31006,20251207,2
32064,20250726,1
30933,20250919,2
12637,20250716,2
32120,20251124,1
30907,20251124,2
31099,20251007,2
31788,20250718,1
21855,20251203,1
30896,20260101,2
32264,20250718,1
32271,20251031,1
18636,20250926,1
30907,20251013,2
36204,20250730,2
31041,20250901,2
30985,20260110,2
30928,20251223,2
30898,20250915,2
30859,20250823,2
30933,20250808,2
30907,20251003,2
32166,20251122,1
18603,20251101,1
32287,20251003,1
30937,20250811,2
36284,20251221,2
31346,20251108,2
31086,20251124,2
32120,20250719,1
31887,20250929,1
31383,20251213,2
1170,20251008,1
31629,20251203,2
31868,20250808,1
12714,20251127,2
35075,20251203,2
31629,20260102,2
32222,20251023,1
18573,20250728,1
12640,20251015,1
31424,20260105,2
31266,20251124,2
30920,20251230,2
18686,20251105,1
32210,20250909,1
7855,20251226,2
31035,20260109,2
32457,20251217,1
36342,20250804,2
31206,20251217,2
32287,20251019,1
31059,20251023,2
30934,20251208,2
30952,20251122,2
31817,20251007,1
31000,20251001,2
31006,20251222,2
32326,20251008,1
30886,20251210,2
30937,20251030,2
30884,20260107,2
30897,20251018,2
31844,20251029,1
31033,20250804,2
30887,20251018,2
31038,20250811,2
30925,20251215,2
31038,20250802,2
30897,20251128,2
30921,20251128,2
30903,20251213,2
30925,20251231,2
30932,20251027,2
18603,20251111,1
18688,20250809,1
32210,20250812,1
31629,20250925,2
30912,20251007,2
30985,20251222,2
31002,20251202,2
31033,20250812,2
32065,20251210,1
31078,20251215,2
30925,20251027,2
30908,20251203,2
31002,20251115,2
31099,20250823,2
30928,20251207,2
32287,20251201,1
31333,20251220,2
31887,20250811,1
31618,20260107,2
32140,20250719,1
30920,20251101,2
31414,20251221,2
30891,20251008,2
31821,20250825,1
31006,20251025,2
18602,20250807,1
30986,20260105,2
31414,20251225,2
189,20251225,2
32287,20250802,1
30885,20251125,2
31041,20251001,2
31023,20251227,2
30898,20251112,2
31086,20250816,2
27959,20250901,1
31779,20250815,1
32140,20250806,1
32228,20251024,1
30866,20250830,2
12640,20251113,1
30997,20260110,2
32225,20250930,1
30897,20251116,2
30915,20250903,2
18602,20250911,1
32708,20251009,1
34843,20251126,2
31751,20251014,1
30932,20250908,2
31018,20260110,2
30900,20251124,2
18572,20251102,1
32228,20250830,1
32066,20250818,1
18576,20250830,1
32216,20250812,1
30860,20250821,2
30976,20251214,2
31932,20250915,1
30923,20251029,2
30936,20250910,2
30913,20251228,2
35089,20251007,2
31841,20250815,1
30883,20251203,2
31840,20251215,1
31271,20251215,2
30900,20251128,2
34887,20250801,2
31979,20251112,1
269,20251020,1
31014,20260105,2
30996,20251231,2
30934,20251207,2
30964,20251207,2
31774,20250726,1
30896,20250814,2
32275,20251112,1
30896,20250907,2
32228,20251110,1
31008,20251110,2
31099,20251018,2
32061,20251112,1
31968,20250918,1
32120,20250831,1
30998,20251228,2
31621,20260105,2
32218,20251012,1
31046,20260109,2
31751,20251109,1
31001,20251205,2
31096,20250903,2
31687,20250829,1
31626,20251010,2
30922,20250901,2
32222,20250924,1
31081,20250914,2
31615,20250912,2
18687,20251120,1
31429,20260107,2
3680,20251224,2
32287,20251026,1
31820,20250810,1
30894,20251113,2
31772,20251024,1
18686,20250805,1
18670,20250916,1
31050,20251016,2
30910,20251003,2
31059,20251217,2
32317,20251209,1
31079,20251224,2
32815,20250822,1
30979,20260103,2
31532,20251121,2
30901,20251124,2
32027,20251028,1
32210,20250730,1
30864,20250806,2
31750,20251212,1
31847,20250803,1
5444,20260101,2
30951,20250813,2
31019,20260108,2
31274,20251120,2
30937,20251019,2
30984,20251213,2
31079,20251027,2
31096,20251008,2
30981,20251231,2
30885,20251221,2
30951,20250918,2
30903,20250821,2
18657,20250721,1
30865,20250804,2
30900,20251221,2
31052,20251210,2
30952,20251230,2
31806,20251030,1
32273,20251124,1
30912,20250929,2
31050,20250901,2
32217,20251124,1
31389,20251207,2
32319,20250826,1
14784,20250919,2
32164,20251028,1
31090,20251230,2
32825,20250928,1
30900,20250920,2
18688,20251103,1
31054,20260109,2
32315,20250818,1
31271,20251122,2
31968,20251220,1
28640,20251225,2
31698,20250824,1
18657,20250715,1
31267,20260102,2
34917,20250729,2
30916,20251116,2
32284,20251113,1
31007,20251201,2
31014,20251120,2
31059,20251111,2
31610,20251231,2
31613,20251215,2
30937,20251021,2
30896,20251216,2
31842,20250810,1
30951,20250720,2
18592,20251217,1
31061,20251120,2
35511,20251216,2
31096,20251004,2
32293,20251123,1
31014,20251122,2
30952,20250912,2
31805,20250910,1
30920,20251222,2
32457,20250804,1
31385,20251124,2
32066,20251009,1
31081,20250902,2
31859,20251205,1
31002,20251219,2
30916,20251113,2
31138,20250926,2
32064,20250718,1
31978,20250727,1
31774,20250730,1
31206,20260107,2
31101,20250824,2
32293,20251122,1
30951,20251011,2
30902,20251119,2
30927,20251205,2
1218,20260406,2
31090,20250729,2
27960,20251125,1
31006,20251015,2
31785,20250906,1
32064,20250822,1
31613,20251219,2
32234,20250904,1
31018,20251011,2
36977,20251130,1
30863,20250810,2
32066,20250822,1
30979,20260109,2
32287,20251117,1
30904,20250911,2
31618,20251005,2
31002,20251027,2
30951,20250912,2
31008,20251214,2
31629,20251125,2
34889,20250806,2
31806,20250806,1
30884,20251210,2
30936,20250804,2
30903,20251024,2
18572,20251101,1
32259,20250914,1
34843,20250919,2
30904,20251011,2
31083,20260109,2
18576,20250731,1
14785,20251222,2
32090,20251008,1
18602,20251022,1
32334,20251112,1
32485,20251003,1
18602,20251016,1
31846,20251021,1
12714,20251118,2
32485,20250930,1
30932,20251007,2
31006,20250826,2
32228,20250901,1
30927,20251222,2
31005,20250903,2
31006,20250917,2
32064,20251010,1
31806,20250908,1
31038,20250815,2
32139,20250721,1
34842,20250815,2
31615,20251209,2
31099,20251212,2
30987,20251228,2
31816,20250907,1
31820,20250727,1
31010,20251026,2
31389,20260106,2
32318,20250913,1
18688,20251124,1
31002,20251104,2
30929,20251209,2
32485,20251022,1
30920,20251012,2
34917,20251201,2
32485,20250905,1
21855,20251201,1
32485,20250811,1
18569,20250723,1
31621,20251026,2
18688,20251105,1
32061,20251104,1
31105,20251129,2
30963,20250831,2
30964,20260110,2
30951,20251208,2
31086,20250924,2
31346,20260106,2
31101,20251220,2
30963,20251006,2
30926,20251206,2
31621,20251228,2
18657,20251112,1
31826,20250911,1
30980,20251229,2
30925,20251013,2
31628,20251118,2
32293,20251007,1
30865,20250801,2
32287,20250718,1
30937,20251213,2
32275,20250731,1
32325,20251101,1
31082,20250911,2
30863,20250814,2
31054,20251104,2
18604,20251020,1
30902,20250903,2
31054,20250921,2
30906,20251228,2
32226,20250802,1
17180,20251226,1
31687,20250816,1
31023,20260103,2
30920,20250904,2
30937,20251222,2
31904,20250926,1
32140,20251028,1
31876,20251202,1
31005,20250902,2
30904,20251120,2
32316,20250823,1
30992,20251208,2
31335,20251219,2
31385,20260104,2
30965,20251103,2
31857,20250809,1
30904,20251130,2
18659,20251106,1
36342,20250723,2
30937,20251012,2
32334,20251221,1
31007,20251022,2
18576,20251213,1
30886,20251102,2
32209,20251031,1
31061,20251006,2
30970,20251229,2
32120,20251114,1
30936,20250912,2
14802,20251021,1
31038,20250717,2
30993,20251126,2
1186,20250826,1
32065,20250929,1
32066,20250720,1
32216,20251118,1
30933,20250920,2
32334,20251203,1
31050,20250912,2
32228,20250802,1
32271,20251012,1
31751,20250913,1
31683,20250731,1
34842,20251201,2
31081,20250904,2
31010,20251031,2
31630,20251228,2
32140,20250924,1
31081,20251019,2
30921,20251215,2
30993,20251217,2
31243,20251231,2
35089,20251001,2
28134,20250911,2
30992,20251119,2
30863,20250806,2
30916,20250917,2
31335,20251211,2
30937,20250729,2
30926,20251014,2
30916,20250811,2
30927,20250912,2
31846,20250908,1
34889,20251130,2
30937,20251028,2
30934,20251125,2
31253,20251202,2
18659,20250722,1
30926,20251226,2
31842,20251017,1
32139,20250822,1
30896,20250923,2
30886,20251110,2
31832,20250815,1
30928,20251102,2
31981,20250823,1
18670,20250804,1
32228,20251122,1
30933,20251012,2
31805,20250816,1
31615,20251103,2
30902,20251215,2
30910,20251123,2
36204,20250821,2
32208,20250718,1
31753,20250825,1
30899,20251212,2
31054,20260104,2
31414,20251030,2
31824,20250808,1
31979,20250907,1
30891,20250814,2
30884,20251105,2
14802,20250904,1
30994,20251210,2
31078,20250901,2
30922,20250822,2
32277,20250920,1
30896,20251226,2
30883,20251207,2
31333,20251212,2
30992,20250924,2
372,20260406,1
31876,20250818,1
31099,20260104,2
31608,20251114,2
32139,20251201,1
30902,20251021,2
31751,20251009,1
30888,20250910,2
32334,20250909,1
30889,20251215,2
31082,20251019,2
30964,20250920,2
31009,20251021,2
31346,20250921,2
31081,20251031,2
31388,20260103,2
32256,20250918,1
30900,20251209,2
31842,20251026,1
30998,20251009,2
31841,20250725,1
30912,20251024,2
31005,20251211,2
35003,20250827,2
30912,20251204,2
30963,20250923,2
30901,20250922,2
31090,20260101,2
30918,20250908,2
31270,20251029,2
30998,20250918,2
32485,20251117,1
31978,20250729,1
30904,20250917,2
31772,20250801,1
30904,20250824,2
30936,20250830,2
31805,20251018,1
31842,20251005,1
30921,20251230,2
30928,20251123,2
30971,20251108,2
32216,20250722,1
30889,20251204,2
31083,20251016,2
18575,20251010,1
31683,20250814,1
30902,20250913,2
18573,20251212,1
18602,20251120,1
30973,20251213,2
32166,20250803,1
31754,20251221,1
31876,20251110,1
32271,20250816,1
31630,20251128,2
18576,20251205,1
31009,20250918,2
31979,20250918,1
31691,20250905,1
31526,20251206,2
35489,20251130,2
18603,20250909,1
31005,20251123,2
31945,20250905,1
30933,20251224,2
30932,20251003,2
72,20251231,2
32293,20250717,1
32139,20250726,1
31788,20250815,1
30992,20251213,2
32273,20250922,1
30929,20250901,2
28134,20250916,2
32065,20250923,1
31008,20250929,2
30934,20251222,2
18575,20251114,1
30980,20251124,2
31096,20251010,2
31271,20251017,2
30984,20251111,2
31805,20250828,1
32282,20250804,1
18689,20250905,1
30937,20250802,2
35089,20250821,2
18630,20250905,1
30894,20251105,2
30887,20250901,2
35571,20251209,2
30982,20260109,2
31008,20251002,2
31007,20251012,2
31090,20250806,2
30858,20250829,2
37418,20251225,2
32317,20251015,1
18659,20251016,1
31002,20251229,2
14785,20250724,2
21855,20251017,1
18657,20251202,1
32216,20251202,1
31805,20250906,1
30907,20251214,2
31754,20250830,1
18602,20251219,1
18575,20250927,1
31615,20251220,2
18603,20250726,1
30867,20250801,2
31751,20250801,1
30943,20250823,2
31808,20251129,1
31869,20250728,1
30952,20250911,2
31271,20260106,2
30903,20251004,2
32164,20251118,1
31092,20260102,2
31929,20251003,1
30965,20250813,2
30969,20251207,2
30934,20251105,2
30965,20250919,2
31844,20251127,1
32066,20251122,1
18576,20250915,1
32326,20250911,1
35075,20251111,2
31346,20250928,2
30950,20250901,2
31526,20260107,2
35383,20250825,1
18575,20250716,1
31526,20251108,2
31979,20251110,1
30891,20251228,2
30973,20251205,2
31623,20251208,2
31001,20251101,2
31015,20251204,2
31842,20250804,1
30865,20250829,2
31335,20251122,2
21855,20250715,1
31040,20250808,2
30951,20260108,2
32061,20250730,1
31138,20251115,2
31871,20250929,1
32090,20251202,1
30900,20251015,2
35075,20250717,2
30937,20250930,2
30998,20251105,2
32275,20251202,1
30971,20251129,2
30901,20250715,2
18657,20250908,1
35075,20250901,2
31844,20250918,1
31842,20251109,1
30933,20250809,2
30887,20251214,2
30916,20250725,2
31414,20250911,2
30984,20260105,2
30912,20251001,2
31009,20251016,2
31688,20250919,1
31777,20251207,1
31732,20251124,1
31018,20251120,2
32457,20251124,1
31621,20251021,2
11066,20250919,1
35075,20251128,2
31860,20250924,1
18687,20250805,1
31981,20251012,1
30905,20251026,2
31346,20251218,2
30891,20251022,2
31751,20251217,1
31014,20251123,2
30943,20250814,2
3668,20251225,2
30937,20251116,2
79,20260403,2
30926,20251030,2
31061,20250718,2
32277,20250825,1
32066,20251126,1
30885,20251103,2
30918,20251201,2
31005,20251031,2
30963,20250926,2
31001,20250909,2
30897,20251127,2
30884,20260102,2
12637,20251125,2
31086,20251112,2
32282,20250905,1
28134,20251105,2
31266,20260106,2
31018,20251205,2
31857,20251130,1
32217,20250929,1
30865,20250803,2
268,20251008,2
18686,20251202,1
31688,20250818,1
31015,20251111,2
32323,20251017,1
30927,20250816,2
31023,20260108,2
30932,20260104,2
31630,20251104,2
31832,20250907,1
32027,20251112,1
18688,20251114,1
32317,20250903,1
30998,20251102,2
30907,20251128,2
32485,20250821,1
32485,20250917,1
32277,20251123,1
30888,20251110,2
31666,20260403,1
32222,20251211,1
30931,20260103,2
32061,20250815,1
14802,20250923,1
31774,20251022,1
30934,20251211,2
32334,20251026,1
31857,20250929,1
30922,20251111,2
31751,20250808,1
31086,20251209,2
30896,20251111,2
31414,20251005,2
31086,20251110,2
18576,20251106,1
31346,20250825,2
21915,20251106,2
34929,20250804,2
31050,20260107,2
30937,20251210,2
31621,20251227,2
35075,20251022,2
32287,20251101,1
34917,20250818,2
30859,20250807,2
30926,20250918,2
32222,20251119,1
30858,20250812,2
31138,20251124,2
31859,20251128,1
30896,20251225,2
31009,20250923,2
30992,20251115,2
30925,20251130,2
32259,20251207,1
31041,20251126,2
31138,20250912,2
31079,20250928,2
30989,20251209,2
30929,20250823,2
30899,20251218,2
30901,20251119,2
31083,20251229,2
32284,20250724,1
14802,20251124,1
30901,20250907,2
35075,20250804,2
32139,20251021,1
30907,20251101,2
36345,20251009,2
31253,20251205,2
18687,20250923,1
31061,20251206,2
14802,20251224,2
18604,20250804,1
31526,20251116,2
31081,20251021,2
372,20251225,1
31876,20250729,1
30863,20250830,2
35571,20251121,2
30927,20250906,2
31887,20251001,1
31772,20251202,1
30884,20251109,2
32457,20251020,1
30986,20251009,2
30912,20251025,2
31686,20250907,1
32275,20250827,1
32326,20250923,1
31776,20250910,1
31968,20251123,1
31414,20251001,2
30923,20250921,2
30923,20250822,2
28134,20250924,2
31429,20260105,2
32140,20250718,1
30863,20250831,2
31346,20251008,2
31968,20251217,1
18636,20250812,1
30952,20251001,2
31274,20250920,2
34843,20251217,2
30858,20250730,2
30908,20251215,2
30951,20250820,2
31751,20250730,1
31099,20251213,2
30916,20260103,2
31385,20251208,2
30964,20250821,2
30900,20251003,2
31615,20251009,2
30891,20251105,2
31010,20251204,2
30885,20250820,2
31272,20260107,2
18576,20251014,1
32228,20251018,1
30936,20251023,2
18592,20250805,1
31615,20250824,2
30934,20251126,2
30965,20251207,2
31079,20250914,2
18604,20251026,1
30925,20251017,2
30904,20250817,2
32485,20251014,1
31751,20250824,1
30910,20250906,2
31040,20250806,2
30900,20251021,2
30904,20250825,2
31268,20260107,2
31006,20250910,2
31526,20260101,2
31014,20251125,2
30889,20251221,2
35487,20251201,2
30927,20251008,2
31817,20250917,1
32218,20251102,1
31776,20250723,1
30905,20251224,2
30988,20260105,2
30996,20251229,2
31010,20251128,2
30883,20251122,2
31082,20251219,2
30964,20251117,2
31267,20251125,2
31389,20251215,2
31039,20250807,2
31388,20260109,2
18603,20251207,1
30883,20251007,2
32457,20250910,1
31267,20251221,2
31841,20250721,1
30898,20251108,2
31629,20251013,2
34842,20251030,2
18570,20250825,1
30907,20250925,2
31090,20250814,2
30904,20251222,2
31008,20250730,2
30948,20250825,2
31750,20250723,1
30890,20251113,2
31871,20250829,1
30897,20250725,2
15540,20260403,2
31615,20251101,2
31776,20250728,1
31981,20251120,1
31346,20250911,2
31855,20251022,1
32228,20251220,1
32234,20250911,1
30929,20250925,2
30902,20250919,2
12637,20251113,2
30901,20251120,2
32139,20250718,1
18576,20251113,1
30929,20250914,2
31855,20250715,1
30992,20251126,2
31414,20250723,2
31086,20250908,2
30866,20250831,2
30922,20251013,2
32061,20250920,1
27960,20251202,1
30897,20251209,2
12714,20250928,2
18602,20250718,1
31346,20251013,2
31271,20251210,2
32061,20251108,1
31383,20251119,2
31832,20250913,1
32259,20251221,1
31014,20251226,2
31086,20250724,2
30982,20251230,2
18576,20251111,1
269,20251104,1
31039,20250823,2
32209,20250718,1
30916,20250907,2
30964,20251124,2
31086,20260110,2
31869,20250921,1
30936,20250815,2
4376,20260403,1
31105,20250816,2
18602,20251212,1
30947,20250823,2
30971,20251229,2
30923,20250926,2
31101,20260101,2
31618,20260110,2
31776,20250812,1
30926,20251108,2
32188,20251115,1
36342,20250730,2
30901,20251227,2
31808,20250809,1
31805,20251220,1
30867,20250809,2
32164,20250930,1
32271,20251107,1
31774,20250806,1
30994,20251114,2
30927,20250815,2
32061,20250828,1
30986,20251219,2
30923,20250828,2
31054,20250820,2
32317,20251206,1
31206,20251210,2
18636,20250819,1
31979,20251201,1
5148,20260406,2
32166,20250928,1
31841,20251010,1
31026,20250828,2
18592,20251030,1
32216,20250923,1
31772,20250730,1
36204,20250731,2
12714,20250722,2
30885,20250731,2
32482,20251116,1
30907,20250726,2
30897,20251201,2
32226,20250720,1
36204,20251029,2
30952,20251016,2
18630,20251114,1
31005,20250920,2
35511,20251015,2
30921,20251122,2
30936,20251127,2
31623,20251101,2
31101,20251013,2
18575,20250921,1
30921,20251113,2
30890,20251218,2
18572,20251109,1
18603,20251122,1
31138,20250831,2
30905,20250901,2
31041,20251219,2
31868,20250822,1
31206,20260106,2
31383,20251229,2
35089,20251015,2
30902,20251031,2
31061,20250805,2
31621,20251005,2
31271,20251206,2
30898,20251109,2
30891,20250905,2
12640,20251016,1
31041,20250831,2
31877,20251201,1
32226,20251130,1
31968,20251115,1
32325,20250715,1
30933,20251103,2
32208,20250808,1
31812,20250717,1
30920,20251204,2
18687,20251005,1
31007,20251019,2
30993,20251012,2
32271,20250915,1
30985,20251108,2
30931,20251114,2
32325,20250916,1
31054,20250919,2
32066,20250920,1
31078,20251112,2
30884,20251129,2
31081,20250926,2
31061,20251115,2
32275,20251118,1
30894,20251111,2
31089,20260104,2
31807,20251107,1
30936,20250919,2
30987,20251212,2
31009,20250901,2
31952,20251220,1
35089,20251208,2
31061,20250910,2
30905,20251125,2
31101,20251005,2
32293,20250904,1
34843,20250804,1
31750,20251102,1
18632,20251207,1
30983,20260103,2
31750,20251209,1
31621,20251022,2
31271,20251213,2
30971,20251208,2
31774,20251108,1
30902,20251027,2
31979,20251031,1
31629,20251222,2
18632,20251130,1
32284,20250715,1
31267,20250910,2
30899,20251207,2
30900,20251118,2
30888,20250917,2
30964,20250828,2
30970,20260103,2
15776,20260403,1
31138,20251219,2
30995,20260109,2
32226,20250921,1
31018,20251118,2
3668,20250825,2
31082,20251129,2
31253,20251201,2
21855,20251217,1
32325,20251204,1
10038,20251225,2
21915,20250905,2
32140,20250815,1
31006,20251017,2
30992,20250801,2
32228,20251025,1
18602,20251003,1
30910,20251121,2
11726,20250825,2
30989,20260104,2
30891,20251020,2
32293,20250815,1
32287,20251130,1
31887,20251220,1
31015,20251102,2
21092,20260406,2
14802,20250912,1
31687,20250920,1
32066,20250829,1
32228,20250815,1
32271,20251212,1
30925,20251114,2
30985,20260108,2
31844,20251203,1
31847,20250720,1
32208,20251006,1
27959,20250915,1
32066,20251127,1
32139,20250814,1
18572,20250726,1
31023,20251207,2
31082,20250924,2
30894,20251115,2
34910,20251201,2
14784,20250915,2
31099,20260106,2
30886,20251104,2
30963,20251117,2
32061,20251110,1
34975,20250813,2
18636,20251021,1
30993,20251018,2
31096,20251021,2
32271,20251025,1
34842,20250724,2
31138,20251123,2
31389,20260102,2
31082,20251118,2
31832,20250830,1
31807,20250806,1
32105,20251030,1
35003,20250812,2
31082,20251115,2
34975,20250724,2
31270,20260103,2
32315,20250719,1
30886,20251013,2
30936,20251204,2
30969,20251130,2
31526,20251104,2
31082,20251104,2
30963,20251113,2
31808,20250824,1
30998,20251224,2
32316,20250927,1
31050,20250927,2
30985,20251210,2
31017,20250810,2
11726,20260406,2
31981,20250925,1
30910,20250916,2
31009,20250929,2
31615,20251109,2
31041,20250908,2
31805,20251114,1
12640,20250825,2
269,20260403,2
31000,20251118,2
32827,20250907,1
31621,20251218,2
30910,20251109,2
31267,20251114,2
32485,20251021,1
32218,20250907,1
31081,20251110,2
32061,20250813,1
32323,20251102,1
32226,20250803,1
30896,20251204,2
31805,20251030,1
31952,20251122,1
30925,20250812,2
32334,20251206,1
31688,20251020,1
35571,20250922,2
30948,20250803,2
31102,20251224,2
32271,20250905,1
32065,20251109,1
30993,20250722,2
31000,20260104,2
31101,20260107,2
31751,20251216,1
31089,20250922,2
31846,20250824,1
31346,20250924,2
31015,20251127,2
32325,20251026,1
31054,20251109,2
32139,20250915,1
32090,20250805,1
32120,20250927,1
31688,20251121,1
30916,20250825,2
31615,20250905,2
30981,20251030,2
7855,20251225,2
30929,20251122,2
31089,20250812,2
18686,20250801,1
18688,20250715,1
30963,20251207,2
30922,20251006,2
21915,20251203,2
31842,20251123,1
36204,20250723,2
31027,20250823,2
30918,20250812,2
30904,20251022,2
36345,20251210,2
31010,20251211,2
30938,20251116,2
30902,20251017,2
31270,20251129,2
31812,20250806,1
30927,20251125,2
31089,20251109,2
30997,20251231,2
31346,20250907,2
18592,20250801,1
30932,20251124,2
30912,20251012,2
31105,20251013,2
30903,20250927,2
287,20250721,1
31615,20250823,2
18592,20251117,1
18572,20251214,1
31090,20251109,2
31691,20251121,1
31626,20251021,2
31090,20251025,2
286,20251231,2
31615,20260107,2
18570,20251006,1
36284,20250826,2
30916,20251128,2
18688,20250831,1
30900,20251226,2
30993,20250801,2
31099,20250805,2
14802,20250908,1
30907,20251218,2
15538,20251224,2
34910,20251130,2
31015,20251124,2
36345,20251016,2
18636,20250925,1
30906,20251123,2
31750,20251018,1
30981,20251119,2
18575,20251002,1
32317,20251208,1
31027,20250817,2
18689,20251003,1
18575,20251106,1
32275,20251029,1
30992,20250916,2
31807,20251202,1
31887,20250722,1
31002,20250930,2
30933,20251204,2
31772,20251017,1
31335,20251021,2
32064,20251211,1
30884,20251026,2
30992,20250913,2
32277,20251221,1
30993,20251215,2
31805,20251123,1
31978,20250718,1
34859,20250825,2
31686,20251116,1
18604,20251004,1
32212,20250817,1
30929,20251003,2
31008,20251222,2
30912,20251017,2
31750,20250814,1
31750,20251021,1
31820,20250822,1
36345,20251027,1
30922,20251019,2
31621,20250816,2
3668,20251231,1
31105,20251124,2
32457,20251202,1
30917,20260103,2
32140,20250930,1
31521,20251025,2
30929,20250818,2
31007,20250911,2
31618,20251214,2
30932,20251010,2
32090,20251108,1
30942,20250828,2
30925,20250802,2
30906,20251112,2
31267,20251209,2
32065,20250730,1
30976,20251213,2
31844,20251114,1
31035,20251205,2
31101,20251105,2
31253,20251221,2
32318,20250817,1
18569,20251204,1
18602,20250926,1
31059,20251216,2
32275,20251111,1
31979,20251102,1
31061,20251029,2
31629,20251029,2
30937,20251013,2
1170,20251212,1
31732,20251215,1
30910,20250802,2
30910,20251104,2
31926,20251026,1
12639,20250905,1
12662,20250825,2
14128,20251225,2
31018,20251028,2
31002,20250913,2
30898,20251014,2
30927,20250817,2
30952,20251229,2
31271,20251202,2
32485,20250807,1
31274,20251011,2
32027,20250717,1
30928,20251209,2
31981,20250815,1
31089,20250805,2
31059,20251015,2
31750,20251122,1
31138,20251212,2
30979,20251208,2
32256,20251006,1
372,20260403,1
31086,20251020,2
30928,20251206,2
31869,20251116,1
30926,20250915,2
32064,20250904,1
30901,20251013,2
30889,20250917,2
31050,20251014,2
30994,20260103,2
30986,20251124,2
31774,20251027,1
31033,20250826,2
37418,20250804,1
30916,20251228,2
30920,20251213,2
32139,20250720,1
18686,20250721,1
31621,20250917,2
31271,20251125,2
30934,20251229,2
31968,20251006,1
30921,20251211,2
30890,20251129,2
30987,20260109,2
31243,20260101,2
18686,20250911,1
30898,20251122,2
31807,20250828,1
30963,20250717,2
31005,20250825,2
31001,20251228,2
31751,20250930,1
31844,20251126,1
31776,20251027,1
30922,20251122,2
31621,20250803,2
30993,20251223,2
31006,20251223,2
31086,20250903,2
14802,20251203,1
32140,20251213,1
32105,20251106,1
31618,20251001,2
30986,20251008,2
30931,20260102,2
3674,20251226,2
18657,20251001,1
32218,20251003,1
32064,20251028,1
30951,20251028,2
30933,20251107,2
31335,20250724,2
31788,20250808,1
30927,20250925,2
37417,20260406,2
30977,20260104,2
31887,20251009,1
28134,20251118,2
30942,20250821,2
31952,20250726,1
32271,20251124,1
32336,20250723,1
30891,20250921,2
30903,20251123,2
31860,20250910,1
12640,20251222,1
30910,20251124,2
35089,20250822,2
27960,20250916,1
18604,20251005,1
31015,20251118,2
30985,20251114,2
30982,20251114,2
18569,20251015,1
30984,20251229,2
30897,20250802,2
32334,20250731,1
32819,20250730,1
30915,20250908,2
18604,20251006,1
31089,20250904,2
31772,20250818,1
30998,20251122,2
30914,20251104,2
31099,20251118,2
30894,20251022,2
31698,20250831,1
30911,20251229,2
30933,20251212,2
31015,20251216,2
30923,20251217,2
31813,20250914,1
28134,20250926,2
30903,20250916,2
31876,20250908,1
30900,20251210,2
1186,20250827,1
30898,20251020,2
30907,20250820,2
31039,20250831,2
18636,20250930,1
31002,20251212,2
18657,20251210,1
30916,20250813,2
30928,20251215,2
32226,20250907,1
32222,20251125,1
31335,20251101,2
31010,20260108,2
30888,20250828,2
31887,20250831,1
31138,20251125,2
31014,20260103,2
36734,20251201,2
31001,20251229,2
35571,20251028,2
35003,20250729,2
30884,20251031,2
30900,20251030,2
30885,20251214,2
31779,20250912,1
30891,20251109,2
30889,20251107,2
31968,20250902,1
18575,20250725,1
30867,20250827,2
32256,20251113,1
30890,20251124,2
31079,20251213,2
32061,20251015,1
31005,20251012,2
32334,20250906,1
31063,20251110,2
31007,20250926,2
18575,20250809,1
30891,20250930,2
31089,20250811,2
32064,20250729,1
30886,20250807,2
45572,20251130,2
30993,20251003,2
30952,20250825,2
31532,20251114,2
31846,20250826,1
30915,20250804,2
30900,20251224,2
31981,20251218,1
31138,20251220,2
36205,20250728,1
32273,20251122,1
30932,20251012,2
18684,20250803,1
30929,20250827,2
32218,20251013,1
30992,20251124,2
31096,20250902,2
35075,20250904,2
30897,20251013,2
30933,20251104,2
31933,20251021,1
31086,20251114,2
28134,20251218,2
31774,20250826,1
31683,20251112,1
31904,20251127,1
31808,20251206,1
18686,20251212,1
30889,20250911,2
31626,20251017,2
30916,20250816,2
18575,20250904,1
32485,20250926,1
30984,20251202,2
30985,20251223,2
31267,20251228,2
31346,20250829,2
31054,20251021,2
31006,20251116,2
31388,20251229,2
31807,20250715,1
31041,20251106,2
31877,20250728,1
31007,20250903,2
30986,20251005,2
31006,20251008,2
31138,20251128,2
30885,20251211,2
32066,20250914,1
30903,20251113,2
34917,20250804,2
35089,20250727,2
32090,20251020,1
32401,20250811,1
32066,20251210,1
31847,20251004,1
32822,20250719,1
31521,20251219,2
30928,20251109,2
31274,20251112,2
27960,20251209,1
31063,20251224,2
30899,20251230,2
31267,20250822,2
30933,20250925,2
30901,20251003,2
31751,20250918,1
32485,20250722,1
30982,20251214,2
18603,20250914,1
18636,20251020,1
30887,20251215,2
14802,20250715,1
30979,20251114,2
30923,20250806,2
31806,20251201,1
31777,20250906,1
30889,20250902,2
31101,20250821,2
31082,20250922,2
30907,20251116,2
689,20251224,2
32065,20251106,1
30907,20251010,2
31063,20251127,2
31618,20251104,2
31054,20251112,2
30910,20251006,2
31078,20250806,2
31626,20251012,2
18576,20251114,1
31869,20251020,1
31933,20250820,1
36345,20251023,2
32275,20250805,1
31038,20250825,2
32334,20251029,1
31844,20251121,1
31082,20251231,2
30933,20250827,2
34842,20250821,2
32325,20250804,1
32228,20250912,1
31079,20251211,2
30992,20251019,2
30923,20250924,2
32064,20251209,1
31688,20250922,1
30998,20251121,2
36737,20250825,2
30891,20251226,2
32259,20250913,1
269,20251105,1
30928,20251228,2
30867,20250808,2
32212,20251012,1
30963,20250724,2
30918,20250825,2
30969,20251229,2
30927,20251130,2
30904,20250820,2
30894,20251228,2
14802,20250911,1
31871,20251213,1
30897,20250903,2
30888,20251201,2
30914,20251127,2
31979,20250830,1
30980,20251230,2
31056,20251218,2
36345,20251015,2
31018,20250904,2
30900,20250904,2
14140,20250718,2
31089,20251124,2
31061,20251204,2
31414,20250912,2
30891,20250914,2
30887,20251118,2
31083,20251205,2
31832,20250804,1
31806,20251015,1
30971,20251120,2
31623,20251118,2
18657,20251126,1
21855,20250930,1
31089,20250901,2
18576,20250724,1
30952,20250805,2
12714,20250915,2
18575,20250922,1
35571,20251217,2
18592,20251212,1
32066,20250804,1
18687,20250814,1
31015,20251208,2
31101,20250921,2
18575,20250821,1
31981,20251114,1
30886,20260104,2
30916,20251117,2
30918,20250813,2
31904,20251205,1
30922,20250806,2
31090,20251207,2
35003,20250820,2
32066,20251029,1
31385,20251123,2
30903,20251011,2
30899,20251231,2
30901,20251116,2
31979,20251007,1
31096,20251031,2
32256,20251127,1
12635,20251226,2
31101,20250920,2
32317,20251014,1
18604,20251012,1
31078,20250916,2
32139,20250921,1
21915,20251023,2
31414,20250829,2
32212,20250726,1
31270,20251205,2
30926,20251129,2
18603,20251215,1
32222,20250806,1
32457,20251216,1
27962,20251112,1
31002,20250821,2
31346,20260103,2
31096,20251220,2
30906,20260105,2
30889,20250922,2
30949,20250824,2
30888,20250920,2
30907,20250826,2
30933,20250830,2
21915,20251202,2
30963,20250927,2
32334,20251118,1
30952,20250924,2
30965,20251001,2
31081,20250912,2
11066,20251219,1
12714,20251026,2
31018,20251218,2
31751,20251118,1
31039,20250730,2
32323,20251113,1
18604,20250907,1
32225,20251202,1
30866,20250819,2
30923,20250824,2
30915,20251212,2
32325,20251208,1
32284,20251028,1
31007,20251029,2
18592,20250808,1
31001,20251110,2
30982,20251231,2
31089,20250827,2
31687,20250802,1
30907,20250902,2
30929,20250819,2
31082,20250822,2
31621,20260102,2
15776,20260406,1
31002,20250914,2
31096,20250826,2
35075,20250816,2
4415,20251226,2
30923,20251010,2
30900,20251103,2
31842,20251020,1
30896,20251227,2
34975,20250825,2
18687,20251122,1
30898,20250824,2
31388,20251230,2
30883,20251210,2
32066,20250725,1
32317,20251123,1
30983,20260105,2
32334,20250723,1
32164,20251216,1
30934,20251121,2
30904,20250902,2
32275,20251023,1
31105,20250728,2
30915,20250826,2
31686,20251129,1
27962,20260403,2
31000,20251120,2
31096,20260110,2
31253,20251204,2
30902,20251127,2
31101,20250806,2
31842,20251206,1
31001,20251213,2
31805,20251009,1
30884,20251121,2
18602,20250903,1
30964,20250810,2
31805,20250812,1
30936,20250807,2
269,20250716,1
31061,20251104,2
30901,20250720,2
30988,20260101,2
31038,20250822,2
31002,20250903,2
31035,20251204,2
31613,20260103,2
36207,20250822,2
32090,20251205,1
31267,20260108,2
30883,20251006,2
31621,20260104,2
31981,20250812,1
31844,20251023,1
34917,20251130,2
32293,20251217,1
36284,20250804,2
32217,20251027,1
14802,20251208,1
31808,20251011,1
30865,20250820,2
31005,20250910,2
18603,20251202,1
31023,20251205,2
30933,20251119,2
32293,20250804,1
30885,20250823,2
32325,20251011,1
30915,20250812,2
32140,20251107,1
30916,20251121,2
31081,20251111,2
31806,20251221,1
31629,20251020,2
31623,20251106,2
17191,20250825,1
31981,20250901,1
31926,20250831,1
30889,20260106,2
31005,20250921,2
32228,20250810,1
32485,20251202,1
31090,20250821,2
32105,20250926,1
31526,20251117,2
31532,20251122,2
31812,20250819,1
32164,20250819,1
30901,20251030,2
30903,20251107,2
31269,20251209,2
31626,20251211,2
18687,20251203,1
31383,20251113,2
31096,20251026,2
30900,20251220,2
31385,20251223,2
18592,20251022,1
30890,20251108,2
32323,20251123,1
32293,20251017,1
31981,20251221,1
30929,20251222,2
31820,20250906,1
30995,20251204,2
30964,20250908,2
31101,20260105,2
32140,20250916,1
32334,20250917,1
30897,20251001,2
30965,20250810,2
31687,20251108,1
34854,20250804,2
31079,20251114,2
31014,20251127,2
31904,20251203,1
31812,20250903,1
31683,20251127,1
31252,20260107,2
18636,20250717,1
31976,20250801,1
32166,20250927,1
31683,20250717,1
31009,20251019,2
31269,20251222,2
31621,20250913,2
30927,20250920,2
12714,20250721,2
18592,20251126,1
31777,20250920,1
30964,20251119,2
31532,20251220,2
30916,20251109,2
30901,20260105,2
31010,20251119,2
45572,20251226,2
31266,20251221,2
31054,20250917,2
31887,20250908,1
31089,20251113,2
18573,20251205,1
31630,20251122,2
31252,20260105,2
30995,20251217,2
32334,20250923,1
269,20250903,1
31083,20251210,2
30912,20250913,2
32212,20251020,1
30931,20251116,2
31860,20250918,1
31082,20251024,2
30912,20250916,2
32284,20251202,1
32259,20250811,1
32282,20251114,1
32321,20250907,1
31018,20251225,2
32066,20251206,1
31981,20250826,1
36342,20250811,2
18603,20250802,1
30902,20251121,2
31610,20260101,2
31096,20251028,2
31414,20250808,2
30888,20250904,2
32218,20250912,1
37417,20251226,2
18576,20251025,1
32315,20250720,1
31629,20251215,2
31001,20251016,2
30970,20260105,2
30910,20251010,2
32319,20250909,1
31007,20251205,2
32485,20250806,1
32287,20251110,1
30910,20250812,2
30927,20251002,2
31089,20251206,2
32326,20250804,1
18688,20251125,1
35487,20251130,2
31389,20251120,2
31266,20251229,2
31002,20250911,2
18659,20251026,1
18688,20250718,1
31078,20251125,2
31015,20251221,2
31608,20251226,2
31750,20251023,1
32287,20251018,1
30979,20251202,2
30937,20250805,2
31621,20251018,2
31774,20250820,1
12714,20251103,2
268,20251204,2
31090,20251020,2
31335,20250909,2
32256,20250901,1
31754,20251005,1
30927,20251210,2
31613,20260109,2
18570,20250913,1
35075,20250910,2
30888,20250804,2
30912,20251111,2
32228,20251109,1
31009,20251129,2
32066,20250830,1
31005,20250824,2
31866,20250724,1
30942,20250803,2
30933,20251101,2
32485,20250929,1
31008,20251111,2
14802,20251120,1
31623,20251110,2
30933,20250914,2
30916,20251129,2
31054,20250815,2
15540,20251226,1
31078,20250831,2
30897,20250928,2
31687,20251013,1
30858,20250725,2
31089,20251219,2
45573,20251226,1
31089,20250718,2
30888,20251010,2
18570,20250802,1
30896,20251103,2
31096,20251024,2
30891,20251013,2
32066,20250905,1
31805,20250922,1
32273,20251214,1
31976,20250731,1
30965,20251005,2
30894,20251103,2
32326,20251007,1
30932,20250905,2
31009,20251231,2
31806,20251121,1
18657,20250923,1
31086,20250920,2
32210,20250814,1
35642,20250804,2
31871,20250831,1
31270,20251206,2
32090,20251113,1
32282,20251219,1
30993,20251213,2
31618,20250903,2
35075,20251110,2
28134,20251216,2
31607,20260101,2
31101,20250817,2
30932,20250805,2
30931,20251201,2
32293,20250912,1
30922,20250813,2
32271,20250815,1
30993,20251110,2
31807,20250723,1
30898,20251030,2
31061,20251126,2
31630,20251121,2
30889,20260107,2
31887,20250806,1
32323,20251111,1
32277,20251124,1
31056,20251222,2
35571,20251006,2
30985,20251206,2
32284,20250812,1
31904,20251007,1
18575,20250803,1
30916,20251006,2
18602,20250724,1
18604,20251018,1
30901,20250716,2
31040,20250819,2
30883,20251101,2
31817,20251015,1
31859,20250905,1
30916,20251106,2
30908,20251113,2
30984,20251204,2
31008,20250915,2
32066,20250902,1
31414,20251026,2
31820,20250829,1
31754,20251122,1
30925,20251123,2
31877,20250907,1
31101,20251212,2
30916,20251024,2
32217,20251013,1
31981,20250910,1
31521,20251111,2
31252,20251222,2
32139,20250907,1
30984,20251119,2
30898,20260108,2
14128,20251224,1
31618,20251115,2
30984,20251106,2
31981,20250813,1
18687,20250803,1
30952,20250918,2
30897,20251208,2
31615,20251112,2
32293,20250914,1
30934,20251231,2
18572,20251012,1
31871,20251003,1
32401,20250729,1
31081,20251114,2
32293,20250831,1
30936,20251031,2
30918,20251216,2
30998,20260103,2
30936,20250826,2
30984,20251007,2
32090,20251125,1
32140,20250805,1
30942,20250827,2
31090,20251028,2
30994,20251224,2
31081,20251023,2
30905,20251004,2
30981,20251016,2
12714,20251105,2
32334,20251202,1
32317,20251016,1
30970,20260107,2
30914,20251113,2
3674,20250825,2
31096,20251221,2
18575,20251119,1
31035,20251228,2
31005,20250807,2
31002,20251009,2
30896,20250901,2
34843,20251023,2
31005,20251204,2
30994,20260109,2
32316,20250913,1
31081,20250803,2
31626,20251207,2
32090,20251025,1
31333,20251216,2
30912,20251010,2
30923,20260103,2
30963,20251012,2
31857,20251123,1
32139,20251114,1
30897,20251004,2
31618,20251216,2
30976,20251215,2
31772,20250902,1
31002,20250827,2
31096,20251205,2
31772,20251113,1
30896,20260109,2
31932,20250901,1
30965,20251221,2
30964,20251005,2
31019,20251207,2
31034,20250901,2
18659,20251214,1
12714,20251204,2
30992,20250928,2
31807,20251113,1
30894,20251006,2
30898,20250908,2
12639,20250825,2
31006,20251028,2
32225,20251015,1
287,20250717,1
36977,20251201,1
31054,20250927,2
32321,20250921,1
36284,20251220,2
31608,20251130,2
31270,20251213,2
31532,20251116,2
27960,20251231,2
32066,20250922,1
34975,20250805,2
31385,20251004,2
31206,20251209,2
30896,20250729,2
31000,20251128,2
30932,20250812,2
32027,20250828,1
30897,20250729,2
32140,20251110,1
31008,20250924,2
34891,20251130,2
32334,20251108,1
31926,20251025,1
30974,20260103,2
30916,20251130,2
35075,20250825,2
30992,20251224,2
31096,20251103,2
31968,20250911,1
30915,20250907,2
18657,20250918,1
31844,20251009,1
31805,20251115,1
31979,20250910,1
31926,20250906,1
30894,20250924,2
30971,20251104,2
30981,20251121,2
18570,20251115,1
32326,20250903,1
31056,20251225,2
30982,20251206,2
31101,20251107,2
31805,20251221,1
31774,20251001,1
12640,20251117,1
18689,20251114,1
31981,20250916,1
30887,20250726,2
31102,20251214,2
35089,20251016,2
30901,20250811,2
18688,20250925,1
28641,20260403,1
31061,20251218,2
31099,20251019,2
31138,20250915,2
18636,20250908,1
31414,20251009,2
30910,20251025,2
31333,20251223,2
31904,20250914,1
18688,20250730,1
30963,20260109,2
31006,20260108,2
30906,20251203,2
30927,20251119,2
31018,20251108,2
31001,20251222,2
31952,20250928,1
30928,20251111,2
31005,20250823,2
30993,20251011,2
31010,20251025,2
18576,20251108,1
32188,20250809,1
31774,20251203,1
32336,20250722,1
31008,20251018,2
32090,20250929,1
30937,20251020,2
31608,20251104,2
32401,20250809,1
32066,20250927,1
35075,20250718,2
5148,20251224,1
32334,20250818,1
32259,20251027,1
30901,20260103,2
30992,20251122,2
18687,20251103,1
35089,20250909,2
31608,20251213,2
31618,20250913,2
35571,20251205,2
30965,20251024,2
30889,20250920,2
32256,20251106,1
30887,20251111,2
30865,20250831,2
32277,20250728,1
30907,20251014,2
30916,20250805,2
32287,20250830,1
30885,20251229,2
30934,20251130,2
32140,20251201,1
32485,20250909,1
30993,20250823,2
31092,20260107,2
31932,20250912,1
31138,20250925,2
31007,20251030,2
31050,20250930,2
30858,20250720,2
31082,20251126,2
32287,20251208,1
14128,20250825,1
18575,20250723,1
30923,20251210,2
31102,20260104,2
18688,20250806,1
30912,20251019,2
30896,20250930,2
34917,20250812,2
30893,20260105,2
30936,20251110,2
18592,20250827,1
31101,20251209,2
31750,20251104,1
30937,20250906,2
30975,20260104,2
32273,20250726,1
34887,20250825,2
18570,20250928,1
12714,20250825,2
31805,20250810,1
31821,20250727,1
35511,20250721,2
30922,20251223,2
31271,20251105,2
30887,20260106,2
32336,20251013,1
31096,20250918,2
30887,20251227,2
31038,20250901,2
18605,20251114,1
31050,20251115,2
30922,20251225,2
12640,20251118,1
18575,20251129,1
15495,20250825,1
31807,20251219,1
1171,20250819,1
35571,20251020,2
31105,20251002,2
30987,20251121,2
31005,20251008,2
30907,20251108,2
30928,20260103,2
31078,20251126,2
31008,20250918,2
31414,20250721,2
30905,20251020,2
31526,20251223,2
30912,20250921,2
32256,20250723,1
31842,20250825,1
30993,20250907,2
21915,20250825,2
30863,20250829,2
30984,20251214,2
31054,20251121,2
30886,20250902,2
268,20251021,2
268,20251010,2
30992,20251228,2
30965,20251023,2
30910,20250820,2
32065,20251105,1
31096,20250819,2
31024,20251210,2
31252,20251217,2
31007,20250914,2
30910,20251228,2
30896,20251029,2
30926,20251007,2
30908,20251111,2
30933,20250717,2
30914,20251121,2
31038,20250806,2
30927,20251202,2
35075,20250907,2
30883,20251205,2
18688,20250913,1
31842,20250824,1
18670,20251110,1
31252,20251202,2
32318,20250915,1
30891,20251126,2
31621,20260103,2
30946,20250805,2
30886,20250916,2
31050,20251129,2
31698,20250817,1
31090,20250910,2
30907,20250917,2
35075,20251116,2
32325,20250716,1
12637,20251022,2
31138,20250816,2
31105,20251228,2
31608,20251113,2
28134,20250922,2
32317,20250901,1
31683,20251111,1
31978,20250716,1
18689,20251010,1
21855,20251106,1
30929,20250720,2
31751,20250723,1
21092,20260403,2
31626,20251213,2
30887,20250824,2
31887,20251213,1
31750,20251220,1
32226,20251122,1
30937,20251026,2
31078,20250804,2
32319,20250820,1
30896,20250909,2
30920,20251203,2
30867,20250807,2
30979,20251129,2
31063,20251107,2
30984,20251012,2
36345,20251001,2
30900,20250925,2
31089,20250906,2
30915,20251127,2
30946,20250823,2
31082,20251213,2
31844,20251016,1
3674,20260406,2
30888,20250916,2
30979,20251220,2
31010,20251010,2
30886,20251231,2
18632,20250927,1
32225,20251216,1
30887,20251203,2
32259,20251115,1
30986,20251016,2
30929,20250719,2
30964,20251116,2
30894,20251116,2
30978,20260106,2
32293,20250915,1
31270,20251214,2
31824,20250718,1
30902,20260107,2
30915,20251206,2
31018,20251217,2
18592,20251023,1
30904,20251227,2
31806,20251119,1
18670,20250827,1
31981,20251201,1
31010,20251222,2
30936,20251014,2
30948,20250829,2
31629,20251218,2
30903,20260107,2
30908,20251218,2
30915,20250921,2
30934,20251115,2
31090,20251004,2
31063,20260107,2
31099,20251121,2
31063,20251228,2
30952,20251020,2
12639,20251010,1
31090,20250921,2
30886,20251202,2
30979,20251209,2
31063,20251026,2
31904,20250831,1
30984,20251230,2
32065,20251120,1
30933,20251225,2
30915,20251202,2
32090,20251119,1
32216,20251112,1
31383,20251116,2
30998,20251004,2
32139,20250910,1
30891,20251119,2
30934,20251110,2
31037,20250808,2
30910,20251204,2
30929,20250724,2
32275,20250730,1
31054,20260103,2
31056,20251208,2
12637,20251219,2
30866,20250824,2
32105,20251205,1
18659,20250824,1
30951,20250723,2
30963,20250911,2
32259,20250915,1
30965,20251114,2
30901,20251204,2
31081,20260110,2
32228,20251026,1
30886,20251216,2
1171,20251030,1
30904,20250909,2
32120,20251102,1
31041,20251124,2
32209,20251024,1
30886,20251227,2
12639,20251212,1
32140,20250809,1
30984,20251017,2
31623,20251126,2
30922,20250831,2
28640,20250825,2
32139,20251008,1
32319,20250910,1
30963,20251209,2
31082,20251121,2
31099,20251109,2
31018,20250928,2
31041,20251019,2
30976,20251116,2
31615,20251128,2
34888,20250804,2
30918,20251124,2
31017,20250808,2
1186,20250731,1
30943,20250805,2
30951,20250812,2
32164,20250730,1
31018,20251022,2
30970,20260109,2
30906,20251119,2
30992,20251025,2
31628,20251116,2
30885,20250811,2
32090,20251022,1
30906,20251122,2
32064,20251121,1
30904,20251104,2
31926,20251206,1
30888,20251220,2
31096,20260108,2
31826,20250731,1
31089,20250809,2
31414,20250914,2
30952,20250801,2
14784,20251016,2
31876,20251201,1
31628,20251223,2
32105,20250807,1
30886,20250919,2
31054,20251106,2
30919,20260104,2
31621,20251226,2
30933,20250822,2
31621,20251007,2
31059,20251127,2
30981,20251129,2
31628,20251224,2
1171,20250815,1
30916,20251201,2
18573,20251010,1
35384,20250825,2
30857,20250729,2
35075,20251102,2
31385,20251125,2
30929,20250926,2
31904,20251010,1
31333,20260101,2
30922,20250914,2
30951,20250922,2
30993,20251122,2
31096,20251128,2
31904,20251006,1
31027,20250807,2
30903,20251212,2
30987,20251111,2
31615,20251124,2
31006,20250830,2
35089,20250803,2
32188,20251012,1
1173,20260101,2
31061,20251007,2
31686,20251201,1
30915,20250828,2
31267,20250818,2
30899,20260110,2
32275,20251008,1
31847,20251011,1
31079,20251206,2
30928,20251108,2
14128,20251231,2
30893,20260104,2
30983,20251204,2
18686,20251119,1
31750,20251116,1
32212,20250728,1
14802,20250916,1
32336,20250909,1
31102,20251216,2
30901,20250822,2
31271,20251222,2
30910,20250923,2
31785,20250720,1
30896,20251228,2
18659,20250927,1
1170,20250922,1
35089,20250810,2
18657,20250811,1
31751,20251103,1
30896,20250815,2
32064,20251016,1
31630,20251013,2
30983,20251225,2
18686,20250902,1
31059,20251007,2
31887,20250817,1
31138,20251122,2
30936,20250718,2
31788,20250905,1
30994,20260102,2
30905,20250909,2
31869,20250907,1
372,20250825,1
30898,20251130,2
32259,20251124,1
30998,20251018,2
18670,20251217,1
269,20251226,2
30970,20260101,2
34888,20250729,2
18576,20250815,1
30887,20250916,2
30887,20250801,2
31270,20260108,2
31805,20250909,1
30980,20251202,2
32139,20251204,1
30907,20251125,2
30965,20251101,2
32225,20251210,1
21915,20251210,2
30934,20251120,2
30889,20251119,2
12714,20251020,2
30926,20250910,2
30936,20251218,2
18659,20250727,1
31274,20251216,2
31086,20251101,2
31979,20251216,1
18687,20251022,1
30922,20251112,2
30889,20250905,2
18686,20251009,1
28134,20250919,2
28641,20251226,1
31887,20250902,1
30934,20260104,2
12637,20251201,2
31615,20250924,2
31099,20251027,2
30963,20250916,2
32717,20250928,1
31846,20251012,1
31059,20251130,2
32325,20250803,1
31101,20250829,2
32120,20250720,1
31019,20251210,2
30928,20251210,2
32323,20251120,1
31243,20251209,2
31089,20260106,2
30971,20251026,2
30947,20250807,2
12637,20251208,2
18686,20250806,1
30932,20250826,2
31089,20250727,2
32164,20251105,1
31806,20251020,1
30998,20250917,2
31952,20250816,1
30860,20250827,2
30964,20250727,2
31089,20251205,2
31090,20251210,2
31933,20251113,1
31015,20260105,2
30901,20250918,2
30951,20250914,2
31618,20251105,2
32321,20250914,1
30888,20250815,2
32209,20250815,1
30971,20260104,2
30925,20251213,2
31383,20251214,2
31056,20260102,2
30951,20250728,2
31628,20251105,2
31847,20250928,1
31105,20251102,2
31826,20250904,1
30980,20251129,2
31979,20251123,1
30907,20250910,2
30857,20250802,2
18592,20250908,1
31978,20250806,1
32222,20251001,1
30921,20251222,2
31050,20250918,2
31081,20250815,2
31009,20251013,2
31608,20251230,2
20334,20250825,2
31086,20251125,2
31000,20251009,2
30992,20251022,2
31904,20251130,1
18592,20251015,1
30927,20251021,2
30976,20251128,2
31083,20251213,2
32120,20251207,1
32066,20250923,1
31842,20251115,1
30927,20251223,2
31099,20250811,2
31079,20250831,2
32282,20250901,1
31267,20251020,2
30910,20250805,2
30915,20251109,2
31751,20250819,1
18659,20250814,1
31926,20251005,1
31887,20250805,1
30889,20250827,2
30889,20250829,2
31001,20251011,2
31821,20250908,1
18570,20250927,1
31039,20250802,2
31751,20251213,1
12640,20250901,1
30860,20250807,2
1170,20251112,1
30920,20251105,2
30916,20251122,2
34979,20250730,1
31623,20251120,2
31083,20251110,2
30914,20251206,2
30885,20250821,2
32139,20251123,1
31056,20260105,2
31414,20251123,2
30981,20251017,2
268,20251117,2
31698,20250816,1
30905,20250928,2
35003,20250814,2
31086,20251015,2
31089,20251118,2
31688,20250912,1
4415,20260406,2
45569,20250825,2
30907,20250824,2
30980,20251120,2
31805,20251020,1
30903,20251102,2
30864,20250813,2
30940,20250817,2
32090,20250809,1
31267,20251116,2
31750,20250731,1
32287,20250825,1
32064,20250911,1
31750,20251011,1
31871,20251107,1
18670,20251021,1
31981,20250924,1
30920,20251128,2
30905,20251027,2
31968,20250728,1
31860,20251030,1
31009,20251030,2
30949,20250814,2
32139,20251203,1
32334,20250814,1
18604,20251213,1
31805,20250726,1
30907,20251129,2
30936,20251206,2
31385,20251028,2
18659,20251020,1
31082,20250903,2
30926,20251127,2
30933,20251209,2
32090,20251023,1
31385,20251119,2
32293,20250830,1
32225,20250916,1
31844,20250828,1
31521,20260106,2
30982,20251226,2
31015,20251231,2
31041,20251116,2
31933,20250827,1
32212,20251130,1
18686,20250815,1
30918,20250925,2
31002,20250904,2
31082,20250819,2
31871,20250809,1
18604,20251116,1
35075,20250909,2
30889,20251123,2
18688,20251102,1
30920,20250925,2
12637,20251020,2
37418,20260403,1
30946,20250812,2
30884,20251101,2
32066,20251005,1
31976,20250729,1
31615,20250928,2
31090,20250918,2
32061,20251105,1
31629,20251113,2
34887,20251031,2
30979,20251115,2
45572,20251201,2
18569,20251023,1
18687,20251127,1
32317,20251102,1
5444,20251224,2
30886,20250806,2
31832,20250727,1
31621,20251027,2
31014,20251115,2
31010,20251206,2
31010,20251013,2
30916,20250918,2
31335,20250824,2
31041,20250913,2
72,20260403,2
31083,20251208,2
30980,20251115,2
31981,20250920,1
30903,20251114,2
31976,20250726,1
31623,20251130,2
30896,20250809,2
31101,20251218,2
30923,20251203,2
18688,20251013,1
32228,20250803,1
31981,20251006,1
30918,20250911,2
31009,20251229,2
31904,20251002,1
32228,20250811,1
32336,20251120,1
31630,20251115,2
31776,20251210,1
30902,20260108,2
30887,20250827,2
30982,20260110,2
30926,20251208,2
31629,20251117,2
30964,20251213,2
31271,20251005,2
34917,20250723,2
31089,20250728,2
31807,20250821,1
31629,20251022,2
30886,20251119,2
30918,20250805,2
31847,20250914,1
30927,20251014,2
31002,20250801,2
31847,20251115,1
30928,20251101,2
31096,20250913,2
32027,20250902,1
32317,20250727,1
18592,20251121,1
30936,20251111,2
31002,20250830,2
30885,20251203,2
32065,20251216,1
31346,20251021,2
30963,20251213,2
18670,20251210,1
1170,20260403,2
31385,20251008,2
30980,20251211,2
30920,20251207,2
35089,20251202,2
35571,20250916,2
36734,20251130,2
32317,20251022,1
31101,20250809,2
21092,20251226,2
31750,20251002,1
32282,20251124,1
31267,20251123,2
31096,20250911,2
32457,20251125,1
32217,20251110,1
18636,20250814,1
30918,20250831,2
31086,20251205,2
30918,20251219,2
31090,20250828,2
31806,20251101,1
11726,20260403,2
35639,20251028,1
18670,20250717,1
32188,20251122,1
21855,20250911,1
31868,20251024,1
31968,20250904,1
30887,20251003,2
30887,20251125,2
31979,20250809,1
32139,20251011,1
32090,20250715,1
32064,20250829,1
30887,20251217,2
32065,20250906,1
36345,20250918,2
30903,20251105,2
28134,20251117,2
31630,20251123,2
28134,20250722,2
31101,20251230,2
31089,20251010,2
31346,20250819,2
30936,20250924,2
31621,20251230,2
30888,20251210,2
30885,20251106,2
18670,20250715,1
31002,20251029,2
30929,20251114,2
31751,20251020,1
79,20260101,2
30952,20251225,2
18688,20251003,1
35075,20251021,2
30976,20251026,2
32334,20250826,1
31628,20251127,2
30952,20251026,2
31005,20251230,2
31083,20251225,2
32325,20250820,1
32140,20250821,1
31877,20251124,1
30885,20251010,2
32066,20251110,1
31006,20260105,2
31006,20250811,2
32090,20251116,1
30889,20250925,2
14128,20251226,1
18657,20250929,1
31692,20251210,1
31389,20260108,2
34891,20250828,2
32065,20250901,1
30938,20251120,2
30931,20251210,2
32323,20251127,1
32222,20251210,1
31779,20250822,1
31061,20250904,2
30963,20251121,2
30894,20250922,2
12714,20250917,2
31050,20260108,2
14785,20250729,2
32293,20251129,1
31252,20251226,2
31526,20260109,2
30932,20250830,2
30963,20250924,2
34843,20250811,1
21855,20251128,1
31059,20260106,2
31010,20251212,2
31750,20250803,1
31414,20251220,2
30981,20251107,2
31266,20260102,2
31001,20251202,2
18686,20251125,1
30980,20251218,2
32323,20251124,1
30928,20251124,2
32212,20250811,1
31335,20250816,2
31805,20251210,1
32282,20250718,1
30926,20250925,2
32256,20250814,1
31105,20251015,2
30857,20250826,2
35075,20251003,2
18659,20251113,1
30904,20251205,2
30936,20250726,2
31078,20250906,2
32549,20250825,1
18604,20251122,1
34854,20250825,2
30858,20250830,2
31033,20250723,2
31774,20250924,1
32317,20251112,1
18572,20250823,1
30923,20250923,2
30887,20251119,2
35152,20250825,2
31014,20251119,2
30889,20250906,2
31805,20250915,1
31009,20251205,2
30973,20260105,2
32325,20251128,1
31871,20251212,1
30896,20251004,2
31623,20251219,2
30933,20250716,2
31274,20251220,2
18687,20251129,1
31869,20250818,1
31000,20251102,2
31035,20251222,2
31018,20251223,2
32334,20251216,1
30922,20251222,2
30964,20251225,2
30904,20250803,2
18573,20251110,1
31841,20250728,1
31089,20251024,2
31090,20251205,2
31968,20250803,1
30905,20251217,2
32277,20250817,1
32256,20250721,1
31335,20251112,2
18686,20251022,1
31000,20251213,2
32120,20250802,1
30926,20251116,2
32323,20251114,1
18688,20251211,1
35511,20251020,2
30889,20250823,2
32273,20250905,1
32218,20251215,1
31383,20251101,2
18576,20251209,1
30932,20251002,2
31807,20250804,1
32323,20251108,1
31079,20260109,2
31979,20251020,1
31629,20250918,2
32321,20250727,1
32065,20251005,1
30925,20251026,2
10038,20251231,2
31820,20250802,1
31630,20260103,2
31817,20251216,1
31904,20250715,1
30885,20250816,2
32256,20250730,1
31683,20250923,1
32334,20251116,1
30890,20251202,2
31807,20251110,1
31001,20251120,2
14802,20251113,1
30918,20251109,2
31099,20250902,2
32120,20250728,1
30981,20251226,2
30885,20250918,2
30952,20250827,2
18657,20250819,1
31933,20250730,1
18603,20251221,1
30951,20260110,2
31608,20260109,2
18569,20250814,1
31000,20251228,2
30925,20250820,2
18687,20251215,1
30985,20251228,2
30886,20250911,2
30904,20250826,2
32702,20250726,1
31807,20251014,1
31101,20251025,2
30937,20251005,2
18659,20251011,1
31979,20251218,1
30906,20251109,2
269,20251211,1
30932,20251213,2
32294,20251025,1
31018,20251012,2
31024,20260101,2
30964,20250728,2
31903,20251025,1
30918,20251209,2
31086,20251115,2
31010,20251218,2
30992,20251114,2
30896,20251212,2
30964,20260104,2
18570,20250912,1
31683,20251008,1
30932,20250819,2
34979,20250811,1
30981,20251214,2
31016,20260103,2
32218,20251011,1
32273,20251116,1
30901,20250731,2
30901,20251221,2
30937,20251002,2
30903,20251010,2
18688,20250918,1
31751,20251219,1
35075,20251124,2
19,20251231,2
31811,20250818,1
21915,20251007,2
31014,20260104,2
30997,20251223,2
30894,20251026,2
30993,20251228,2
1172,20251226,2
31007,20250915,2
30985,20251216,2
30887,20260107,2
18575,20251117,1
31079,20251110,2
30920,20260104,2
31774,20250920,1
31414,20251227,2
30857,20250827,2
14785,20251029,2
14128,20260403,2
31414,20251018,2
30859,20250819,2
30896,20251211,2
31267,20260110,2
30900,20250908,2
32316,20250906,1
30965,20251118,2
31630,20260104,2
30912,20251127,2
32228,20251219,1
18687,20250911,1
31968,20250921,1
31817,20250925,1
30929,20250830,2
31007,20251125,2
30900,20250830,2
31526,20251113,2
30902,20251210,2
30901,20250717,2
31857,20251101,1
31629,20250905,2
30993,20250810,2
31274,20250912,2
31050,20250924,2
30906,20251230,2
30917,20251231,2
31009,20251126,2
18687,20251101,1
31335,20251016,2
12640,20251111,1
31082,20250913,2
268,20251022,2
31615,20251125,2
18603,20250715,1
31078,20250803,2
18592,20251219,1
18573,20250718,1
30915,20251012,2
31082,20251001,2
31101,20251214,2
18576,20251214,1
30952,20250819,2
32066,20251002,1
31817,20251125,1
35511,20251113,2
31383,20260106,2
32066,20250811,1
30951,20260106,2
14784,20251210,2
30932,20250924,2
32275,20250904,1
31859,20250801,1
31826,20250724,1
45569,20251130,2
28134,20251224,2
30901,20250814,2
31008,20251114,2
31628,20251219,2
30923,20260101,2
31613,20260101,2
30897,20260104,2
31090,20251129,2
32140,20251101,1
32188,20251103,1
18576,20250728,1
30899,20260109,2
31774,20251007,1
30888,20250927,2
31010,20251229,2
31008,20251109,2
18632,20250720,1
32256,20251028,1
31532,20251112,2
30943,20250824,2
14802,20251006,1
31274,20250910,2
31089,20250801,2
30981,20260105,2
30889,20251112,2
31007,20251013,2
31847,20250817,1
31855,20251009,1
31750,20250720,1
32256,20251111,1
32326,20251002,1
18688,20250720,1
28134,20250930,2
31008,20250903,2
31926,20250804,1
11066,20260406,2
31630,20251107,2
18688,20250916,1
18688,20251020,1
31063,20251106,2
1171,20250801,1
31090,20250801,2
31002,20250918,2
31056,20251204,2
32282,20250815,1
17191,20260403,1
31267,20251022,2
31054,20251226,2
18575,20250814,1
31079,20251023,2
30916,20251218,2
32271,20251128,1
15776,20251231,1
31054,20250926,2
31274,20260110,2
30985,20251125,2
30883,20251201,2
35089,20250720,2
30883,20251216,2
30977,20260103,2
30897,20251213,2
32293,20250928,1
32326,20250717,1
30903,20250918,2
32485,20251009,1
30986,20251201,2
18605,20250912,1
31817,20251120,1
36284,20251223,2
31206,20260109,2
31805,20251002,1
31010,20251122,2
31096,20260102,2
12640,20250904,1
32293,20250822,1
31008,20251128,2
30931,20251106,2
30908,20251223,2
30951,20250903,2
30964,20251013,2
31876,20251028,1
30985,20260102,2
31532,20251113,2
30969,20251114,2
15536,20250825,2
31138,20251001,2
32090,20250826,1
18576,20250817,1
30905,20250910,2
30934,20251213,2
372,20251226,1
31243,20251216,2
31385,20260110,2
31000,20251207,2
30908,20251107,2
31979,20250819,1
15537,20260403,2
32218,20250720,1
30897,20251002,2
30963,20251018,2
31389,20251126,2
32273,20251207,1
31078,20250731,2
31099,20251124,2
32064,20250720,1
32212,20251019,1
31388,20260104,2
30929,20250831,2
30883,20251230,2
30906,20260101,2
31008,20260110,2
32222,20250731,1
30904,20251202,2
30929,20251008,2
31414,20251203,2
30980,20260101,2
32066,20250817,1
32140,20250908,1
31869,20251012,1
32139,20250902,1
31079,20250930,2
35089,20251026,2
18576,20251126,1
31629,20251109,2
31008,20251118,2
30901,20250925,2
31271,20251001,2
31082,20250827,2
28134,20251024,2
32319,20250812,1
30980,20251126,2
31754,20251214,1
32140,20251128,1
31086,20251117,2
30885,20251222,2
30945,20250901,2
30894,20260103,2
31904,20251011,1
31078,20251021,2
32166,20250817,1
31089,20250817,2
31005,20251219,2
31932,20250728,1
36205,20250731,1
32164,20250904,1
31024,20260104,2
31270,20251220,2
18576,20251022,1
30993,20250926,2
31082,20251026,2
18576,20250829,1
32485,20250801,1
18632,20250727,1
31061,20250817,2
30914,20251221,2
31266,20260110,2
31686,20251025,1
30886,20250923,2
30897,20251124,2
1218,20251224,2
14785,20250801,2
30975,20251228,2
30932,20250831,2
30936,20250923,2
20344,20250825,2
30933,20251219,2
31270,20251028,2
27961,20250925,1
31271,20251110,2
32212,20250928,1
30896,20251222,2
31082,20250925,2
30965,20251109,2
30885,20251210,2
31346,20251231,2
31272,20260102,2
31059,20251024,2
5256,20260101,1
31630,20251226,2
31687,20251003,1
32139,20250719,1
32336,20250923,1
30980,20260105,2
30883,20251229,2
18603,20251125,1
17180,20250825,1
21855,20251103,1
18592,20250722,1
31932,20250801,1
32457,20250806,1
31772,20250815,1
30951,20250919,2
31621,20250820,2
30922,20251218,2
30979,20251110,2
32210,20250724,1
32065,20250716,1
31626,20251022,2
30912,20251122,2
30992,20250809,2
31806,20250920,1
32066,20251107,1
31002,20251224,2
30969,20251109,2
32209,20251205,1
32090,20250810,1
1170,20251210,1
31414,20250902,2
31772,20250903,1
30910,20251012,2
31751,20250928,1
32065,20251028,1
30952,20250831,2
31059,20260101,2
31628,20251121,2
34843,20250825,2
31785,20250817,1
31904,20251106,1
31082,20250905,2
32064,20251030,1
32090,20250925,1
31750,20251221,1
31858,20260329,1
32259,20250930,1
31061,20260101,2
32139,20250716,1
31081,20250905,2
31009,20251125,2
30931,20251125,2
31871,20250822,1
32061,20250925,1
31063,20251124,2
30988,20260110,2
31933,20251120,1
30998,20250922,2
18687,20250907,1
31001,20251030,2
32293,20250716,1
30894,20251215,2
18576,20251010,1
32293,20250829,1
32140,20251018,1
30998,20251024,2
30925,20250923,2
31806,20250915,1
30930,20260105,2
31817,20251202,1
31817,20251111,1
31007,20251212,2
31871,20250914,1
32401,20250815,1
31006,20251104,2
30974,20260110,2
30918,20251008,2
31751,20251007,1
31615,20251106,2
31105,20251030,2
21855,20260101,2
31816,20250831,1
18603,20250928,1
31081,20250814,2
30899,20251222,2
30927,20251028,2
31014,20260108,2
31979,20251130,1
32210,20250805,1
30904,20250821,2
35571,20250924,2
31063,20251101,2
31138,20251204,2
30896,20251231,2
30915,20250819,2
30885,20250804,2
36586,20251130,2
30900,20251013,2
18604,20251109,1
32188,20251220,1
30891,20251223,2
32282,20250829,1
35639,20250804,2
30897,20260108,2
31877,20251004,1
32066,20251114,1
31099,20250827,2
12714,20250730,2
32323,20251023,1
32140,20250920,1
31089,20250828,2
31869,20251123,1
31630,20251105,2
31813,20250809,1
32164,20250911,1
30925,20251224,2
31806,20250717,1
31807,20251218,1
30920,20251124,2
30998,20251221,2
30912,20250902,2
30915,20250930,2
31086,20250822,2
288,20260101,2
30934,20251206,2
31274,20251121,2
30906,20251104,2
18687,20250729,1
30891,20260102,2
31079,20250921,2
18605,20250815,1
31981,20250911,1
32164,20251127,1
31105,20251205,2
12637,20251114,2
18687,20251213,1
35511,20250718,2
30896,20250811,2
12714,20250803,2
30982,20251207,2
32293,20250821,1
32065,20251030,1
31871,20251026,1
30867,20250805,2
12637,20250919,2
18604,20250823,1
30910,20250919,2
31016,20251204,2
30983,20251219,2
30929,20251208,2
31621,20251012,2
31050,20250929,2
31981,20250809,1
31081,20251015,2
31871,20251103,1
30937,20251128,2
31017,20250831,2
31772,20250908,1
30922,20251205,2
31010,20260107,2
31002,20260110,2
31050,20251110,2
31932,20250808,1
18688,20251215,1
31629,20250916,2
30903,20251008,2
31033,20250817,2
31671,20251225,2
31772,20251106,1
31063,20251118,2
31805,20250911,1
30947,20250824,2
31082,20250923,2
268,20251023,2
269,20251007,1
31014,20251218,2
31844,20251002,1
30929,20250930,2
18592,20251107,1
31521,20251028,2
31078,20250825,2
14785,20250825,2
31824,20250815,1
268,20251231,2
32061,20250826,1
31099,20251002,2
30863,20250827,2
30992,20250826,2
30914,20251108,2
31346,20251219,2
31096,20251217,2
31772,20251120,1
30993,20260104,2
31806,20250831,1
31521,20251231,2
30970,20251216,2
30925,20251212,2
32208,20251103,1
30901,20250826,2
31078,20250919,2
32259,20250819,1
31981,20251019,1
31877,20250818,1
31414,20260106,2
30996,20260106,2
32065,20250918,1
31774,20250928,1
30900,20251204,2
31842,20250817,1
30952,20250913,2
31054,20251018,2
32065,20251201,1
31078,20251022,2
30964,20251105,2
32336,20251118,1
35075,20251016,2
30929,20250913,2
32064,20251107,1
30922,20250917,2
31335,20250906,2
31270,20251030,2
30900,20250913,2
30926,20251017,2
18575,20251019,1
30946,20250830,2
18630,20251121,1
32061,20251027,1
31014,20251031,2
32228,20251213,1
30922,20251220,2
18688,20250727,1
31855,20251211,1
31813,20250727,1
18659,20250816,1
31050,20251201,2
31274,20250925,2
30926,20250927,2
31777,20251011,1
36283,20251220,2
28134,20251121,2
32120,20250908,1
36284,20250819,2
32287,20251012,1
30949,20250825,2
30952,20251217,2
31248,20251204,2
31613,20251228,2
31926,20251214,1
35003,20251027,2
31615,20250814,2
31096,20251011,2
31046,20251210,2
30898,20250925,2
30937,20251202,2
12714,20251120,2
30932,20251220,2
30936,20251020,2
32322,20250808,1
31081,20250802,2
30927,20251123,2
31805,20250913,1
30937,20251209,2
35075,20250809,2
31607,20260102,2
35511,20250722,2
32027,20250929,1
31842,20250919,1
30890,20251117,2
31615,20250907,2
30896,20251203,2
32259,20251103,1
32090,20251011,1
31078,20250821,2
30885,20260103,2
31081,20251231,2
31002,20251129,2
31037,20250822,2
32027,20251202,1
32217,20251201,1
32321,20250831,1
1186,20251028,1
32166,20250727,1
30896,20250905,2
31266,20251130,2
30940,20250808,2
31005,20251224,2
31255,20260108,2
30896,20250921,2
31623,20251121,2
30933,20251127,2
18687,20251108,1
30910,20251103,2
5148,20260101,2
18569,20250917,1
31009,20251230,2
32061,20250918,1
12637,20251209,2
30979,20251123,2
31629,20251124,2
31774,20250728,1
31081,20251226,2
31101,20250915,2
30887,20250919,2
31248,20251217,2
31078,20260108,2
31333,20260110,2
30905,20250918,2
30887,20250805,2
30922,20251002,2
30883,20251222,2
31968,20250723,1
30928,20251028,2
31688,20250804,1
34843,20251120,2
30976,20251113,2
30993,20251201,2
32090,20250916,1
31018,20251103,2
27961,20250918,1
32216,20250924,1
30965,20250927,2
32218,20251221,1
31806,20251127,1
30866,20250812,2
30925,20251209,2
31096,20250910,2
31009,20251012,2
31774,20251019,1
31808,20250921,1
30998,20250919,2
32066,20251211,1
30983,20260108,2
34979,20250828,1
31270,20251127,2
34889,20251201,2
28640,20260101,2
31683,20251120,1
31082,20250914,2
31626,20251230,2
30963,20251108,2
31271,20251229,2
32334,20250820,1
14782,20250825,1
31613,20251227,2
30902,20250904,2
30994,20251029,2
30907,20250818,2
37417,20260403,2
31090,20251128,2
30938,20251109,2
30918,20251018,2
31017,20250722,2
30964,20251114,2
30896,20251208,2
30904,20251220,2
32323,20250921,1
30888,20251109,2
30943,20250811,2
18636,20250728,1
30929,20251207,2
30899,20251215,2
31623,20251226,2
31629,20250930,2
32282,20250725,1
31063,20251227,2
35075,20251024,2
30995,20251226,2
31414,20250908,2
30936,20250810,2
30910,20250901,2
31751,20250914,1
30906,20251221,2
31842,20251212,1
31688,20251017,1
18687,20250717,1
32139,20251028,1
30898,20260106,2
18688,20251120,1
30921,20251124,2
31868,20250801,1
31082,20251116,2
30925,20251119,2
32485,20251201,1
30931,20251026,2
31010,20251007,2
31014,20251209,2
30971,20251217,2
31805,20250802,1
31039,20250806,2
31751,20251006,1
31414,20250926,2
31081,20250925,2
30922,20251116,2
30857,20250829,2
30889,20251113,2
30889,20251206,2
11726,20251225,2
32325,20250805,1
32027,20251016,1
31414,20251128,2
18632,20250802,1
18670,20251208,1
31014,20251227,2
32064,20251009,1
31615,20250908,2
32457,20250917,1
36204,20250813,2
31629,20250926,2
31023,20251213,2
30995,20251202,2
32120,20251214,1
3952,20251224,2
30889,20251208,2
32323,20250920,1
30993,20251004,2
35089,20250716,2
32209,20250808,1
30904,20251030,2
31628,20251114,2
32334,20250812,1
31877,20251012,1
30927,20250904,2
31776,20250819,1
28134,20250904,2
12635,20260101,1
31089,20251212,2
17484,20260403,2
21915,20251022,2
32564,20250825,1
32066,20251129,1
32293,20251209,1
31981,20250928,1
35571,20250915,2
31414,20251230,2
31750,20250809,1
32061,20250716,1
31061,20251009,2
36345,20251105,2
31056,20260107,2
21855,20251010,1
32277,20251005,1
31750,20251015,1
30986,20251028,2
31050,20250827,2
31774,20250716,1
30933,20251022,2
31002,20250815,2
30885,20251130,2
31267,20250917,2
31041,20251029,2
18602,20250912,1
30922,20250911,2
31005,20250914,2
30981,20251018,2
31037,20250814,2
31061,20250803,2
30993,20250903,2
30900,20251019,2
31002,20250905,2
30897,20251026,2
30992,20251205,2
31014,20251220,2
31694,20251213,1
36342,20250724,2
31083,20250912,2
30904,20250831,2
31016,20260107,2
31816,20250906,1
31981,20251215,1
31698,20250719,1
31807,20251126,1
30897,20250724,2
30916,20250906,2
31691,20251003,1
31041,20251227,2
31038,20250819,2
31629,20251207,2
31933,20251001,1
32336,20251027,1
30948,20250813,2
30936,20250824,2
35571,20250901,2
35089,20250823,2
31105,20250830,2
30897,20251215,2
31532,20251205,2
30936,20250829,2
32318,20250804,1
31385,20251022,2
32212,20251117,1
31038,20250726,2
31009,20251114,2
31090,20251116,2
31083,20251126,2
31346,20251129,2
30998,20251028,2
31138,20251028,2
30933,20251122,2
31629,20250922,2
30965,20251007,2
31933,20251015,1
31090,20251019,2
31099,20251001,2
30993,20251016,2
140,20251224,1
31054,20250928,2
31615,20251130,2
30965,20250816,2
32066,20250721,1
31887,20250725,1
31082,20251015,2
268,20251212,2
31807,20251027,1
30933,20251229,2
31335,20251226,2
31041,20250904,2
18605,20251128,1
18687,20250727,1
32293,20250727,1
30951,20251006,2
32064,20251106,1
30890,20251121,2
30951,20250913,2
30900,20250906,2
1186,20250812,1
30932,20251104,2
31751,20250817,1
31096,20250808,2
31088,20260110,2
30862,20250826,2
30936,20251224,2
31812,20250820,1
30864,20250829,2
31335,20251001,2
31063,20251028,2
30894,20251205,2
31099,20251208,2
18688,20250815,1
31618,20250928,2
30896,20251014,2
31001,20251018,2
35642,20250811,1
32222,20251028,1
30891,20251111,2
32061,20250729,1
31010,20251210,2
31526,20251217,2
30938,20251207,2
30933,20251020,2
30964,20251231,2
31335,20250928,2
31010,20251219,2
31253,20251217,2
31269,20251216,2
21915,20250715,2
30963,20251114,2
12714,20250908,2
31869,20250915,1
30887,20251114,2
1170,20251001,1
31776,20251201,1
21915,20251010,2
30863,20250826,2
31082,20251021,2
31887,20250731,1
31006,20251110,2
30902,20251202,2
31832,20250728,1
30988,20260103,2
31019,20251222,2
30900,20251105,2
30902,20251212,2
30923,20251212,2
30916,20251206,2
31050,20251028,2
18659,20251218,1
14802,20251020,1
30979,20251126,2
31000,20251125,2
35075,20250820,2
31806,20251004,1
21915,20251209,2
31079,20250924,2
31521,20251201,2
30908,20251118,2
30949,20250830,2
32293,20251117,1
31035,20251217,2
31086,20260104,2
30867,20250726,2
31820,20250830,1
32140,20251215,1
31824,20250804,1
18570,20251214,1
32212,20251102,1
30942,20250815,2
30916,20251225,2
30898,20251120,2
31628,20251111,2
30971,20251216,2
31014,20251219,2
31105,20251125,2
30894,20251018,2
35571,20251008,2
30952,20250920,2
31041,20251109,2
31101,20251120,2
31061,20251025,2
31933,20251007,1
36342,20250808,2
30886,20251004,2
30912,20251116,2
31267,20250820,2
31081,20251124,2
31868,20251031,1
32164,20250916,1
36205,20250805,1
32325,20251005,1
32317,20250715,1
18630,20250808,1
30995,20251218,2
30942,20250826,2
32064,20250906,1
12637,20250917,2
30904,20251021,2
31521,20251226,2
31002,20251015,2
268,20251114,2
30921,20251218,2
31082,20250808,2
18602,20251128,1
31904,20250819,1
30973,20251222,2
31000,20251111,2
30920,20251008,2
31926,20250928,1
32120,20251020,1
31333,20251215,2
31010,20251126,2
30898,20250827,2
32284,20251016,1
32259,20250727,1
32061,20250904,1
31751,20250911,1
269,20251205,1
30903,20250812,2
32164,20251124,1
30931,20251118,2
31041,20251204,2
32212,20251220,1
31272,20251230,2
31904,20250921,1
31138,20251024,2
18686,20251211,1
30933,20250912,2
31018,20251229,2
31007,20250909,2
32061,20251208,1
18592,20251028,1
31023,20251212,2
30901,20250730,2
32273,20251013,1
32120,20251017,1
31630,20251218,2
31414,20251104,2
31007,20251218,2
35089,20250814,2
31788,20250822,1
30985,20251201,2
31805,20251103,1
12637,20250718,2
31270,20251105,2
189,20251226,2
30901,20251222,2
31007,20250927,2
31926,20251103,1
31608,20251030,2
18569,20251014,1
31006,20251101,2
32273,20250718,1
31274,20251118,2
18687,20250918,1
30889,20251006,2
32273,20250721,1
32325,20250815,1
31851,20260328,1
30886,20251028,2
31687,20250926,1
18573,20250801,1
31887,20250907,1
30964,20250720,2
30925,20251125,2
21855,20251209,1
30979,20251130,2
30964,20251106,2
31035,20251203,2
31269,20251217,2
31847,20250927,1
32284,20251014,1
31005,20251111,2
30963,20251115,2
18576,20251021,1
30884,20251222,2
31005,20250918,2
30907,20250915,2
31007,20250831,2
31750,20251005,1
18605,20251121,1
31805,20250923,1
31532,20251214,2
30937,20251211,2
18576,20250819,1
31842,20250719,1
35075,20251130,2
31006,20251117,2
30912,20251207,2
31346,20251221,2
31009,20251107,2
12714,20250725,2
32090,20251030,1
32068,20251025,1
32226,20251025,1
31389,20251213,2
30927,20250901,2
30860,20250806,2
31629,20251129,2
30984,20251010,2
30964,20260108,2
36205,20250804,2
32293,20250922,1
32027,20250811,1
35511,20250926,2
31248,20251211,2
31083,20251029,2
32336,20250917,1
30928,20251126,2
12637,20250721,2
31082,20251101,2
30986,20251014,2
30897,20251221,2
31099,20251217,2
32284,20250916,1
31015,20251103,2
18603,20250809,1
31050,20251122,2
30993,20251114,2
18602,20250717,1
31383,20251102,2
31750,20251105,1
31086,20250927,2
30951,20251027,2
30936,20250727,2
32271,20250804,1
32140,20251003,1
31322,20260102,2
32090,20250726,1
35571,20251125,2
30936,20251123,2
31005,20251005,2
31774,20250917,1
31002,20251225,2
31932,20250922,1
30975,20251231,2
30994,20251125,2
31618,20251013,2
30912,20251123,2
32321,20251012,1
31887,20251111,1
30905,20251025,2
30903,20251109,2
30940,20250821,2
32485,20251210,1
31039,20250825,2
30884,20251120,2
32061,20250915,1
30910,20250803,2
35089,20250726,2
31869,20251201,1
30933,20250728,2
30918,20251030,2
30964,20251226,2
30910,20251114,2
30983,20260109,2
31041,20251112,2
30927,20251108,2
30910,20260101,2
32228,20250721,1
30923,20250825,2
34843,20251128,2
31621,20250924,2
32284,20251203,1
30963,20251128,2
30903,20250925,2
30936,20251228,2
34843,20251112,2
31054,20251005,2
18670,20250820,1
30992,20260103,2
31807,20251127,1
32027,20250903,1
30887,20251030,2
30896,20251010,2
32293,20250826,1
31929,20250919,1
31933,20251118,1
31079,20251231,2
32334,20251207,1
31812,20250716,1
31860,20250814,1
32066,20251112,1
30929,20251004,2
31615,20250808,2
31788,20250912,1
31686,20250728,1
34888,20250819,2
31089,20251231,2
30942,20250822,2
31860,20251119,1
30998,20250804,2
30922,20251210,2
30902,20251223,2
32090,20251014,1
31054,20251225,2
30899,20251211,2
30928,20251221,2
30932,20251116,2
30886,20251212,2
30885,20251122,2
32066,20250716,1
31979,20251024,1
35075,20250922,2
30997,20251222,2
31078,20251023,2
31086,20250930,2
30910,20251117,2
18604,20250802,1
31005,20250916,2
32065,20251218,1
31821,20250816,1
34843,20251204,2
31806,20250727,1
30863,20250818,2
32140,20251022,1
30907,20251222,2
31777,20250914,1
30889,20251222,2
30888,20260102,2
18687,20251105,1
30928,20251029,2
18659,20250813,1
30904,20251129,2
31050,20251021,2
31008,20250908,2
31027,20250820,2
31887,20250920,1
31096,20250917,2
31871,20251025,1
32216,20250828,1
31750,20251128,1
31037,20250821,2
31099,20251205,2
36345,20251126,2
31981,20250822,1
30998,20251116,2
30951,20251111,2
31089,20251103,2
30976,20251103,2
30994,20260104,2
31335,20251119,2
32027,20251008,1
31414,20251015,2
31335,20251013,2
32027,20251124,1
30965,20251026,2
31252,20251208,2
30900,20251227,2
30981,20251124,2
31629,20250915,2
30889,20251017,2
32120,20251130,1
30936,20250809,2
18686,20250820,1
31857,20251122,1
31842,20251018,1
30981,20251029,2
31807,20251016,1
30885,20250915,2
30965,20250820,2
30969,20251212,2
31968,20250804,1
27961,20251009,1
30938,20251220,2
31005,20251220,2
31040,20250807,2
31968,20251118,1
30965,20250824,2
31844,20251113,1
32090,20250903,1
30903,20250919,2
30998,20250914,2
14802,20250929,1
31629,20260104,2
31335,20251212,2
30985,20251208,2
32277,20250908,1
30985,20251203,2
867,20251224,2
32321,20251109,1
30916,20251021,2
35571,20250919,2
14168,20260403,2
32323,20250925,1
30905,20251207,2
30992,20251007,2
18569,20251126,1
32336,20251023,1
32334,20250727,1
12714,20251113,2
31805,20250721,1
32336,20250812,1
32271,20251018,1
31846,20250914,1
268,20251215,2
189,20260406,2
30936,20251118,2
30888,20250908,2
18602,20251015,1
31608,20251119,2
27959,20260406,2
31023,20251228,2
31272,20260103,2
32485,20251017,1
31081,20250922,2
30992,20260109,2
31412,20251231,2
31138,20251106,2
18604,20250906,1
31857,20251215,1
31346,20251204,2
31777,20250727,1
32325,20251125,1
35075,20250912,2
14784,20250922,2
32066,20250911,1
31253,20260101,2
32293,20251121,1
30918,20251010,2
30910,20251013,2
30993,20250809,2
18687,20251111,1
30898,20251027,2
31346,20251125,2
30915,20251009,2
30905,20251201,2
31615,20250920,2
31008,20251208,2
30918,20251015,2
21855,20250905,1
32326,20251029,1
31006,20250829,2
31877,20251025,1
31686,20250802,1
12714,20250729,2
31532,20260108,2
32323,20251025,1
30896,20251202,2
30933,20251013,2
31979,20251204,1
30894,20251101,2
30920,20251205,2
18689,20250829,1
30974,20260106,2
27960,20250715,1
31009,20251217,2
31887,20250814,1
30998,20251205,2
30907,20250919,2
32090,20250920,1
30900,20250829,2
31978,20250730,1
30905,20251128,2
30920,20251001,2
31001,20250925,2
31869,20251214,1
30886,20251130,2
30884,20251107,2
30933,20251223,2
32027,20251210,1
30908,20251216,2
31000,20251231,2
32325,20250723,1
30885,20250818,2
32139,20250817,1
31968,20250802,1
1170,20250909,1
31015,20251205,2
31105,20250919,2
31015,20251207,2
18576,20250804,1
30907,20251018,2
31844,20250801,1
31904,20250828,1
30860,20250815,2
31776,20251023,1
30891,20250919,2
31027,20250804,2
31968,20251126,1
32325,20250912,1
31615,20251221,2
32485,20250924,1
32188,20250928,1
31010,20251020,2
30916,20251209,2
31033,20250820,2
31008,20250815,2
30883,20251025,2
32271,20250822,1
30889,20251205,2
30982,20251227,2
31096,20250916,2
30934,20251217,2
32457,20251001,1
31750,20251026,1
286,20250825,1
31869,20251130,1
30889,20251021,2
30903,20251025,2
21855,20250910,1
30927,20251122,2
30926,20251219,2
31887,20251215,1
34891,20250724,2
31267,20250901,2
31096,20250921,2
18687,20250916,1
31266,20251109,2
30994,20251124,2
30951,20251128,2
31618,20251106,2
30937,20251014,2
18602,20251204,1
31078,20260105,2
18570,20251027,1
32164,20250903,1
31089,20250929,2
35075,20251001,2
32321,20251005,1
18573,20250811,1
31887,20251008,1
31086,20250806,2
32273,20250830,1
30927,20251111,2
32325,20251109,1
30937,20250807,2
31083,20251001,2
30887,20250902,2
31081,20251116,2
31630,20251231,2
30927,20251006,2
18604,20251201,1
31816,20250817,1
30965,20251106,2
31333,20251224,2
30884,20251122,2
31006,20250814,2
31138,20250824,2
30901,20250808,2
32090,20250904,1
31039,20250719,2
32714,20250803,1
30926,20250911,2
32334,20251125,1
30952,20251101,2
7855,20250825,2
30910,20250904,2
31006,20250816,2
18602,20250716,1
35075,20251006,2
35511,20251117,2
31040,20250730,2
30949,20250803,2
31687,20250901,1
31041,20251228,2
31000,20260105,2
30904,20250806,2
18575,20251021,1
31846,20250810,1
32273,20251121,1
31090,20251018,2
30903,20251009,2
32227,20250801,1
30983,20251221,2
36345,20250903,2
31054,20250822,2
31024,20260105,2
31686,20250906,1
31618,20250925,2
31412,20260101,2
32325,20251002,1
18684,20251101,1
31623,20251218,2
30946,20250816,2
35003,20250826,2
27959,20250908,1
32259,20250907,1
32457,20250728,1
30912,20251222,2
18592,20251128,1
31267,20251119,2
31751,20251010,1
30965,20250930,2
18575,20251115,1
30986,20251104,2
32259,20251109,1
31842,20251122,1
31046,20260103,2
31817,20251211,1
30937,20251007,2
31078,20250718,2
30887,20251112,2
32066,20250919,1
30897,20250830,2
31615,20250926,2
31621,20251023,2
30934,20251223,2
31000,20250928,2
32216,20251105,1
31687,20250719,1
31806,20250721,1
31090,20251229,2
31335,20251103,2
31002,20251215,2
32318,20250803,1
31683,20250902,1
12639,20251205,1
30898,20250913,2
30901,20251015,2
32090,20251112,1
31774,20250825,1
28134,20251029,2
30932,20250814,2
31626,20251001,2
30922,20250913,2
30929,20251224,2
31050,20251221,2
18688,20251123,1
28134,20251211,2
30898,20251230,2
18570,20251109,1
31813,20250804,1
30963,20250819,2
31059,20251205,2
30985,20251107,2
31041,20251115,2
31621,20251126,2
30905,20250920,2
30925,20251218,2
30923,20250928,2
32064,20251025,1
14784,20250910,2
30891,20250806,2
32061,20250905,1
31101,20251223,2
31083,20251231,2
30904,20251225,2
30980,20251111,2
31078,20251029,2
32209,20250822,1
31932,20250905,1
31001,20250903,2
30929,20250725,2
18576,20250818,1
30938,20251231,2
30885,20251025,2
30982,20251126,2
30918,20250907,2
30929,20250919,2
30902,20251016,2
32256,20251203,1
31869,20250804,1
30887,20251104,2
31001,20251225,2
32457,20251126,1
30938,20251226,2
31623,20251206,2
31750,20251108,1
30963,20251104,2
30992,20250803,2
32209,20250829,1
30897,20251104,2
31083,20251019,2
27961,20250904,1
32336,20251006,1
31750,20251121,1
30885,20251116,2
31007,20251129,2
31079,20251026,2
1186,20250820,1
31772,20250918,1
18688,20250921,1
32105,20250808,1
31083,20260102,2
31805,20251027,1
31621,20250915,2
31613,20251222,2
18636,20250807,1
31096,20251124,2
31383,20251223,2
32227,20250720,1
31005,20250831,2
31832,20250825,1
31083,20251119,2
31774,20250731,1
30927,20250821,2
31253,20260108,2
31006,20251121,2
30963,20251118,2
28134,20250910,2
32293,20250806,1
31926,20250919,1
31521,20251224,2
30912,20250930,2
31050,20251120,2
30907,20251130,2
32683,20250824,1
31105,20251028,2
18684,20250802,1
30971,20251130,2
31779,20250919,1
31887,20250826,1
30987,20251026,2
30920,20251221,2
32065,20250902,1
18576,20251028,1
32336,20250903,1
35571,20250918,2
31096,20251108,2
31267,20251231,2
32256,20250924,1
30889,20251020,2
21855,20251225,2
30914,20251216,2
31806,20251002,1
18636,20250722,1
18602,20251030,1
30918,20251224,2
30904,20251228,2
30947,20250826,2
32457,20250903,1
30890,20251213,2
32218,20251123,1
31871,20250922,1
31041,20251020,2
31521,20251203,2
31272,20251203,2
31979,20251210,1
30929,20250722,2
32275,20251016,1
31083,20250909,2
30948,20250818,2
30982,20251213,2
35075,20251020,2
30860,20250823,2
1171,20250805,1
31002,20251128,2
30937,20251018,2
30936,20251211,2
32259,20250818,1
30886,20250809,2
35089,20251017,2
32319,20250715,1
32090,20250801,1
18659,20251220,1
31621,20251211,2
12714,20251202,2
18592,20250818,1
31050,20250831,2
31629,20251008,2
31844,20250904,1
32218,20251101,1
30971,20251121,2
30923,20251016,2
31009,20251209,2
30964,20251220,2
30884,20260106,2
31857,20250803,1
34842,20250819,2
32325,20251129,1
32188,20251005,1
31081,20251217,2
31776,20250715,1
30916,20251105,2
31805,20250819,1
30998,20251026,2
31346,20251220,2
18575,20250915,1
31105,20251217,2
31842,20250829,1
31813,20250823,1
12714,20251003,2
32212,20251004,1
30903,20251129,2
30887,20250816,2
30928,20251218,2
30963,20250817,2
30986,20251024,2
32387,20250806,1
30914,20251114,2
17191,20251224,1
31008,20251025,2
18572,20251018,1
30927,20250919,2
32287,20251109,1
32334,20251009,1
31688,20250808,1
30905,20251102,2
12714,20251010,2
31412,20260107,2
32485,20250916,1
31806,20250922,1
35571,20250917,2
18684,20251004,1
31785,20250907,1
30890,20251126,2
30916,20250914,2
30864,20250801,2
31335,20250904,2
31346,20251113,2
31059,20251215,2
30915,20251017,2
18569,20251119,1
32061,20250727,1
269,20250912,1
31083,20251221,2
31806,20251013,1
31933,20251202,1
31335,20251229,2
18576,20250812,1
30964,20251101,2
30913,20260102,2
32317,20250816,1
1186,20260101,2
18603,20251103,1
30864,20250825,2
31857,20251025,1
31887,20251105,1
31751,20250815,1
31008,20251126,2
31269,20251206,2
30902,20250908,2
31750,20251123,1
31613,20260107,2
31090,20251112,2
32326,20250918,1
14784,20251103,2
30943,20250812,2
32256,20251110,1
30985,20260106,2
30897,20251009,2
30883,20251125,2
30937,20251216,2
12714,20250727,2
31981,20250915,1
30993,20250829,2
30914,20251111,2
31335,20251115,2
34842,20250818,2
36345,20251024,2
31105,20250917,2
30886,20250904,2
31041,20251103,2
35571,20250903,2
30980,20260108,2
31871,20250926,1
30933,20251018,2
31621,20250806,2
31824,20250822,1
30894,20251126,2
32027,20250819,1
31688,20251013,1
31271,20251026,2
30965,20250908,2
30971,20251209,2
31002,20250822,2
30894,20250926,2
30914,20251112,2
31335,20250820,2
31383,20251130,2
21915,20250911,2
31608,20251218,2
30900,20251214,2
30901,20250912,2
30986,20251105,2
31887,20250924,1
30952,20250823,2
30951,20251214,2
30891,20251209,2
31750,20250901,1
30858,20250822,2
30862,20250819,2
30887,20251117,2
30916,20250822,2
18688,20251029,1
31774,20251207,1
31019,20251223,2
30976,20251207,2
31007,20251204,2
30993,20251128,2
31096,20251105,2
31608,20251207,2
35075,20251105,2
34975,20250827,2
31078,20251209,2
30952,20260107,2
32214,20250719,1
30884,20251123,2
30915,20251228,2
30896,20251007,2
31683,20251016,1
31626,20260102,2
32210,20250716,1
31271,20251203,2
30904,20251115,2
31979,20251014,1
31776,20251014,1
31019,20251215,2
31090,20250925,2
31015,20251125,2
31696,20251206,1
1186,20250822,1
14784,20251106,2
31526,20251230,2
14168,20251225,2
32218,20250908,1
30901,20250909,2
32208,20250721,1
30914,20251123,2
31089,20250818,2
30992,20251220,2
30934,20251129,2
31035,20260103,2
30971,20251028,2
1173,20260406,2
30897,20251122,2
18687,20251112,1
31271,20251127,2
18569,20251104,1
31615,20251210,2
31090,20250819,2
30885,20251111,2
30947,20250819,2
30923,20251216,2
31979,20251101,1
30929,20250728,2
30902,20251128,2
31078,20251116,2
32228,20250927,1
31078,20251202,2
30858,20250824,2
30984,20251227,2
30925,20251201,2
18602,20251218,1
32218,20250808,1
31063,20251103,2
30922,20250812,2
31026,20250831,2
31805,20251105,1
31414,20250730,2
30984,20251105,2
31521,20251215,2
30915,20251201,2
31090,20250810,2
31002,20250901,2
31979,20251212,1
31812,20250812,1
30915,20251030,2
30906,20251130,2
31267,20251222,2
30963,20250807,2
30914,20251118,2
30897,20251110,2
30969,20251222,2
32164,20250901,1
30905,20250912,2
31683,20250729,1
31904,20251117,1
32812,20250802,1
31626,20251127,2
30896,20251019,2
30984,20251113,2
30920,20251023,2
31806,20251212,1
31629,20251213,2
31083,20251114,2
30927,20250921,2
36586,20250825,2
31008,20250919,2
30903,20250829,2
30925,20250927,2
30896,20260106,2
30862,20250820,2
30920,20251111,2
31005,20250802,2
31824,20250818,1
30889,20250918,2
18688,20250820,1
30901,20250910,2
30860,20250816,2
32188,20250915,1
30937,20251015,2
31806,20251125,1
30983,20251215,2
31615,20251011,2
31817,20250930,1
30912,20250925,2
18575,20251204,1
31626,20260109,2
32277,20251201,1
21915,20251127,2
30915,20251018,2
30918,20251029,2
269,20250721,1
31138,20250913,2
31040,20250715,2
34842,20250804,2
35511,20251222,2
30896,20250920,2
30952,20251128,2
31981,20250829,1
30987,20251206,2
34979,20250805,1
31335,20251213,2
35075,20251101,2
31687,20251129,1
31015,20251211,2
31847,20250824,1
30894,20251104,2
31059,20251116,2
30888,20251031,2
32216,20250918,1
30896,20251030,2
30925,20251025,2
18659,20250930,1
30971,20251030,2
30902,20251111,2
30922,20250823,2
32208,20251024,1
30964,20250817,2
79,20251231,2
35075,20251012,2
31006,20250903,2
31000,20251016,2
31335,20260104,2
30865,20250813,2
34842,20250813,2
18572,20250824,1
31346,20260105,2
32326,20251211,1
30994,20251107,2
3668,20251226,2
30952,20250921,2
30979,20251228,2
30952,20250814,2
32323,20251129,1
31750,20250729,1
31842,20251004,1
30910,20251021,2
31008,20251224,2
31630,20251007,2
30860,20250819,2
31002,20251109,2
31871,20251207,1
30973,20251207,2
30998,20251126,2
31628,20251201,2
32139,20251027,1
32326,20251209,1
3814,20251231,2
30926,20260102,2
32287,20251027,1
30885,20251031,2
30894,20251211,2
31054,20260102,2
31033,20250808,2
30900,20250812,2
31001,20251221,2
18657,20250807,1
31101,20251225,2
30940,20250901,2
32256,20251119,1
30923,20251209,2
18592,20251111,1
30933,20251024,2
30931,20251111,2
30900,20250909,2
31002,20251220,2
30888,20251122,2
31526,20251211,2
31904,20250924,1
18575,20250918,1
28134,20251112,2
31061,20251127,2
18632,20251025,1
31842,20250920,1
30993,20250915,2
31532,20251221,2
32225,20250917,1
31081,20251008,2
31926,20250823,1
31005,20251025,2
31855,20251210,1
12714,20250827,2
31774,20251210,1
30984,20251128,2
30984,20251001,2
31001,20251001,2
31005,20251015,2
18659,20250929,1
32325,20251018,1
31008,20250719,2
31774,20251202,1
30965,20250915,2
31630,20251211,2
18576,20250807,1
31628,20251228,2
269,20251218,1
31629,20251204,2
32325,20250929,1
31046,20260101,2
31805,20250817,1
32273,20250906,1
30925,20251002,2
32323,20251018,1
32139,20250925,1
31274,20251202,2
31039,20250729,2
12714,20251225,2
31615,20251004,2
30932,20250907,2
31005,20251130,2
30902,20251006,2
30987,20251127,2
31904,20251020,1
31979,20250912,1
31079,20251125,2
31808,20250928,1
1170,20251204,1
31774,20251005,1
31322,20260104,2
30994,20251225,2
18569,20251022,1
30964,20250801,2
5148,20250716,2
31096,20251216,2
31979,20251129,1
286,20251225,2
31621,20251220,2
30965,20251204,2
31414,20251027,2
31805,20251118,1
30931,20251126,2
31629,20260103,2
45572,20250825,2
31807,20251002,1
31751,20251130,1
32293,20250819,1
30926,20251121,2
31274,20250913,2
31346,20250905,2
30918,20251104,2
31274,20251025,2
30981,20251012,2
31979,20250817,1
30903,20250908,2
31979,20251013,1
18592,20251002,1
31105,20250831,2
31806,20251106,1
30965,20250827,2
30905,20251213,2
31750,20250830,1
30884,20251227,2
30965,20251015,2
31812,20250826,1
30902,20250906,2
30884,20251206,2
18659,20251012,1
18602,20251023,1
31346,20250820,2
31017,20250821,2
30964,20250914,2
31414,20250726,2
30969,20251115,2
30988,20260102,2
18575,20251020,1
30898,20251007,2
30923,20251018,2
1186,20251229,1
12637,20250722,2
35089,20250812,2
30984,20251022,2
31414,20250815,2
31807,20250818,1
31855,20251203,1
31385,20251108,2
30886,20251229,2
31267,20250909,2
18576,20251221,1
30921,20251204,2
30859,20250803,2
31774,20251126,1
30965,20251115,2
31027,20250818,2
31101,20251129,2
31887,20250828,1
30923,20250727,2
31526,20251201,2
32208,20251124,1
30887,20251206,2
30936,20251122,2
31039,20250715,2
32293,20251205,1
31086,20250812,2
36345,20250917,2
21855,20250721,1
30867,20250819,2
32228,20250818,1
12640,20250922,1
30907,20251206,2
30938,20251113,2
32061,20251020,1
30900,20251005,2
31628,20251026,2
30887,20250913,2
31532,20251110,2
30904,20251212,2
31860,20251028,1
31078,20250813,2
31904,20251005,1
30979,20251222,2
30937,20251008,2
35089,20250718,2
31623,20251105,2
31877,20250927,1
31608,20251027,2
31979,20251028,1
32061,20250808,1
18687,20251117,1
31054,20251118,2
30998,20260104,2
32188,20250818,1
32218,20250721,1
31806,20250827,1
36345,20251112,2
30894,20251008,2
31621,20250809,2
30925,20250911,2
31271,20251130,2
31270,20260101,2
18576,20250913,1
30937,20250728,2
32065,20251102,1
31346,20260102,2
31621,20250916,2
32287,20251103,1
30981,20251205,2
31267,20251107,2
30982,20260103,2
32218,20251020,1
30903,20251031,2
32319,20250904,1
12714,20250819,2
32277,20250818,1
31805,20250805,1
31857,20250825,1
31772,20251118,1
32325,20250726,1
31017,20250826,2
30951,20251202,2
30888,20251117,2
31805,20250809,1
32266,20250720,1
18684,20251116,1
30865,20250808,2
18576,20251203,1
32164,20251001,1
31099,20251117,2
30889,20250801,2
32326,20250925,1
30971,20251225,2
31774,20250913,1
30916,20251231,2
31005,20250822,2
30857,20250728,2
31005,20251231,2
31840,20250804,1
32322,20250905,1
32212,20250804,1
30865,20250731,2
31006,20250925,2
30921,20251129,2
30905,20251123,2
31629,20250904,2
32064,20251027,1
30925,20251126,2
32090,20250820,1
32212,20250906,1
31050,20251127,2
31871,20250815,1
31860,20250930,1
31005,20251106,2
30905,20251126,2
30896,20251015,2
31081,20250910,2
34979,20250821,1
30947,20250813,2
30883,20251223,2
28134,20251009,2
31054,20251119,2
30887,20250908,2
30987,20251104,2
31979,20250919,1
35571,20251218,2
31808,20250817,1
32317,20250925,1
31807,20250814,1
30970,20251223,2
30887,20251123,2
18605,20251219,1
32066,20250930,1
31618,20251030,2
30916,20251107,2
30889,20251121,2
30997,20260105,2
30907,20250722,2
31774,20250721,1
31050,20251226,2
30998,20251016,2
31078,20251107,2
30964,20250718,2
268,20251211,2
30979,20251230,2
30965,20250902,2
31063,20251204,2
30980,20251110,2
31414,20251205,2
30885,20250920,2
30929,20250928,2
31686,20250914,1
31526,20251126,2
31628,20251103,2
32323,20251128,1
1170,20250915,1
14784,20251203,2
30993,20251103,2
18569,20250821,1
18575,20251004,1
4376,20251225,2
30901,20251127,2
31414,20250913,2
32090,20251028,1
31887,20250809,1
30903,20250904,2
32216,20251002,1
31857,20250824,1
31981,20250914,1
31006,20251011,2
30927,20251022,2
32164,20251008,1
32318,20250818,1
31772,20251029,1
36205,20250825,2
31138,20250917,2
32065,20251108,1
18659,20251124,1
31846,20251124,1
31105,20251107,2
30922,20250928,2
31846,20251115,1
31015,20251107,2
31846,20250804,1
31039,20250720,2
31018,20251230,2
30936,20250926,2
31774,20250803,1
28640,20260406,2
30940,20250814,2
31846,20251202,1
30986,20251207,2
30925,20251208,2
12714,20251129,2
30900,20251202,2
31610,20260104,2
30969,20251111,2
12640,20250924,1
32226,20250906,1
18688,20251126,1
31732,20251201,1
30993,20251009,2
30922,20251104,2
31772,20250829,1
31008,20251119,2
32232,20250801,1
32061,20250914,1
31860,20251118,1
30964,20250816,2
30866,20250821,2
30963,20250804,2
18688,20250816,1
30888,20260109,2
32228,20251208,1
31061,20251019,2
31267,20250918,2
31688,20251114,1
31926,20251020,1
32061,20251126,1
32222,20251113,1
18602,20251211,1
30934,20260101,2
31061,20251123,2
32256,20251218,1
18603,20250803,1
31009,20251106,2
31009,20251029,2
31615,20250830,2
18630,20250829,1
31389,20251216,2
30937,20251228,2
31041,20251207,2
30904,20250830,2
31059,20251222,2
31037,20250726,2
30887,20250803,2
31806,20250929,1
30916,20251119,2
32140,20251120,1
17180,20251231,1
31686,20251117,1
31005,20251122,2
31860,20251022,1
31267,20251026,2
30902,20250902,2
30910,20251202,2
31904,20250820,1
30932,20251204,2
30889,20251114,2
30997,20251211,2
32277,20250810,1
30898,20251019,2
31610,20260106,2
30904,20250930,2
32164,20251016,1
31414,20251119,2
31056,20251230,2
35003,20250813,2
30937,20250824,2
31099,20250912,2
30927,20251225,2
32105,20251120,1
31006,20250803,2
12714,20251012,2
35075,20251117,2
31089,20250918,2
31252,20251204,2
31039,20250815,2
32293,20250908,1
32293,20251028,1
31979,20250828,1
30982,20251218,2
32275,20251120,1
31086,20251217,2
30993,20250821,2
31035,20251224,2
31346,20251006,2
31002,20251228,2
31877,20251220,1
30860,20250818,2
31932,20251031,1
31785,20250823,1
30898,20250823,2
30997,20260104,2
31682,20251212,1
30891,20250815,2
31054,20251008,2
30862,20250802,2
32259,20250927,1
31061,20251224,2
31844,20250716,1
32336,20251216,1
30886,20260107,2
18575,20250929,1
30889,20260108,2
31952,20250823,1
31016,20260110,2
30993,20250910,2
18688,20250902,1
31806,20251203,1
30887,20251022,2
30932,20250901,2
30923,20251120,2
30965,20250807,2
34917,20250827,2
30914,20251201,2
28641,20251224,1
32066,20250908,1
30885,20251011,2
31904,20251015,1
14784,20250825,2
21915,20251114,2
35089,20251212,2
30927,20251017,2
31105,20251113,2
32228,20251206,1
31414,20251209,2
30910,20251210,2
31082,20250811,2
32485,20251105,1
31059,20251212,2
30902,20251024,2
30937,20250727,2
30938,20251206,2
30897,20251006,2
30929,20250813,2
30885,20251126,2
18670,20250826,1
31041,20251222,2
30857,20250820,2
31832,20250914,1
30915,20250918,2
27962,20250903,1
30998,20250828,2
30992,20251231,2
31932,20251117,1
31686,20251004,1
30885,20251219,2
30884,20251115,2
35075,20251210,2
31019,20251219,2
32326,20250821,1
31040,20250830,2
31979,20251015,1
30922,20250826,2
30903,20250815,2
269,20250911,1
30921,20251126,2
30901,20251102,2
30927,20250916,2
31772,20250916,1
31056,20260106,2
30918,20250827,2
30998,20251010,2
18592,20250909,1
30925,20251024,2
30965,20250809,2
30884,20251106,2
31078,20250908,2
31007,20251130,2
30936,20251013,2
12640,20251223,1
30927,20250915,2
31101,20250929,2
30952,20250903,2
31271,20251023,2
30867,20250728,2
30998,20251202,2
31102,20251209,2
5256,20251231,2
30951,20250719,2
31008,20251021,2
30907,20251007,2
30987,20251107,2
30904,20251207,2
31904,20250722,1
18659,20250924,1
32065,20251112,1
31346,20251002,2
32326,20250716,1
28134,20250717,2
32325,20250913,1
30982,20251216,2
31621,20251011,2
31785,20250803,1
31335,20251114,2
31772,20251007,1
12714,20250807,2
20528,20250718,2
36342,20250829,2
31061,20250727,2
30985,20251122,2
32323,20250923,1
18573,20251031,1
35089,20250912,2
31083,20251021,2
30900,20251123,2
30910,20250908,2
30922,20251226,2
35089,20250802,2
32065,20251123,1
31855,20251028,1
30983,20251208,2
30982,20251102,2
32482,20251019,1
35571,20251219,2
30915,20251226,2
30908,20251219,2
31270,20251124,2
5256,20250825,1
31772,20251031,1
34899,20251201,2
31861,20250718,1
31904,20250812,1
14784,20251215,2
32166,20251005,1
31015,20260108,2
31138,20251208,2
31926,20250913,1
30933,20251005,2
31887,20251023,1
31096,20250901,2
31774,20251115,1
18012,20250825,2
32215,20250824,1
32216,20251028,1
30916,20251224,2
28134,20251201,2
18592,20250813,1
31630,20251029,2
30965,20251124,2
30997,20251203,2
32293,20250913,1
31079,20251107,2
32334,20250729,1
30910,20251118,2
31904,20251123,1
31090,20250906,2
1218,20260101,2
31904,20251219,1
31532,20251204,2
31099,20251214,2
18688,20251018,1
30920,20251031,2
15540,20251225,1
31037,20250823,2
30998,20250923,2
269,20251217,1
31274,20251225,2
32323,20250929,1
31041,20251125,2
30934,20251123,2
30951,20250904,2
31887,20250815,1
31521,20251122,2
30914,20251214,2
31615,20251029,2
31035,20260106,2
30951,20251029,2
31876,20250916,1
31090,20250827,2
31041,20251010,2
30936,20251112,2
31090,20250912,2
17191,20251225,1
32317,20250811,1
18688,20250818,1
30937,20250808,2
32336,20250821,1
18686,20251007,1
30993,20251106,2
31847,20251214,1
31105,20251110,2
1170,20251024,1
32066,20251119,1
18592,20251014,1
30904,20251223,2
30925,20251220,2
32120,20250810,1
31871,20251013,1
30901,20250821,2
30920,20250917,2
31904,20251031,1
32317,20251023,1
268,20250905,2
30923,20251024,2
31774,20251021,1
35571,20250912,2
30923,20250820,2
31383,20251205,2
31335,20251210,2
31050,20251223,2
30898,20251205,2
30905,20251120,2
31017,20250726,2
32188,20251207,1
18573,20251017,1
30897,20250731,2
31750,20250719,1
31054,20250723,2
269,20251208,1
31904,20251021,1
31626,20251218,2
30992,20250909,2
18602,20250822,1
31877,20250831,1
30891,20250916,2
32259,20251013,1
32065,20250729,1
32317,20250729,1
269,20250918,1
31081,20251117,2
31414,20250727,2
5444,20260403,2
30898,20250918,2
31335,20251225,2
31007,20251210,2
32218,20250901,1
18636,20250916,1
12640,20251020,1
18684,20250907,1
32326,20250904,1
31688,20251201,1
31683,20250812,1
30932,20251106,2
36586,20251201,2
31082,20251216,2
30933,20251206,2
31615,20250930,2
30896,20251104,2
32228,20250906,1
31979,20250821,1
31385,20251005,2
31002,20250922,2
31023,20251206,2
30937,20250825,2
30926,20251119,2
30914,20251227,2
35075,20250725,2
30865,20250727,2
30922,20251005,2
32090,20250822,1
36204,20251130,2
18636,20251120,1
30887,20250804,2
34891,20250731,2
30976,20251101,2
30920,20251004,2
31078,20251216,2
31842,20251006,1
31007,20251103,2
30900,20250927,2
31615,20251016,2
18670,20251119,1
32222,20251127,1
31871,20250913,1
32064,20250804,1
18576,20250929,1
31006,20251020,2
30910,20251105,2
30897,20251231,2
31904,20251202,1
30890,20251122,2
31860,20250925,1
31105,20251119,2
34909,20250825,2
30969,20251105,2
18592,20251105,1
31079,20260106,2
31772,20251022,1
30891,20250924,2
34887,20250829,2
31621,20260106,2
32140,20251012,1
31608,20251212,2
30889,20251002,2
30998,20260106,2
30938,20251208,2
31086,20250815,2
1169,20251226,2
32027,20250722,1
31777,20251115,1
18576,20250821,1
27961,20260406,2
31078,20250921,2
31046,20260107,2
18670,20251118,1
30933,20250923,2
30984,20260106,2
31871,20250906,1
31054,20251103,2
31687,20251019,1
18570,20250809,1
30993,20251005,2
31751,20251005,1
31774,20250723,1
31079,20251021,2
30933,20251006,2
32325,20250921,1
31083,20251109,2
31009,20251216,2
31979,20251026,1
32064,20250717,1
18659,20251211,1
32323,20251213,1
32271,20250920,1
30938,20260103,2
30923,20250810,2
31821,20250831,1
18570,20250831,1
31086,20250809,2
3674,20251231,2
30940,20250819,2
30985,20251101,2
31099,20250828,2
31101,20251024,2
30923,20251110,2
32188,20251004,1
31267,20251101,2
31086,20260103,2
14785,20250725,2
32334,20251001,1
32066,20250924,1
30890,20251228,2
31877,20250908,1
30995,20251211,2
30860,20250817,2
32228,20250725,1
35571,20250930,2
32210,20250813,1
31414,20251231,2
31981,20251203,1
30885,20251202,2
31054,20251204,2
30937,20250826,2
30926,20251128,2
31844,20251204,1
30951,20260105,2
31005,20251118,2
21915,20251112,2
31346,20251123,2
30903,20251030,2
31621,20251210,2
30994,20251212,2
31621,20250827,2
32485,20251104,1
32064,20250722,1
30908,20251213,2
32271,20250929,1
31751,20251018,1
30914,20251215,2
32485,20250923,1
30932,20250815,2
32064,20250815,1
18592,20250922,1
30980,20251108,2
31024,20260102,2
31005,20251215,2
30915,20250924,2
30901,20251114,2
31933,20251112,1
31002,20250812,2
30889,20251003,2
31009,20250919,2
30988,20251218,2
31000,20251227,2
31876,20250915,1
32457,20251210,1
14802,20250917,1
31009,20251228,2
21855,20250722,1
31061,20250729,2
30965,20251227,2
31083,20251227,2
31322,20251229,2
30937,20251113,2
31846,20250819,1
31751,20250718,1
31335,20251107,2
31266,20251212,2
35639,20250812,1
32218,20251006,1
32323,20251007,1
31806,20251104,1
30933,20250811,2
31871,20251117,1
30993,20250719,2
31618,20251114,2
31059,20251109,2
31009,20251207,2
32271,20251121,1
30858,20250721,2
31138,20251011,2
30981,20260107,2
18686,20251029,1
31754,20251004,1
35075,20250807,2
32293,20251022,1
30986,20251128,2
30883,20251212,2
32226,20250726,1
31774,20250804,1
30925,20251029,2
30904,20251208,2
31001,20250916,2
31268,20260109,2
18659,20251213,1
30986,20251122,2
31005,20250830,2
18687,20251211,1
32336,20250728,1
30923,20251116,2
18576,20251208,1
31090,20250915,2
31808,20250726,1
31041,20251230,2
31079,20250907,2
32210,20250722,1
32323,20251211,1
31807,20251030,1
31266,20251226,2
31006,20250926,2
14784,20250722,2
31385,20251121,2
14169,20251224,1
30901,20251016,2
31269,20251207,2
32208,20251208,1
31274,20251015,2
30890,20251226,2
31101,20251002,2
32166,20251019,1
31082,20251117,2
31628,20251101,2
268,20250902,2
31002,20251222,2
30883,20251012,2
31817,20251021,1
31082,20251223,2
30904,20251217,2
30887,20250810,2
31774,20250916,1
30984,20251117,2
31876,20251019,1
31671,20260406,2
30948,20250831,2
30915,20250808,2
31101,20251117,2
18636,20251103,1
31968,20250727,1
30994,20260108,2
32061,20250911,1
30929,20251015,2
18602,20251210,1
30886,20251226,2
31046,20260104,2
30866,20250822,2
31807,20251001,1
31521,20251030,2
31750,20251213,1
30897,20250726,2
31424,20260101,2
32321,20250810,1
31079,20251215,2
35089,20251215,2
18686,20251110,1
31040,20250810,2
18686,20251013,1
31086,20250919,2
18686,20250804,1
31089,20251227,2
30897,20250814,2
34864,20250804,2
32066,20250821,1
32027,20251120,1
87,20251224,1
31904,20251212,1
31870,20250719,1
32317,20250902,1
31041,20251220,2
32218,20251121,1
31138,20250715,2
30929,20250904,2
31099,20251225,2
31687,20251018,1
31041,20251213,2
31981,20250907,1
18688,20251104,1
30976,20251221,2
30916,20250826,2
18659,20250928,1
18604,20251115,1
32120,20250824,1
32482,20250831,1
32222,20250827,1
31082,20251020,2
31805,20250731,1
31812,20250909,1
32284,20251009,1
31078,20250822,2
30886,20250813,2
30964,20250918,2
31346,20251126,2
30886,20251127,2
30986,20251115,2
31008,20250802,2
30929,20250907,2
32325,20251113,1
31385,20251229,2
31039,20250718,2
31086,20251029,2
32027,20251211,1
32457,20251110,1
37418,20260406,1
31082,20251028,2
30883,20251119,2
30863,20250812,2
32164,20250818,1
32120,20250818,1
31041,20250907,2
31857,20250726,1
30985,20251205,2
30937,20251010,2
31016,20251230,2
18604,20250830,1
30891,20250821,2
30920,20250916,2
18657,20250828,1
31138,20260103,2
30927,20251104,2
31082,20251220,2
30863,20250820,2
30903,20251108,2
31271,20251106,2
30918,20250804,2
31267,20260109,2
31346,20250906,2
32325,20250718,1
18659,20250823,1
30901,20251012,2
18605,20250718,1
31007,20260109,2
30922,20251126,2
31750,20250826,1
31081,20250919,2
34854,20251201,2
32065,20250816,1
31105,20251001,2
32271,20250810,1
36342,20250814,2
30932,20251218,2
30998,20250805,2
30931,20251222,2
31846,20251215,1
31252,20251225,2
31877,20250913,1
31010,20251231,2
32256,20250717,1
31081,20251127,2
12714,20251015,2
32482,20251109,1
32139,20251120,1
32325,20250909,1
31005,20251109,2
31774,20251204,1
31751,20250827,1
31621,20251216,2
31082,20250816,2
31621,20251231,2
31009,20250925,2
31618,20251015,2
35639,20250806,1
31859,20251121,1
34979,20251027,1
30923,20251219,2
32482,20251123,1
30923,20250918,2
31346,20251122,2
30918,20251024,2
35089,20251218,2
31059,20251013,2
30934,20251122,2
32090,20251111,1
31079,20251025,2
31054,20251206,2
18688,20250929,1
31979,20250928,1
30890,20251203,2
32065,20251014,1
31626,20260101,2
31050,20260104,2
30933,20250909,2
31050,20250811,2
30982,20251205,2
31009,20251008,2
31887,20250821,1
30927,20251204,2
30933,20251031,2
30894,20251024,2
31041,20251011,2
31692,20251211,1
31847,20250906,1
32293,20250824,1
30936,20250929,2
30951,20260104,2
31005,20251028,2
31272,20260110,2
31840,20250908,1
30963,20251225,2
30895,20260104,2
32336,20251208,1
30908,20251224,2
31618,20251211,2
31383,20251107,2
30896,20250902,2
31081,20251108,2
31754,20250720,1
32334,20251211,1
31618,20260105,2
31932,20251124,1
31101,20251213,2
30857,20250819,2
30896,20251022,2
31952,20251115,1
31082,20250807,2
30994,20251222,2
31841,20251107,1
35511,20251013,2
32169,20250715,1
31628,20251104,2
32485,20250911,1
30907,20250816,2
31061,20251012,2
31006,20251004,2
30937,20250925,2
32188,20251019,1
30903,20250903,2
31086,20251012,2
32282,20251128,1
27961,20251224,2
32090,20250917,1
32315,20250825,1
31683,20251015,1
34975,20251028,2
31096,20260109,2
32256,20251016,1
31105,20250719,2
30981,20251013,2
30928,20251130,2
31041,20251128,2
32284,20250723,1
31981,20251022,1
31082,20250929,2
30908,20251104,2
35075,20250905,2
31017,20250819,2
31628,20251213,2
30985,20251128,2
18686,20251014,1
30901,20251010,2
30901,20250823,2
30887,20250929,2
30933,20251216,2
32212,20251018,1
31868,20251205,1
31138,20250805,2
18684,20250831,1
31805,20250801,1
36205,20250814,1
31079,20250902,2
18570,20250810,1
30920,20251211,2
31521,20251129,2
18657,20251028,1
31000,20251224,2
31078,20250801,2
30973,20251206,2
31876,20251206,1
31688,20250829,1
31806,20250720,1
31335,20251015,2
31626,20251226,2
32065,20250809,1
30904,20250929,2
30900,20251223,2
31082,20251201,2
32228,20251017,1
30897,20250730,2
31945,20251114,1
31877,20251208,1
32485,20250729,1
31840,20251006,1
30918,20251004,2
32140,20250717,1
30890,20251104,2
30889,20250903,2
30949,20250827,2
31138,20250909,2
30951,20251023,2
30938,20251117,2
32166,20251004,1
31346,20251225,2
31806,20251112,1
31691,20250822,1
31015,20260104,2
18572,20250927,1
31629,20251223,2
30867,20250826,2
31102,20251222,2
31613,20251210,2
30932,20250915,2
18576,20251217,1
30896,20250918,2
30987,20251120,2
18592,20250911,1
30965,20251123,2
12637,20250925,2
30932,20251214,2
31846,20251201,1
32064,20251011,1
31877,20250824,1
31686,20250719,1
31271,20251208,2
31078,20251010,2
31683,20251028,1
30998,20250829,2
30885,20251208,2
4415,20250716,1
30931,20251113,2
31267,20251208,2
31383,20251202,2
30915,20250809,2
31001,20251015,2
18659,20250726,1
30915,20251006,2
32222,20251007,1
31089,20251204,2
30998,20250830,2
32323,20251030,1
31018,20251219,2
36342,20251201,2
30964,20260102,2
31829,20250719,1
30998,20251114,2
30907,20250827,2
30896,20251213,2
30900,20250821,2
30889,20251025,2
18592,20251215,1
30908,20251231,2
32457,20250915,1
30992,20251211,2
30952,20251018,2
31385,20251210,2
31001,20251230,2
31038,20250730,2
31618,20250917,2
32482,20251102,1
31000,20251205,2
30927,20250824,2
28134,20251204,2
18657,20250805,1
30915,20251122,2
18659,20250831,1
30964,20251222,2
30916,20260102,2
32325,20250722,1
31015,20251129,2
30994,20251105,2
35089,20250728,2
30992,20250923,2
32120,20251213,1
31086,20251002,2
30883,20251001,2
30891,20251224,2
269,20251127,1
32064,20250731,1
12640,20250717,1
30938,20251123,2
36204,20250728,2
31086,20251013,2
31846,20251216,1
31266,20251205,2
21915,20251118,2
31078,20250925,2
18657,20251208,1
30937,20250918,2
35089,20250809,2
30905,20251114,2
32027,20251027,1
30898,20251221,2
30925,20251216,2
269,20251111,1
12714,20250805,2
31017,20250822,2
30932,20251109,2
31615,20251205,2
32317,20250813,1
31933,20250723,1
30937,20251108,2
30888,20250809,2
30888,20251218,2
30910,20250905,2
32216,20250807,1
30886,20251201,2
30951,20250906,2
32485,20250723,1
32273,20251108,1
30986,20251015,2
30912,20251130,2
31335,20251010,2
30922,20251011,2
35571,20250929,2
30984,20251109,2
36204,20250811,2
31615,20251030,2
30926,20250902,2
31037,20250802,2
32256,20251009,1
31812,20250805,1
32234,20250729,1
31981,20251204,1
30989,20260109,2
32273,20251017,1
31270,20251207,2
31690,20251212,1
18592,20251007,1
30894,20251220,2
30894,20251229,2
31059,20251005,2
31877,20251116,1
31006,20251113,2
18592,20251008,1
31750,20251111,1
31904,20250804,1
31774,20251016,1
31608,20251031,2
31243,20251230,2
30906,20251107,2
30912,20260105,2
30923,20250726,2
30984,20251103,2
32216,20251030,1
32317,20250731,1
31785,20250816,1
30912,20251008,2
31774,20250813,1
30933,20260101,2
30980,20260107,2
31629,20250919,2
34842,20250812,2
30937,20251204,2
18657,20250910,1
34907,20251130,2
31252,20251203,2
32537,20250817,1
30940,20250810,2
31844,20251218,1
31101,20250907,2
31628,20251126,2
30923,20250807,2
30891,20260101,2
30976,20251218,2
31686,20250803,1
30901,20251007,2
31063,20251213,2
30926,20251202,2
269,20251231,2
31101,20250828,2
32105,20250912,1
14784,20250904,2
30964,20250802,2
31613,20251217,2
31089,20251128,2
30901,20250727,2
31904,20250801,1
30888,20251224,2
31082,20251025,2
30932,20250821,2
31096,20251110,2
31086,20250817,2
31006,20251019,2
31751,20250906,1
30918,20251220,2
30867,20250831,2
30887,20250815,2
31138,20251004,2
31981,20251010,1
31105,20251111,2
30946,20250813,2
31750,20250930,1
31009,20251026,2
21915,20251121,2
18570,20251108,1
32317,20250809,1
31750,20250914,1
31776,20251126,1
31009,20251108,2
27962,20250825,2
30920,20251121,2
31101,20251003,2
30932,20251207,2
30889,20250819,2
1170,20250908,1
32275,20250722,1
31687,20250928,1
30992,20251204,2
32277,20251025,1
30952,20251215,2
31101,20250918,2
30988,20251203,2
32027,20250924,1
30983,20251216,2
18687,20250826,1
31050,20250826,2
30926,20251217,2
31805,20250725,1
21915,20251001,2
689,20260101,2
31266,20251125,2
32228,20251221,1
31002,20251023,2
30884,20251231,2
31383,20251217,2
31086,20251129,2
31000,20251008,2
32226,20251214,1
18686,20251121,1
30899,20251229,2
32485,20251129,1
31750,20251119,1
31050,20250731,2
31082,20251229,2
30980,20251103,2
31046,20260106,2
1171,20260406,2
12640,20250716,1
31621,20251214,2
31857,20251110,1
31526,20251031,2
18657,20250826,1
1169,20251224,2
32027,20251209,1
30888,20251114,2
30905,20251031,2
32208,20250725,1
27959,20251117,1
32061,20251122,1
30947,20250809,2
31052,20251202,2
30984,20251205,2
30983,20251228,2
31840,20250929,1
35511,20251201,2
32061,20251123,1
31105,20250806,2
30900,20250808,2
30905,20251218,2
31904,20250826,1
32325,20251013,1
31083,20251216,2
31006,20251012,2
30927,20251215,2
30998,20251204,2
30983,20251226,2
30905,20251108,2
30907,20250810,2
30925,20250814,2
30951,20250908,2
1181,20250725,1
30891,20251128,2
30931,20251110,2
30889,20251202,2
31105,20250902,2
12714,20260406,2
31750,20250918,1
31526,20251101,2
30904,20250924,2
30915,20250902,2
31806,20251222,1
30981,20251111,2
30933,20250816,2
31061,20260105,2
30886,20250929,2
31056,20251206,2
30936,20251015,2
31750,20250722,1
31090,20251102,2
30993,20260110,2
31751,20251204,1
18688,20251023,1
30970,20251214,2
32065,20251116,1
32325,20250813,1
31869,20251006,1
32139,20251010,1
18603,20250825,1
32222,20251014,1
30933,20250806,2
31089,20260102,2
30885,20251209,2
31102,20260109,2
32225,20251105,1
18570,20251207,1
31079,20251019,2
30903,20250720,2
1186,20251231,2
31887,20251015,1
31732,20250728,1
30890,20260104,2
30948,20250819,2
31751,20251025,1
30983,20251203,2
30951,20250925,2
32282,20250728,1
32401,20250819,1
32325,20251007,1
32218,20251110,1
31630,20251014,2
31059,20260105,2
31014,20251110,2
31526,20251106,2
30931,20251218,2
31101,20251127,2
31842,20251207,1
31826,20250821,1
32090,20250717,1
32139,20251103,1
18575,20250724,1
32218,20250929,1
30936,20251121,2
30885,20251119,2
30936,20251012,2
32140,20250811,1
18575,20251120,1
30934,20251109,2
30925,20250916,2
30887,20250811,2
31772,20251107,1
31081,20251203,2
31018,20251007,2
31002,20250923,2
30910,20250915,2
30926,20251025,2
32275,20250723,1
31099,20251129,2
31754,20250914,1
31027,20250819,2
31860,20251127,1
31105,20251010,2
31101,20250912,2
30997,20251218,2
31096,20251030,2
32317,20250922,1
32315,20250822,1
31846,20250722,1
15537,20251226,1
32326,20251020,1
31414,20250826,2
31621,20251115,2
32166,20250920,1
34843,20250717,2
31101,20251030,2
32287,20250831,1
30886,20260101,2
30976,20260101,2
18689,20250801,1
32317,20250908,1
31976,20250723,1
32315,20250718,1
31805,20251012,1
32259,20251101,1
32226,20251213,1
30965,20260108,2
35511,20250925,2
32315,20250817,1
30952,20260105,2
31389,20251118,2
30923,20251206,2
18570,20250718,1
30994,20251119,2
30984,20251026,2
30933,20250915,2
32208,20251031,1
31687,20251020,1
31061,20250725,2
30920,20251215,2
32139,20250811,1
35075,20251126,2
30969,20251210,2
14802,20251201,1
31871,20250804,1
31621,20251201,2
30866,20250816,2
18686,20251128,1
32120,20251221,1
30933,20260102,2
30928,20251107,2
31690,20251215,1
31090,20250909,2
31083,20251211,2
30916,20250922,2
32677,20250725,1
30912,20251119,2
32325,20250819,1
21915,20250916,2
31019,20260107,2
31846,20250923,1
30916,20251127,2
32293,20250807,1
31621,20250830,2
18576,20250927,1
30925,20251120,2
30905,20251014,2
30994,20251229,2
30922,20250922,2
31808,20250810,1
31521,20251218,2
32139,20250920,1
269,20251003,1
30981,20251002,2
30903,20250808,2
1170,20251201,1
30936,20250724,2
30963,20250925,2
31626,20251215,2
31101,20250910,2
31859,20251017,1
30915,20250827,2
18687,20251006,1
31817,20251022,1
32166,20251102,1
31105,20251122,2
30883,20251107,2
30898,20250919,2
31687,20251109,1
31005,20250811,2
32256,20251217,1
34902,20251201,2
30963,20250728,2
35075,20250802,2
30937,20250801,2
30931,20251104,2
32226,20250913,1
31081,20251215,2
31820,20250818,1
30976,20260102,2
31981,20251027,1
31968,20250920,1
30982,20260102,2
32336,20251029,1
35089,20251003,2
31079,20251126,2
31777,20250824,1
30931,20251202,2
32485,20250731,1
31855,20250813,1
18636,20251105,1
30896,20250803,2
31002,20251226,2
30979,20251224,2
31844,20250910,1
31006,20250824,2
30927,20250907,2
30965,20251209,2
31274,20251127,2
30866,20250815,2
31054,20250811,2
31007,20250907,2
31007,20251220,2
31774,20251028,1
31138,20251206,2
18575,20251113,1
30933,20250904,2
30992,20251116,2
18686,20251114,1
30887,20251113,2
30922,20250912,2
31083,20260104,2
32326,20250827,1
30891,20250903,2
30946,20250827,2
30981,20251101,2
30897,20250829,2
30926,20251201,2
30912,20250905,2
30948,20250822,2
36345,20250729,1
31877,20250817,1
31615,20251201,2
12714,20251219,2
31414,20251208,2
32222,20250812,1
31521,20251110,2
30865,20250812,2
21915,20251021,2
31267,20251009,2
31009,20251210,2
31270,20251116,2
45571,20251226,2
30907,20251023,2
31089,20250729,2
31089,20250826,2
30918,20250807,2
31751,20250831,1
12714,20251106,2
31271,20251014,2
31876,20250722,1
31266,20251210,2
31932,20250718,1
30887,20250906,2
31621,20250817,2
32317,20251110,1
31078,20251225,2
30866,20250825,2
30963,20250921,2
31968,20251206,1
30927,20251011,2
30904,20251015,2
31001,20251121,2
31040,20250823,2
268,20251224,2
31006,20250920,2
30982,20260101,2
31007,20250928,2
31869,20250927,1
30885,20251008,2
32277,20251116,1
30925,20250805,2
31806,20250723,1
30918,20250919,2
30897,20251125,2
31687,20250803,1
31105,20251108,2
31010,20251108,2
31001,20251125,2
30907,20250906,2
31005,20251121,2
31777,20250823,1
30888,20250928,2
31832,20250720,1
32065,20251013,1
31101,20250802,2
31414,20251101,2
30923,20251215,2
30888,20250907,2
31102,20251218,2
30902,20251224,2
18569,20251111,1
30986,20251114,2
18575,20250916,1
32066,20250727,1
31333,20260106,2
32188,20250802,1
18603,20250916,1
18603,20250915,1
30932,20251021,2
30964,20250917,2
34843,20250924,2
31871,20251006,1
31267,20251210,2
31079,20251115,2
30923,20251109,2
31078,20250815,2
32140,20251212,1
28134,20250718,2
31096,20251102,2
31079,20250912,2
31001,20250930,2
28134,20251006,2
31820,20250905,1
30951,20251213,2
31083,20251022,2
31806,20251126,1
31812,20250827,1
31887,20251014,1
32325,20250926,1
31630,20251010,2
12640,20251211,1
30885,20260102,2
31688,20250801,1
30889,20251115,2
31618,20251219,2
32293,20251016,1
31083,20250903,2
31041,20250930,2
32485,20251101,1
30928,20251225,2
31685,20251212,1
30894,20251023,2
31618,20251028,2
30929,20251115,2
30927,20250802,2
31807,20251022,1
31086,20251128,2
30985,20251102,2
268,20260403,2
31750,20250808,1
30965,20251127,2
31014,20251128,2
269,20251210,1
31615,20250831,2
30918,20250816,2
31979,20251115,1
32090,20250926,1
31774,20251209,1
30978,20260104,2
31018,20250913,2
30900,20251228,2
31096,20251119,2
30889,20251207,2
31887,20251127,1
30933,20250819,2
269,20250915,1
30902,20250912,2
31271,20251004,2
32284,20251204,1
31082,20251012,2
30933,20251128,2
32140,20250901,1
30937,20250831,2
27961,20251023,1
31078,20250905,2
12639,20250926,1
30993,20250908,2
31751,20250816,1
31000,20251027,2
30963,20250904,2
34842,20251029,2
30963,20250909,2
30994,20251123,2
31618,20251220,2
12640,20250916,1
32259,20250916,1
30896,20251121,2
32336,20250807,1
32334,20251106,1
30993,20251229,2
31772,20251119,1
31860,20250807,1
32401,20250803,1
31846,20251123,1
31102,20251230,2
32120,20250907,1
31385,20260103,2
30976,20251119,2
30922,20250908,2
31871,20251208,1
31846,20250802,1
30948,20250827,2
30904,20251113,2
32064,20251220,1
31842,20250905,1
32226,20251206,1
31389,20251104,2
32066,20251108,1
30922,20251106,2
31089,20251211,2
21915,20250908,2
268,20251124,2
30866,20250804,2
31981,20251220,1
30969,20260105,2
31751,20251121,1
31023,20251231,2
31002,20251106,2
30888,20251231,2
31096,20250908,2
12639,20251128,1
31089,20251026,2
31414,20250927,2
12637,20251023,2
30918,20251020,2
31877,20251221,1
30888,20251025,2
30926,20251222,2
31081,20251120,2
15536,20251225,1
30993,20250820,2
30915,20251231,2
31061,20250907,2
10038,20251224,2
18570,20250721,1
31081,20250820,2
30860,20250822,2
35571,20251013,2
31061,20250917,2
31750,20250816,1
32027,20251007,1
30932,20251004,2
30929,20251022,2
36342,20251031,2
31086,20251009,2
31844,20250822,1
31532,20260109,2
31266,20251220,2
32065,20251217,1
31385,20251217,2
31105,20251221,2
30979,20251219,2
30908,20251103,2
30922,20251021,2
32485,20250915,1
30897,20250810,2
18576,20251112,1
30895,20260105,2
31855,20250911,1
31613,20251204,2
31083,20250915,2
30897,20250727,2
30918,20251221,2
31000,20251116,2
31061,20251004,2
31035,20251218,2
31805,20250929,1
18576,20250909,1
31615,20250819,2
32216,20251126,1
31751,20250724,1
30932,20251018,2
30889,20250808,2
31871,20251122,1
30982,20251118,2
30903,20250912,2
30928,20260104,2
14802,20250918,1
31618,20251017,2
30928,20251121,2
30925,20260102,2
31926,20250915,1
30969,20251116,2
31096,20250728,2
30864,20250808,2
32212,20251129,1
31002,20251113,2
31061,20250804,2
31050,20251111,2
31887,20250911,1
32139,20251207,1
30963,20251220,2
31050,20251103,2
31005,20260105,2
30908,20251115,2
30925,20250919,2
30894,20250911,2
31078,20250817,2
30912,20251023,2
30995,20260103,2
30896,20251118,2
12635,20251225,2
30894,20251121,2
32485,20251219,1
31876,20251007,1
31274,20251027,2
30907,20251028,2
30952,20251231,2
32065,20250914,1
31414,20251004,2
30928,20251104,2
31082,20251225,2
31857,20250927,1
36977,20250804,1
31105,20250730,2
31751,20250921,1
31081,20251202,2
36207,20250725,2
30993,20251120,2
32218,20251031,1
31687,20250825,1
30949,20250826,2
18687,20251001,1
34842,20250828,2
35089,20251011,2
30916,20260101,2
30920,20260105,2
32284,20250930,1
30951,20251120,2
35457,20250825,2
35511,20250715,2
31335,20260105,2
31812,20250902,1
30912,20250908,2
31009,20250928,2
30907,20250920,2
32090,20251017,1
30929,20251214,2
32317,20251201,1
18659,20250821,1
30916,20250912,2
31059,20251128,2
32277,20251013,1
30896,20250915,2
31039,20250716,2
30903,20251224,2
30887,20251109,2
30891,20251122,2
30912,20251215,2
31018,20251220,2
30907,20251215,2
31089,20251011,2
30933,20251123,2
18687,20250930,1
31008,20251225,2
34975,20250723,2
14784,20250721,2
32323,20251109,1
30889,20250726,2
30907,20251029,2
31683,20250722,1
30902,20251204,2
30884,20251211,2
35642,20250825,2
30904,20251003,2
31274,20251103,2
31037,20250824,2
31346,20250904,2
32216,20250826,1
32271,20251024,1
30887,20250831,2
31105,20251023,2
31267,20251027,2
30915,20251121,2
31807,20250716,1
32120,20251206,1
32401,20250715,1
30937,20250725,2
31000,20251117,2
18575,20251211,1
30987,20251227,2
32228,20250831,1
30926,20250914,2
18688,20251027,1
30886,20251008,2
31630,20251214,2
32169,20250716,1
30894,20251124,2
31750,20250730,1
31857,20251201,1
30885,20250912,2
31683,20251023,1
32315,20250802,1
18603,20250920,1
35089,20250925,2
32105,20250718,1
30951,20260107,2
18659,20251004,1
30987,20251229,2
30951,20251201,2
32212,20251011,1
31061,20251112,2
30866,20250807,2
30904,20250919,2
31101,20251222,2
30891,20250810,2
30900,20250815,2
32090,20250905,1
30901,20251125,2
31041,20250911,2
31083,20251026,2
30915,20250814,2
30902,20251114,2
32325,20251110,1
32061,20251002,1
31271,20251227,2
30936,20251129,2
30896,20251129,2
31274,20251227,2
30942,20250831,2
30904,20250904,2
32259,20250803,1
30951,20250909,2
30932,20251209,2
18575,20251105,1
30925,20250903,2
31038,20250804,2
18576,20251122,1
18686,20250723,1
18575,20251009,1
30918,20251127,2
30896,20250927,2
30910,20250928,2
31322,20260108,2
31807,20251124,1
31006,20251213,2
30922,20250803,2
18573,20251117,1
32065,20251204,1
31846,20251125,1
18592,20251112,1
30927,20251024,2
31322,20251210,2
31933,20251119,1
31102,20251221,2
31821,20250728,1
30898,20251116,2
18636,20250919,1
31061,20251026,2
30976,20260103,2
32287,20251206,1
32090,20251203,1
30904,20250810,2
30896,20251020,2
32027,20250813,1
32140,20251006,1
30922,20251004,2
30933,20251003,2
32065,20250930,1
32275,20250902,1
36204,20250805,2
31817,20250923,1
30920,20250908,2
31099,20251114,2
31054,20250828,2
31138,20251014,2
31688,20250721,1
27959,20251224,2
30984,20251104,2
18570,20251110,1
269,20250929,1
30964,20251201,2
32323,20251115,1
31389,20251109,2
30885,20250909,2
18636,20251119,1
30971,20251113,2
30908,20251201,2
31904,20251019,1
31774,20250722,1
31086,20250810,2
18576,20251018,1
31008,20251012,2
31777,20251108,1
1170,20251111,1
31054,20251101,2
31335,20251127,2
36284,20251217,2
31018,20251215,2
18659,20251002,1
30984,20251223,2
30923,20250801,2
30920,20251119,2
18688,20250904,1
30888,20250924,2
31926,20250905,1
31005,20260101,2
30987,20251126,2
31772,20251013,1
30980,20251117,2
31846,20251004,1
31101,20251206,2
31086,20250802,2
31751,20251206,1
31008,20250926,2
31015,20251126,2
18569,20250820,1
30936,20251030,2
18687,20250716,1
30906,20251227,2
31138,20260106,2
31018,20250923,2
12637,20251222,2
31807,20250902,1
30890,20251219,2
30900,20251203,2
31687,20250810,1
18576,20251105,1
31626,20251125,2
31945,20250718,1
30891,20251120,2
31968,20251209,1
31041,20260105,2
32061,20250721,1
31383,20251112,2
32282,20250808,1
30864,20250824,2
31007,20251102,2
32336,20251106,1
31054,20251221,2
34917,20251028,2
31806,20250907,1
30983,20251210,2
30963,20251211,2
30898,20251121,2
31054,20251002,2
31383,20251127,2
31096,20251213,2
31008,20251229,2
31855,20250812,1
31005,20260110,2
30965,20250817,2
30885,20251114,2
19,20260101,2
32226,20250831,1
31061,20250906,2
30896,20251102,2
31876,20250715,1
31860,20250909,1
31081,20251118,2
31904,20251218,1
31979,20251215,1
18630,20251205,1
31054,20250806,2
18573,20250926,1
30998,20251222,2
30908,20251102,2
31811,20250822,1
30857,20250730,2
30900,20251116,2
30884,20251113,2
31732,20251117,1
32334,20251201,1
31086,20250826,2
30907,20251020,2
31096,20250825,2
1171,20251225,2
30859,20250826,2
31860,20251209,1
32325,20251019,1
30903,20260104,2
30994,20251202,2
31008,20251028,2
18603,20250831,1
31086,20251126,2
31844,20250903,1
30919,20260103,2
30973,20251225,2
32457,20250723,1
31952,20250817,1
18604,20250810,1
31089,20250819,2
30907,20250809,2
18570,20251103,1
30965,20251004,2
31414,20250818,2
21855,20251126,1
32166,20251012,1
30891,20250811,2
30898,20250914,2
30992,20251013,2
32259,20251012,1
31018,20260106,2
30938,20251211,2
31086,20251018,2
31776,20250721,1
31270,20251216,2
30993,20250726,2
31274,20251119,2
30987,20251117,2
30952,20260101,2
31859,20251212,1
31078,20251222,2
31023,20251204,2
30951,20251016,2
30894,20260109,2
31414,20250905,2
31027,20250805,2
30964,20251021,2
31006,20250724,2
31691,20250808,1
30986,20251224,2
1186,20260406,2
31618,20250902,2
31876,20250927,1
31805,20251110,1
30907,20251212,2
31138,20251210,2
32715,20250822,1
31414,20251107,2
31052,20260108,2
31628,20251215,2
31904,20251027,1
15540,20260101,1
30912,20251213,2
30964,20251008,2
30976,20251220,2
12640,20251209,1
30887,20251218,2
27961,20260101,2
32325,20250802,1
31383,20251222,2
31805,20251010,1
32457,20250730,1
31017,20250815,2
31807,20251024,1
30985,20251109,2
31615,20251126,2
30929,20251024,2
32293,20251030,1
31945,20251024,1
30898,20251229,2
30894,20250906,2
36204,20250818,2
31026,20250901,2
18670,20250728,1
5664,20251226,2
18570,20251215,1
31929,20251017,1
31388,20260102,2
30864,20250809,2
31040,20250805,2
32325,20250721,1
31774,20251122,1
30928,20251222,2
31615,20251225,2
30998,20251023,2
31618,20251007,2
30894,20251011,2
31005,20260104,2
31842,20251101,1
15540,20260406,2
30908,20251220,2
31081,20250811,2
31333,20251217,2
30910,20251225,2
31812,20250814,1
32271,20250829,1
30992,20250912,2
32140,20250723,1
32277,20251006,1
30897,20251010,2
31041,20251229,2
31061,20260104,2
30963,20250725,2
30923,20251205,2
31005,20251110,2
30933,20251226,2
30964,20251118,2
31968,20251221,1
30906,20251204,2
31059,20251025,2
30933,20260105,2
32256,20251021,1
30934,20251210,2
31007,20260110,2
31138,20250924,2
18575,20250823,1
31346,20251216,2
30897,20251108,2
32259,20251028,1
31270,20251227,2
32139,20251130,1
30985,20251120,2
31774,20251211,1
30915,20250906,2
31776,20250828,1
31005,20250818,2
32065,20250917,1
30897,20251230,2
30916,20251220,2
31774,20250817,1
31683,20251007,1
30986,20251121,2
30898,20250820,2
32457,20251103,1
31079,20251101,2
18569,20250930,1
30946,20250807,2
31389,20260101,2
31008,20251003,2
31869,20251215,1
31009,20251109,2
14784,20251002,2
31813,20250720,1
31346,20250908,2
31904,20250823,1
30886,20251219,2
31776,20251127,1
30891,20250727,2
30911,20260101,2
31081,20250927,2
31869,20250830,1
30894,20251225,2
31078,20251111,2
18572,20250928,1
31037,20250819,2
30907,20250904,2
31272,20251231,2
32090,20250915,1
31335,20250825,2
31079,20251227,2
32139,20251122,1
31629,20251016,2
18632,20250719,1
30925,20251227,2
31061,20251102,2
36205,20251029,1
31206,20251231,2
31981,20250923,1
30973,20251229,2
30934,20251227,2
30889,20251227,2
18576,20251101,1
30918,20251012,2
31621,20250825,2
31532,20260101,2
31887,20251019,1
31868,20251212,1
31629,20250913,2
31037,20250813,2
31056,20251207,2
31626,20251007,2
30902,20250921,2
31813,20250915,1
18575,20251102,1
31015,20251214,2
18636,20250903,1
32066,20251101,1
30952,20251009,2
31009,20250905,2
18592,20251208,1
14126,20260403,2
31086,20250827,2
31805,20250813,1
31389,20251220,2
12640,20250910,1
31007,20251002,2
32226,20251018,1
31090,20251030,2
31007,20251126,2
31929,20251205,1
30922,20251214,2
31086,20251001,2
72,20260406,2
18576,20251015,1
31842,20250803,1
32317,20251120,1
31808,20250907,1
31090,20250807,2
1171,20250806,1
32334,20250802,1
30925,20250901,2
18659,20250803,1
31335,20250912,2
31105,20250803,2
32334,20250805,1
18670,20251106,1
36207,20250804,2
12639,20251024,1
30952,20250928,2
31623,20251210,2
31526,20251203,2
31090,20250916,2
31082,20251108,2
31019,20260104,2
30976,20251226,2
30965,20250808,2
1217,20251226,2
18575,20251017,1
31687,20251005,1
30916,20251222,2
30894,20251127,2
31929,20251219,1
31871,20250921,1
31385,20251110,2
30979,20251119,2
31033,20250731,2
31016,20251229,2
31968,20251125,1
12714,20251123,2
31841,20250905,1
35089,20250827,2
14802,20251112,1
31751,20251125,1
30920,20251020,2
31774,20251006,1
30889,20250724,2
31007,20251121,2
31876,20251011,1
18670,20250805,1
32326,20250902,1
31335,20251208,2
31346,20250816,2
31006,20251013,2
1170,20251015,1
31887,20251217,1
30982,20260105,2
30884,20251117,2
31014,20251221,2
31750,20251013,1
32317,20251101,1
30982,20260108,2
30915,20250913,2
18659,20250922,1
31968,20250726,1
30884,20251218,2
31691,20251107,1
4383,20250825,1
31860,20250806,1
268,20251219,2
30916,20250905,2
31346,20250823,2
31877,20251020,1
31979,20251126,1
30903,20250910,2
30993,20251020,2
18687,20251030,1
30896,20251218,2
31750,20250831,1
30925,20251214,2
31086,20250928,2
32216,20251007,1
18569,20251106,1
32090,20251124,1
32139,20250809,1
31777,20251214,1
30983,20260107,2
18575,20251103,1
31532,20251209,2
18687,20251206,1
31010,20251120,2
31050,20251114,2
30980,20251216,2
31805,20250807,1
36342,20250821,2
31138,20250723,2
31035,20251230,2
32218,20250817,1
30936,20251119,2
32325,20251017,1
30922,20250811,2
32208,20250919,1
32212,20250727,1
31608,20251103,2
31089,20250829,2
35639,20250814,1
30981,20251021,2
31035,20251213,2
32120,20251004,1
30897,20251106,2
18573,20251020,1
30902,20251117,2
18687,20251119,1
30918,20251117,2
30907,20250828,2
31826,20250806,1
31904,20251018,1
30905,20251223,2
30903,20251203,2
32090,20251027,1
36345,20251017,2
31412,20260105,2
31414,20250919,2
31389,20251103,2
31096,20250829,2
31846,20251221,1
14802,20251209,1
32322,20250815,1
32064,20251004,1
32064,20250820,1
30998,20251020,2
30929,20251118,2
32293,20250725,1
30901,20251214,2
31690,20251219,1
36345,20250926,2
31269,20260106,2
32284,20251002,1
31751,20250716,1
31846,20251220,1
31805,20251201,1
30922,20251211,2
32090,20251220,1
30984,20251004,2
30904,20250809,2
36345,20251203,2
31904,20250829,1
14802,20251128,1
30896,20251223,2
18592,20250917,1
30980,20251208,2
32256,20250923,1
32256,20250807,1
31842,20250818,1
31041,20250910,2
31346,20251109,2
31846,20251208,1
30948,20250816,2
18576,20250901,1
30914,20251213,2
30886,20260102,2
31099,20251003,2
30981,20251230,2
31976,20250722,1
32457,20251008,1
31096,20251211,2
31046,20260108,2
31774,20250828,1
18576,20250924,1
31842,20250718,1
31002,20251002,2
35089,20251219,2
31079,20251010,2
30936,20251215,2
30912,20251220,2
32401,20250810,1
32485,20251020,1
31006,20260107,2
30907,20251103,2
31002,20260105,2
31006,20251021,2
31682,20251205,1
31269,20251212,2
30894,20251110,2
30977,20260106,2
30983,20251230,2
32336,20251015,1
18604,20251117,1
30951,20251105,2
31683,20251125,1
18630,20251010,1
30885,20251108,2
31871,20251121,1
31000,20251002,2
32482,20251005,1
31272,20251209,2
31333,20251222,2
18686,20250918,1
18659,20251105,1
30903,20250913,2
32064,20250725,1
18573,20250919,1
32325,20250915,1
18687,20250825,1
5664,20251225,2
32284,20251211,1
31010,20251003,2
30942,20250819,2
30883,20251228,2
36345,20250924,2
31806,20250809,1
32287,20250727,1
31618,20260109,2
35571,20251212,2
30932,20251210,2
31776,20251013,1
32482,20250921,1
31385,20260108,2
35454,20250825,1
31841,20250922,1
31806,20251211,1
31686,20251124,1
30996,20260110,2
30929,20250727,2
1173,20251224,2
31629,20251126,2
32259,20250901,1
30940,20250807,2
30887,20251027,2
31826,20250903,1
14126,20251224,2
31698,20251019,1
31078,20251013,2
30979,20251102,2
31105,20251117,2
30934,20251203,2
30952,20251012,2
14785,20250826,2
30920,20251216,2
30923,20250906,2
30915,20251108,2
30964,20250902,2
32105,20251219,1
30963,20251110,2
30992,20250816,2
31904,20251122,1
5148,20251231,2
31081,20251006,2
30936,20250817,2
31010,20251227,2
31732,20251208,1
30994,20251028,2
30994,20251122,2
30970,20251203,2
36345,20251119,2
30929,20250908,2
30889,20251103,2
31968,20251110,1
31945,20251010,1
30943,20250819,2
31009,20251004,2
31099,20250915,2
30898,20250927,2
30898,20250926,2
30997,20251206,2
30998,20251006,2
1186,20251225,2
27959,20251110,1
31079,20260107,2
31090,20250929,2
31751,20251022,1
31904,20251014,1
12640,20250915,1
32061,20250802,1
34979,20250731,1
32140,20251204,1
31006,20251202,2
31690,20251205,1
32273,20251020,1
31008,20250811,2
31010,20251116,2
18603,20250818,1
32210,20250717,1
31811,20250728,1
30890,20251223,2
36342,20250827,2
18659,20250903,1
18688,20250829,1
31033,20250802,2
31776,20251020,1
31807,20251028,1
32293,20250923,1
32315,20250831,1
35089,20250927,2
30894,20251210,2
30891,20251019,2
31267,20260105,2
31841,20251117,1
31007,20251003,2
31932,20250908,1
31000,20251005,2
32139,20251104,1
30889,20251226,2
31385,20251226,2
30886,20251228,2
31968,20251022,1
32064,20251205,1
32282,20250919,1
31933,20250918,1
31037,20250818,2
31978,20250725,1
32061,20250830,1
32139,20251108,1
30886,20251109,2
1170,20251022,1
30987,20251215,2
32225,20251029,1
30963,20250907,2
32256,20250910,1
30916,20251211,2
31806,20250913,1
30989,20251230,2
31063,20251123,2
31630,20251019,2
31096,20250812,2
32139,20250723,1
14802,20251110,1
30885,20250826,2
30937,20251101,2
14784,20251119,2
32218,20251114,1
31626,20251227,2
31079,20250915,2
32273,20251205,1
31774,20250821,1
30885,20250916,2
31002,20250826,2
31050,20250803,2
30885,20250902,2
31671,20250825,2
31267,20250831,2
32066,20250912,1
35075,20251029,2
30910,20251205,2
31054,20251004,2
30910,20250924,2
30923,20251231,2
31383,20251104,2
30985,20260103,2
31001,20260104,2
31005,20251013,2
31816,20250810,1
31346,20251117,2
32336,20250911,1
31526,20260110,2
31081,20250831,2
31000,20251106,2
12714,20251104,2
30903,20251006,2
31732,20251020,1
34843,20251028,1
30916,20251103,2
30886,20251115,2
31608,20251227,2
30900,20251007,2
30918,20251125,2
36204,20250812,2
32317,20250820,1
30965,20251126,2
31050,20251211,2
31270,20251204,2
32139,20251109,1
31274,20251223,2
18688,20250808,1
30885,20250917,2
31271,20251216,2
34842,20251027,2
31059,20251119,2
31871,20251004,1
31876,20250803,1
34909,20251201,2
32222,20250730,1
30940,20250828,2
32065,20250719,1
30898,20251011,2
1171,20251028,1
31007,20251228,2
18659,20250906,1
30888,20250814,2
30927,20250810,2
140,20250825,2
34843,20250716,2
31904,20250827,1
31002,20250809,2
31626,20251014,2
30952,20251130,2
31266,20260103,2
32682,20250822,1
30920,20250910,2
31887,20251129,1
32225,20251002,1
31887,20251121,1
30891,20250809,2
30992,20251129,2
30894,20250802,2
18688,20251219,1
31089,20250813,2
31806,20251027,1
32293,20251216,1
30983,20260102,2
32334,20251028,1
30976,20251114,2
30915,20251217,2
31414,20251204,2
30883,20251017,2
31008,20251127,2
31086,20251119,2
32326,20250909,1
31630,20251206,2
18592,20251106,1
31006,20251229,2
31871,20251201,1
31876,20250720,1
34910,20250804,2
30938,20251216,2
31006,20251024,2
18576,20251211,1
30910,20251120,2
30964,20251026,2
30963,20251122,2
30886,20251220,2
32228,20251115,1
30992,20250821,2
32065,20251011,1
30904,20251203,2
31698,20251130,1
30951,20250808,2
32090,20251109,1
31346,20250902,2
31054,20250824,2
31846,20250901,1
32278,20250813,1
31027,20250810,2
32140,20250826,1
30897,20251109,2
30987,20251231,2
30933,20250906,2
30933,20251228,2
30899,20251202,2
30913,20260103,2
31027,20250813,2
32256,20251030,1
35089,20250914,2
31014,20251108,2
31000,20251003,2
31389,20251206,2
31968,20250814,1
18657,20251120,1
31904,20250817,1
30907,20260103,2
31269,20251225,2
31932,20250822,1
31268,20260101,2
31750,20250929,1
30980,20251225,2
31015,20260101,2
32336,20250724,1
36203,20250825,1
31008,20251209,2
31832,20250718,1
32065,20250823,1
30897,20251028,2
36202,20251201,2
32317,20251026,1
31629,20250914,2
31009,20251222,2
31015,20251202,2
31887,20251020,1
36345,20251120,2
31061,20250806,2
30886,20250906,2
30927,20250819,2
31061,20251223,2
1170,20251006,1
32275,20250828,1
18687,20250901,1
31078,20251212,2
31385,20251216,2
31005,20250814,2
31333,20251230,2
30898,20251125,2
31054,20250817,2
32065,20250802,1
34975,20250826,2
31054,20251001,2
31083,20260110,2
32027,20251127,1
31018,20251202,2
30964,20250901,2
31006,20250807,2
32066,20250915,1
30937,20251016,2
30933,20251109,2
32064,20251111,1
18576,20250811,1
32325,20250822,1
30883,20251117,2
30965,20251208,2
30936,20260103,2
31774,20251011,1
32485,20251122,1
18686,20251010,1
31086,20250925,2
31007,20251214,2
32234,20250722,1
30964,20251031,2
30915,20251004,2
30900,20251205,2
32090,20251129,1
14169,20251231,1
31079,20251228,2
15541,20251224,1
31007,20260106,2
31138,20260104,2
30926,20251123,2
30929,20251020,2
31082,20250719,2
31006,20250802,2
18575,20251125,1
18684,20251115,1
31841,20250901,1
30936,20251203,2
18688,20250919,1
30964,20250818,2
30906,20251213,2
288,20260406,2
18605,20250822,1
31078,20251231,2
30889,20251225,2
36342,20250819,2
30964,20251029,2
30952,20251002,2
14169,20260403,1
31751,20251002,1
30864,20250814,2
30888,20250913,2
32234,20250717,1
31887,20251117,1
18576,20250723,1
27960,20251216,1
18659,20251215,1
30865,20250719,2
30998,20251106,2
27962,20251015,1
32334,20250830,1
30901,20250801,2
12640,20251110,1
32209,20251128,1
30887,20250904,2
31081,20251029,2
32334,20250721,1
30894,20251203,2
31772,20251209,1
7855,20260406,2
30901,20250914,2
31869,20251207,1
32277,20250929,1
30901,20250721,2
18602,20250919,1
30886,20251206,2
31414,20250720,2
30965,20251107,2
30890,20260107,2
32226,20250830,1
31138,20260109,2
30973,20251211,2
30969,20251104,2
31826,20250717,1
32140,20251015,1
30915,20251116,2
12714,20260403,2
31842,20251214,1
32401,20250724,1
31821,20250811,1
31346,20251111,2
30987,20251204,2
18684,20250816,1
30998,20251225,2
31869,20251005,1
30915,20251213,2
30886,20250828,2
30989,20260108,2
30996,20260104,2
30964,20250715,2
18670,20251030,1
30918,20251204,2
30897,20251229,2
30903,20250906,2
30893,20260109,2
32287,20251121,1
36342,20250731,2
32271,20251208,1
30995,20251206,2
30888,20260101,2
31007,20251010,2
30905,20251117,2
30936,20250717,2
31101,20251121,2
31138,20251012,2
30973,20251217,2
30903,20251005,2
31009,20250915,2
30905,20251221,2
30929,20251205,2
30916,20251221,2
32284,20250909,1
30971,20251103,2
30987,20251108,2
31926,20251010,1
30992,20251201,2
36205,20250807,1
31414,20250812,2
30908,20251110,2
30978,20260105,2
30933,20250831,2
31847,20251130,1
31099,20251224,2
30898,20251212,2
30907,20250804,2
31008,20250913,2
30905,20250917,2
34979,20250807,1
31626,20251107,2
30898,20260104,2
31061,20250920,2
14784,20251126,2
32944,20250815,1
18636,20250805,1
18632,20250816,1
18657,20251016,1
31945,20251017,1
30889,20251209,2
30925,20250830,2
30985,20251209,2
32228,20250823,1
32485,20250726,1
18605,20251010,1
30907,20251110,2
30947,20250802,2
36205,20250730,1
32140,20251206,1
31099,20251125,2
30910,20251108,2
18670,20251103,1
30965,20251002,2
30897,20251011,2
31248,20251229,2
30938,20251223,2
31054,20251011,2
31698,20251012,1
31206,20260108,2
31842,20250815,1
30905,20251215,2
31090,20260105,2
31621,20250804,2
30915,20251011,2
18592,20250925,1
30927,20251208,2
32065,20250724,1
30894,20250928,2
31018,20251025,2
31078,20251007,2
31335,20251102,2
31089,20251017,2
18569,20251021,1
12714,20250927,2
31608,20260102,2
17484,20250825,2
30937,20251207,2
30890,20251209,2
268,20250915,2
31059,20251202,2
31018,20251201,2
30987,20251129,2
32287,20250922,1
28134,20251124,2
18592,20250821,1
31842,20251128,1
31006,20250922,2
30914,20251218,2
35571,20251010,2
12640,20250923,1
31629,20251121,2
30859,20250824,2
14784,20251202,2
30981,20251204,2
31866,20250715,1
31089,20250824,2
30926,20251010,2
31000,20260109,2
18687,20251217,1
34842,20250829,2
30965,20251211,2
30937,20251220,2
31018,20250907,2
31877,20250811,1
30904,20250907,2
18573,20250808,1
30901,20250816,2
268,20250919,2
30992,20251002,2
34979,20250813,1
32120,20250912,1
18592,20251125,1
18569,20250722,1
32064,20251018,1
32278,20250820,1
30946,20250809,2
18688,20251118,1
30921,20260101,2
31001,20251112,2
32120,20251128,1
31817,20251113,1
31335,20251209,2
30986,20251130,2
31038,20250826,2
31274,20260107,2
31050,20251106,2
32323,20251014,1
31050,20251206,2
30933,20250801,2
31269,20251230,2
32293,20251103,1
31629,20251216,2
14802,20251104,1
30940,20250730,2
31812,20250807,1
30887,20251130,2
31429,20251231,2
32317,20251116,1
30931,20251223,2
32266,20250801,1
14784,20251024,2
18689,20250926,1
31015,20251203,2
31035,20251215,2
31806,20251220,1
32027,20250915,1
30896,20260104,2
30898,20251209,2
30898,20251023,2
35511,20250901,2
31979,20251105,1
31267,20251007,2
21855,20251015,1
30921,20251106,2
31270,20251031,2
32090,20251007,1
30886,20250830,2
30910,20250925,2
31027,20250812,2
31772,20251210,1
31414,20250809,2
30901,20251220,2
32944,20250816,1
31613,20260108,2
31006,20251122,2
35089,20251103,2
31412,20260103,2
31933,20251030,1
12714,20250817,2
18575,20250909,1
31628,20251112,2
30929,20251013,2
11066,20260101,2
31904,20250903,1
31844,20251010,1
32228,20251207,1
32293,20251206,1
31813,20250831,1
30900,20250826,2
30931,20251121,2
27960,20251226,2
31618,20251031,2
32234,20250730,1
31105,20250813,2
30933,20250731,2
31887,20250726,1
31008,20251219,2
30936,20251217,2
31099,20251227,2
31385,20251109,2
30971,20251031,2
30904,20250731,2
31333,20251207,2
30998,20250904,2
31018,20251005,2
30998,20251203,2
30932,20251019,2
32027,20250821,1
32277,20250823,1
31629,20251206,2
30888,20251013,2
32140,20251214,1
31008,20250813,2
31521,20251105,2
14784,20250924,2
30907,20260101,2
31105,20250903,2
31008,20251014,2
30920,20260103,2
31414,20251228,2
31138,20251119,2
30922,20250909,2
31010,20251205,2
30907,20251209,2
32140,20251013,1
30998,20250801,2
18659,20251014,1
31105,20251004,2
18670,20250806,1
31526,20251030,2
31101,20250908,2
30952,20251201,2
35075,20250826,2
31322,20251208,2
31532,20251225,2
30889,20251125,2
30963,20251017,2
31007,20251223,2
30926,20251006,2
31876,20251006,1
31750,20251112,1
30986,20251017,2
31271,20251123,2
31006,20251123,2
30894,20250925,2
30903,20250901,2
32139,20250905,1
32315,20250725,1
30936,20250819,2
30937,20251205,2
31033,20250813,2
31274,20250914,2
32064,20250908,1
32325,20251024,1
31078,20251117,2
30940,20250809,2
18657,20251110,1
32139,20251030,1
32105,20251211,1
34909,20250804,2
31101,20251125,2
30900,20251012,2
30979,20260107,2
30920,20251208,2
30933,20251029,2
30937,20251206,2
31841,20250915,1
30898,20260101,2
30965,20250917,2
31006,20251119,2
31082,20250916,2
30998,20250824,2
30891,20251205,2
30985,20260105,2
32140,20250928,1
31623,20260110,2
30885,20250928,2
32164,20250821,1
30859,20250812,2
31981,20251005,1
32064,20251125,1
30936,20250801,2
30933,20250907,2
30992,20251130,2
31346,20251227,2
35075,20251220,2
30929,20251229,2
30933,20250913,2
32061,20251031,1
31750,20250813,1
18687,20251020,1
31687,20251201,1
32212,20250803,1
31777,20251101,1
18573,20251124,1
30918,20250928,2
31683,20250930,1
31101,20251020,2
31082,20250820,2
30888,20250816,2
30910,20250729,2
31267,20251111,2
31774,20251109,1
30891,20251202,2
30883,20251127,2
72,20260101,2
31806,20251009,1
35075,20251108,2
30904,20251024,2
30992,20251112,2
30981,20251224,2
31101,20251113,2
30936,20250818,2
31056,20260110,2
31054,20251213,2
30912,20251027,2
31006,20250718,2
31846,20251018,1
30857,20250823,2
30889,20250810,2
30903,20251221,2
30963,20251021,2
32234,20250826,1
31006,20251111,2
27962,20250917,1
18576,20250722,1
18603,20251209,1
31101,20250820,2
32401,20250716,1
31860,20251204,1
30916,20250904,2
30929,20251119,2
18684,20250817,1
18657,20251027,1
31521,20251123,2
31005,20250907,2
31412,20260104,2
30918,20260103,2
31041,20251231,2
18659,20250719,1
30886,20250820,2
31333,20251213,2
268,20251006,2
30863,20250824,2
31054,20251016,2
31007,20251023,2
30998,20251019,2
31842,20250830,1
18684,20250830,1
36207,20250815,2
31615,20250903,2
12714,20251121,2
31266,20251231,2
18592,20250828,1
31138,20251209,2
35089,20251006,2
30998,20250906,2
30896,20251005,2
31017,20250809,2
31086,20250913,2
31346,20251118,2
30951,20251218,2
31824,20250901,1
34907,20250804,2
31776,20250917,1
32336,20250901,1
32139,20251006,1
30903,20251002,2
30912,20251003,2
31335,20250821,2
12714,20250910,2
30948,20250828,2
32325,20250731,1
31082,20251030,2
30907,20250821,2
30889,20251028,2
31041,20251008,2
31267,20251201,2
31968,20250807,1
30918,20250909,2
30922,20250828,2
32188,20250906,1
1170,20251225,2
31686,20250809,1
264,20251226,2
32317,20250928,1
7855,20251231,2
1170,20251226,2
31005,20250819,2
30951,20251228,2
31346,20251224,2
30866,20250809,2
689,20260406,2
30906,20251211,2
12714,20250919,2
30980,20251222,2
32259,20250928,1
30979,20251213,2
32218,20251024,1
31082,20250901,2
31526,20251129,2
31968,20251008,1
30896,20251017,2
30932,20251107,2
31774,20251105,1
32188,20251013,1
31105,20250916,2
31090,20251014,2
18632,20251129,1
30891,20250911,2
18592,20250804,1
30922,20250921,2
31842,20251011,1
31274,20251102,2
31001,20251219,2
32065,20251107,1
35511,20251203,2
31626,20251219,2
31335,20250901,2
34843,20251001,2
30885,20251112,2
31774,20251104,1
18575,20250811,1
31041,20251210,2
30965,20250819,2
30910,20251112,2
30883,20260108,2
20528,20250716,2
5148,20250717,2
31805,20251213,1
30984,20251110,2
31335,20251118,2
30900,20250911,2
31754,20251011,1
31926,20251011,1
31101,20250830,2
30914,20251116,2
31346,20250927,2
31079,20250927,2
18686,20250925,1
18659,20250921,1
35511,20251125,2
18603,20251115,1
12714,20251102,2
31857,20250804,1
32256,20250929,1
18688,20250812,1
30923,20251229,2
30992,20251011,2
31089,20260103,2
31968,20250927,1
30929,20251218,2
31621,20250819,2
31037,20250817,2
35075,20251103,2
32318,20250907,1
18632,20251206,1
31876,20250914,1
31096,20250815,2
18570,20251128,1
30891,20250912,2
30937,20250821,2
31099,20250921,2
31050,20251102,2
30883,20251215,2
30923,20251121,2
31078,20250924,2
32323,20251021,1
31626,20251120,2
31081,20251224,2
32482,20250817,1
30907,20250909,2
32284,20251022,1
18575,20250920,1
31007,20260102,2
32061,20250806,1
32066,20251021,1
31887,20250816,1
32208,20251017,1
31014,20251130,2
30981,20251003,2
32318,20250816,1
32485,20250826,1
18659,20251112,1
31033,20250814,2
30948,20250821,2
31007,20251026,2
14785,20250827,2
35571,20250717,2
31052,20260109,2
32282,20251121,1
31979,20251125,1
31805,20251212,1
31932,20251020,1
18602,20251017,1
30964,20250814,2
32208,20251219,1
18576,20250828,1
31526,20251204,2
31138,20250803,2
31005,20251210,2
30888,20250930,2
32319,20250821,1
31101,20251008,2
31005,20251023,2
31414,20251014,2
18659,20251007,1
30926,20251004,2
31807,20250725,1
31926,20251215,1
31105,20251120,2
32212,20251206,1
34917,20250806,2
31105,20251105,2
32326,20250729,1
31096,20260101,2
31813,20250802,1
30965,20251006,2
31933,20251218,1
32140,20250929,1
32287,20250919,1
30864,20250811,2
31101,20250922,2
21855,20251113,1
32256,20250820,1
30969,20251219,2
30980,20251114,2
30987,20260103,2
30923,20250823,2
34896,20250804,2
18604,20251011,1
30891,20251117,2
35511,20250912,2
31001,20260110,2
12714,20251128,2
31869,20251109,1
31099,20251010,2
32323,20250917,1
32120,20250811,1
30963,20250825,2
31002,20251105,2
31774,20250715,1
12714,20250902,2
32256,20251201,1
18575,20250829,1
31010,20251228,2
32485,20251204,1
31040,20250815,2
18575,20250826,1
30891,20260110,2
31061,20251122,2
30926,20251220,2
30886,20251025,2
31855,20250828,1
1170,20251017,1
30928,20260105,2
31688,20250929,1
32457,20250819,1
32164,20250908,1
31054,20250918,2
30914,20260102,2
18659,20251125,1
31010,20251104,2
30896,20250813,2
31016,20260108,2
31615,20251102,2
31968,20251002,1
30923,20250803,2
30883,20260103,2
30905,20251111,2
32259,20251215,1
18687,20251012,1
31099,20250807,2
31333,20260108,2
30900,20250816,2
31092,20260101,2
45573,20250825,1
31083,20251102,2
31253,20251213,2
30951,20251019,2
31887,20251115,1
31346,20251214,2
31414,20251214,2
30904,20260101,2
31038,20250821,2
31857,20251115,1
18592,20250721,1
31138,20250814,2
31610,20260110,2
30922,20250810,2
18576,20250806,1
18686,20250919,1
32259,20251025,1
31981,20250814,1
31096,20250920,2
30910,20251011,2
31844,20250808,1
32188,20250804,1
31618,20251120,2
30897,20250914,2
30925,20250824,2
31860,20251104,1
31102,20251201,2
18576,20250910,1
30908,20251229,2
30857,20250805,2
31274,20250904,2
34979,20250806,1
32256,20250805,1
30929,20250815,2
34793,20250804,2
30904,20251008,2
31090,20251127,2
31877,20251214,1
72,20251226,2
32212,20251208,1
32259,20250826,1
31041,20251130,2
28134,20251215,2
31271,20251011,2
30865,20250824,2
28640,20251231,2
31933,20251126,1
36342,20250825,2
30894,20250914,2
31981,20251123,1
32219,20250813,1
30964,20250915,2
32065,20251212,1
18576,20251005,1
30906,20260103,2
30891,20251129,2
30890,20251125,2
31267,20251216,2
31945,20251003,1
30914,20251228,2
31086,20250820,2
31526,20251228,2
18569,20250826,1
30998,20250903,2
32326,20250929,1
30929,20251002,2
30963,20251217,2
18569,20250805,1
32317,20251129,1
21855,20251020,1
18657,20251014,1
32334,20251127,1
31007,20251209,2
31078,20251106,2
30889,20251031,2
31981,20250827,1
32064,20251015,1
31271,20251121,2
31056,20251224,2
30929,20260101,2
30932,20251212,2
31618,20250908,2
31056,20251212,2
32457,20251022,1
35089,20251118,2
14785,20250811,2
31750,20250924,1
32222,20250729,1
30891,20250902,2
32317,20251117,1
31269,20260101,2
18603,20250810,1
31623,20251112,2
31630,20251028,2
31698,20250726,1
34776,20250825,2
21915,20250919,2
30929,20250806,2
31267,20251010,2
32401,20250808,1
32334,20251020,1
30901,20250917,2
30907,20251030,2
18670,20251014,1
32065,20251002,1
32027,20251125,1
30937,20251023,2
30886,20251223,2
32066,20250718,1
31099,20250724,2
35571,20250904,2
31078,20251218,2
31005,20251201,2
30891,20251215,2
31846,20250920,1
31090,20251011,2
30883,20251106,2
35511,20251007,2
31050,20250809,2
34856,20250804,2
32140,20251108,1
31414,20250921,2
31429,20260106,2
31521,20260103,2
31750,20251016,1
31138,20251201,2
30910,20250804,2
31979,20251108,1
31101,20251130,2
30907,20250922,2
268,20250917,2
31002,20251021,2
31979,20251124,1
30903,20251017,2
18576,20250914,1
36342,20250728,2
32293,20251210,1
31968,20250908,1
31846,20250929,1
31008,20251030,2
31009,20250916,2
18576,20250801,1
31096,20251206,2
21855,20251104,1
31774,20251103,1
30926,20251101,2
35075,20250815,2
30901,20250729,2
30885,20250921,2
31621,20250821,2
27960,20251014,1
31876,20251018,1
30898,20251006,2
30922,20251024,2
30949,20250819,2
31005,20251113,2
18659,20250812,1
30932,20251029,2
31082,20251002,2
30981,20251015,2
30965,20250907,2
31335,20250911,2
31040,20250716,2
32090,20251103,1
31086,20251213,2
14784,20251111,2
18684,20251109,1
31083,20250927,2
31981,20250903,1
30900,20251229,2
30933,20251116,2
30904,20251004,2
30965,20250928,2
31023,20251226,2
31904,20251017,1
31521,20260105,2
30912,20250831,2
30883,20251124,2
31054,20250823,2
35089,20250816,2
18570,20250728,1
30907,20251001,2
31855,20251104,1
30907,20251024,2
32166,20251018,1
30916,20251223,2
31335,20251009,2
32218,20251214,1
30898,20251024,2
28134,20251202,2
31005,20260108,2
30931,20251123,2
30965,20251202,2
31101,20250927,2
30910,20251028,2
18575,20251028,1
31008,20250911,2
31002,20251007,2
31041,20250909,2
30857,20250814,2
30942,20250901,2
31018,20260105,2
30981,20251218,2
18604,20251101,1
36342,20250812,2
32284,20250805,1
31082,20250813,2
31615,20251213,2
31811,20250815,1
30927,20251018,2
31926,20251107,1
18576,20250820,1
31871,20250803,1
30929,20250829,2
31335,20250922,2
32218,20250822,1
32064,20251219,1
30965,20251027,2
31079,20250917,2
31082,20250928,2
30965,20251021,2
30903,20251127,2
34975,20250819,2
31346,20251010,2
21855,20250912,1
31832,20250912,1
31017,20250725,2
18569,20251002,1
32061,20251001,1
31981,20250819,1
32482,20250720,1
31414,20251211,2
32317,20251111,1
31805,20250823,1
35075,20251026,2
31805,20251016,1
31096,20251226,2
30936,20251210,2
32271,20251219,1
12916,20260403,2
31089,20251222,2
4415,20251224,2
32317,20250929,1
31869,20250913,1
31138,20260108,2
31000,20251127,2
32284,20251216,1
31842,20250915,1
30921,20251219,2
31615,20251008,2
31008,20260104,2
30889,20250816,2
31099,20251209,2
35152,20250804,2
18687,20251029,1
31335,20251008,2
31023,20260109,2
30993,20251107,2
31807,20250922,1
31061,20251228,2
18687,20251026,1
30898,20250804,2
31414,20251103,2
32264,20250822,1
31101,20251018,2
20978,20250825,2
31005,20250816,2
35089,20251028,2
30963,20251206,2
31006,20251217,2
31686,20250830,1
30963,20251106,2
31807,20251216,1
31877,20250804,1
31840,20251110,1
34796,20250825,2
30925,20251211,2
31015,20251104,2
30898,20251118,2
30885,20251127,2
31101,20251224,2
32317,20250927,1
30998,20251130,2
18636,20250822,1
30915,20251015,2
31626,20251105,2
31267,20251030,2
30894,20251119,2
31887,20250723,1
32027,20251006,1
32105,20251128,1
21855,20250918,1
32064,20251217,1
32259,20251201,1
35089,20250906,2
31968,20251016,1
31054,20250912,2
30965,20251008,2
35075,20250827,2
268,20251014,2
18684,20250914,1
18659,20251130,1
30981,20251019,2
31979,20251009,1
31016,20260109,2
32216,20250819,1
30993,20250927,2
30923,20251026,2
31666,20251226,2
30901,20251206,2
30980,20251201,2
35003,20251030,2
31024,20251203,2
32287,20250912,1
31101,20250811,2
31061,20251124,2
30902,20250901,2
32228,20250804,1
30925,20251122,2
31089,20251029,2
31052,20260106,2
31608,20260108,2
30940,20250811,2
31383,20251120,2
30903,20251126,2
14784,20250930,2
31086,20251216,2
31335,20250902,2
36205,20250826,1
30949,20250813,2
31335,20251228,2
30865,20250821,2
32209,20251003,1
30864,20250818,2
18688,20250726,1
31774,20250823,1
15776,20250825,1
30910,20250930,2
31096,20250824,2
31414,20251112,2
30984,20251027,2
30902,20251227,2
31979,20251221,1
31078,20251205,2
18659,20250731,1
32293,20251212,1
31608,20251121,2
30925,20251020,2
32064,20250723,1
1171,20251231,2
18572,20251123,1
30916,20251022,2
21915,20251016,2
30891,20251113,2
18592,20250819,1
12714,20250906,2
30885,20251019,2
31335,20250725,2
18576,20251030,1
31270,20251107,2
32317,20250915,1
31346,20251128,2
31904,20250919,1
30976,20251127,2
18670,20250807,1
30963,20251009,2
30971,20251114,2
30936,20251109,2
31006,20250919,2
30992,20251225,2
30982,20260106,2
31774,20250819,1
30963,20250721,2
31630,20251106,2
35571,20251031,2
31090,20250913,2
31008,20251108,2
32336,20251124,1
30980,20251119,2
30937,20250809,2
36345,20250910,2
31099,20251229,2
30937,20251212,2
30986,20251004,2
31138,20251231,2
30929,20250825,2
31981,20251004,1
12639,20250912,1
31001,20250924,2
32334,20250918,1
31615,20250828,2
32140,20251103,1
30897,20250924,2
30901,20251213,2
31079,20251230,2
31860,20251111,1
30952,20251203,2
31007,20260108,2
30918,20251123,2
31002,20250816,2
31061,20250816,2
30915,20251230,2
31847,20250830,1
31083,20251031,2
31001,20251108,2
31346,20251024,2
31820,20250823,1
31271,20251212,2
31772,20251110,1
31008,20251124,2
31855,20250925,1
32090,20250802,1
32218,20250914,1
31002,20251211,2
30952,20250907,2
30993,20251026,2
32065,20251007,1
31808,20251214,1
20,20251231,2
31383,20251204,2
1217,20251225,2
31056,20251216,2
30915,20250803,2
30998,20260105,2
31101,20250801,2
32228,20250825,1
30887,20251013,2
31079,20250913,2
30993,20250912,2
31526,20251118,2
35003,20250821,2
30976,20251203,2
31968,20250830,1
30916,20251114,2
30969,20260103,2
30885,20260105,2
31105,20250818,2
30912,20251028,2
32334,20250716,1
31059,20251021,2
32317,20251126,1
30886,20251014,2
18576,20251130,1
31005,20250817,2
32061,20250907,1
31037,20250816,2
32225,20251016,1
32090,20250906,1
30963,20251126,2
31089,20250820,2
31608,20251110,2
30984,20251108,2
18576,20251117,1
31926,20251220,1
31081,20251129,2
30922,20250919,2
30887,20260103,2
32389,20250811,1
32210,20250723,1
21915,20251212,2
31813,20250901,1
31806,20251109,1
31630,20251223,2
18604,20251013,1
30908,20251120,2
32317,20251001,1
30889,20250717,2
31005,20250922,2
31877,20251130,1
18684,20251018,1
30901,20250718,2
31006,20251218,2
21092,20250825,2
31090,20260102,2
18592,20250717,1
35075,20251202,2
30932,20251224,2
31628,20260102,2
31526,20251105,2
30949,20250820,2
31001,20251231,2
32164,20250909,1
30963,20251129,2
30982,20251116,2
31785,20250831,1
30894,20251227,2
31061,20251213,2
31750,20250926,1
31089,20251012,2
30927,20251120,2
31041,20251007,2
3674,20251224,2
31101,20260102,2
32275,20250918,1
18575,20251016,1
31887,20251006,1
30897,20250912,2
31808,20251108,1
32217,20250922,1
30900,20260108,2
30932,20251114,2
30903,20250924,2
30907,20251203,2
32212,20251124,1
18657,20251008,1
31008,20250817,2
32188,20251020,1
31630,20251110,2
30901,20251229,2
30964,20251003,2
30900,20251115,2
268,20251118,2
21855,20251127,1
30986,20251217,2
30885,20250810,2
18687,20250830,1
30891,20251110,2
18684,20250810,1
31952,20251102,1
30942,20250805,2
32139,20250801,1
72,20251225,2
35511,20250916,2
30980,20251223,2
31842,20251213,1
32164,20251030,1
35089,20250915,2
32323,20251110,1
14802,20250903,1
12714,20250824,2
1170,20250919,1
31683,20251126,1
30969,20260108,2
31081,20260102,2
30929,20251105,2
30971,20251116,2
30897,20250923,2
30926,20251009,2
31105,20250822,2
32027,20251022,1
31018,20260102,2
31096,20251014,2
31027,20250827,2
31772,20250805,1
35571,20251001,2
30982,20251128,2
87,20260101,2
30925,20251023,2
31101,20250808,2
31772,20251006,1
30985,20251217,2
31039,20250812,2
36342,20250818,2
3668,20260101,2
30988,20260109,2
30920,20251117,2
31842,20251010,1
31346,20250926,2
30948,20250812,2
30890,20251230,2
32256,20250819,1
31335,20251004,2
35089,20250929,2
18575,20250926,1
31101,20251011,2
30922,20251016,2
32139,20250913,1
30969,20251129,2
30918,20260104,2
30896,20250808,2
30978,20260102,2
31105,20251219,2
30904,20251017,2
21855,20260403,2
30900,20250915,2
31630,20251230,2
31429,20251230,2
30916,20250929,2
31383,20251226,2
32090,20250724,1
30963,20251205,2
31041,20250919,2
31253,20260105,2
31041,20251015,2
31335,20250915,2
31050,20251214,2
31751,20250826,1
30864,20250821,2
31692,20251218,1
30932,20250824,2
31018,20251003,2
31346,20251124,2
30901,20251117,2
31754,20251206,1
27961,20251204,1
30883,20260102,2
31008,20251113,2
32485,20251220,1
30887,20251124,2
31628,20251208,2
18688,20251206,1
32287,20251020,1
30965,20251226,2
31414,20251130,2
12637,20250908,2
30915,20251118,2
31005,20251209,2
31002,20251026,2
30979,20251203,2
31414,20250906,2
34842,20250811,2
30985,20251211,2
31933,20250805,1
30888,20251223,2
31750,20250728,1
31039,20250724,2
31615,20251007,2
31101,20251205,2
30997,20251228,2
18657,20251217,1
32188,20250803,1
31774,20250802,1
32334,20251122,1
31050,20251203,2
18603,20250906,1
30912,20251216,2
30916,20251219,2
31683,20250911,1
30888,20251111,2
30894,20250910,2
31054,20251125,2
32323,20251208,1
32166,20250831,1
30905,20250913,2
30899,20260104,2
31266,20260105,2
30998,20251108,2
31008,20251123,2
31932,20250804,1
34891,20250804,2
30905,20251118,2
31090,20251027,2
30902,20250922,2
31090,20250901,2
31383,20251026,2
30897,20250812,2
30888,20251021,2
32293,20251114,1
30918,20250811,2
30915,20251107,2
31010,20251224,2
31019,20260109,2
30951,20251012,2
30902,20250928,2
30912,20260104,2
12714,20251014,2
31007,20251020,2
30928,20251105,2
3680,20260101,2
30923,20251011,2
30897,20251228,2
31081,20260106,2
30982,20251219,2
30914,20251205,2
30887,20251224,2
31253,20251207,2
31932,20251212,1
31024,20260108,2
32317,20250823,1
31089,20250910,2
31096,20250923,2
31698,20251123,1
30885,20260106,2
30925,20250828,2
30998,20250915,2
30896,20251130,2
30998,20251111,2
31826,20250722,1
30929,20250809,2
31056,20251227,2
30867,20250822,2
31138,20250910,2
18604,20251027,1
35075,20250924,2
30965,20250901,2
32105,20250919,1
31090,20251208,2
31860,20251112,1
32222,20250716,1
31981,20250824,1
32065,20250811,1
31346,20251030,2
31774,20250807,1
30997,20260108,2
32064,20250922,1
30927,20250924,2
32273,20251102,1
31059,20251028,2
31000,20251021,2
268,20250910,2
30993,20250914,2
32323,20251012,1
31083,20251014,2
31751,20251201,1
32090,20251118,1
18575,20251216,1
30928,20251219,2
30922,20251127,2
31621,20251219,2
31621,20251105,2
32188,20251011,1
30929,20251230,2
30912,20251110,2
31335,20251206,2
35089,20251221,2
30963,20251107,2
18659,20250827,1
31629,20250923,2
30925,20251015,2
31252,20251211,2
31690,20251214,1
14802,20251022,1
31615,20250925,2
31806,20251028,1
18569,20251016,1
30863,20250817,2
32315,20250905,1
31092,20260103,2
30890,20251101,2
30996,20260107,2
32090,20250829,1
31008,20250723,2
18572,20250830,1
32027,20250827,1
31981,20251208,1
14802,20250718,1
32140,20251021,1
31054,20251209,2
27961,20251226,2
31626,20251123,2
31952,20251123,1
30951,20251112,2
31054,20251012,2
31981,20250902,1
31904,20250810,1
32216,20251218,1
31846,20250823,1
35089,20250921,2
31041,20251006,2
31860,20251203,1
31105,20251121,2
1171,20250827,1
30951,20250804,2
30897,20250904,2
30894,20251128,2
30896,20251101,2
30896,20251026,2
18575,20250901,1
31751,20251114,1
31105,20250812,2
36204,20250820,2
18573,20251024,1
31089,20251003,2
31750,20250818,1
31877,20250727,1
30971,20251117,2
30992,20251123,2
31099,20251230,2
30904,20250811,2
31081,20251218,2
30891,20251103,2
18592,20250916,1
31876,20250805,1
18688,20251209,1
30986,20251023,2
32228,20251006,1
30889,20250929,2
31105,20250821,2
30942,20250806,2
30897,20251115,2
32317,20251106,1
31871,20251017,1
30964,20251203,2
30901,20251128,2
30964,20251009,2
31871,20251215,1
30926,20251008,2
30988,20260107,2
31981,20250828,1
30952,20250830,2
31774,20251101,1
32140,20250816,1
31621,20251019,2
30903,20250818,2
31751,20251220,1
30936,20250904,2
31002,20260106,2
31979,20250911,1
35571,20251103,2
31054,20251223,2
32703,20250719,1
31269,20251219,2
31385,20251002,2
30910,20250921,2
5256,20251224,2
31018,20251123,2
30993,20250826,2
30905,20251107,2
30992,20260102,2
18670,20251218,1
31274,20250905,2
30888,20250919,2
30896,20251112,2
30897,20250918,2
31015,20251113,2
35089,20251110,2
30984,20251025,2
34975,20250807,2
32188,20250914,1
31078,20260109,2
32315,20250808,1
30905,20250904,2
30929,20251231,2
30860,20250805,2
31904,20251111,1
31267,20250804,2
30900,20251215,2
31089,20260105,2
30951,20250926,2
31629,20251130,2
32105,20251017,1
18688,20251207,1
31267,20250801,2
30952,20251211,2
32164,20251110,1
31846,20250812,1
32271,20251122,1
30916,20251205,2
30986,20251020,2
32259,20251018,1
31038,20250728,2
31683,20251001,1
32065,20250922,1
30995,20251228,2
18592,20250730,1
31806,20250909,1
18603,20251129,1
31626,20251113,2
30918,20250917,2
32222,20251217,1
30923,20250911,2
31099,20251110,2
30932,20251206,2
269,20251015,1
30933,20250922,2
30918,20251128,2
31385,20251212,2
18570,20251221,1
30970,20260106,2
32293,20251018,1
31082,20250927,2
31054,20250901,2
32485,20251215,1
31267,20250902,2
30920,20250923,2
30896,20250903,2
31099,20251017,2
30973,20251201,2
18688,20250908,1
31389,20251101,2
18603,20251007,1
32065,20250916,1
32222,20250930,1
31754,20250816,1
30929,20251228,2
31968,20251208,1
32321,20250803,1
30986,20251007,2
31626,20251121,2
30936,20251011,2
30926,20251020,2
31618,20251229,2
31038,20250808,2
36205,20250729,1
31002,20250803,2
31267,20251105,2
30998,20251011,2
18575,20250928,1
30900,20250917,2
31805,20251214,1
30952,20251004,2
30905,20251101,2
32061,20251011,1
32139,20250914,1
30912,20251011,2
18686,20251021,1
32317,20251119,1
30912,20251002,2
30925,20250918,2
32065,20250911,1
31037,20250827,2
35075,20251010,2
30933,20251113,2
31050,20250915,2
36283,20251219,2
31805,20251203,1
31008,20251213,2
32027,20251001,1
32064,20251021,1
35075,20251014,2
30938,20251106,2
45572,20251225,2
30910,20251116,2
30894,20251217,2
31267,20250924,2
31138,20250716,2
30885,20251223,2
31063,20260101,2
31007,20251208,2
30923,20251126,2
31346,20251115,2
30914,20251110,2
32065,20250925,1
18632,20251026,1
32485,20251016,1
31083,20250910,2
18575,20250827,1
30963,20250908,2
31008,20260108,2
31054,20251019,2
18575,20251221,1
32485,20251006,1
31000,20251108,2
31806,20250921,1
30933,20251027,2
30885,20251207,2
18576,20251116,1
31981,20251128,1
31050,20250830,2
18604,20250913,1
31933,20250729,1
31267,20250923,2
30914,20251217,2
30975,20260101,2
18636,20250929,1
36204,20250827,2
31820,20250811,1
31090,20250922,2
31001,20260107,2
31023,20260106,2
30888,20250912,2
30921,20251205,2
31099,20251204,2
31621,20250818,2
31414,20250822,2
18659,20250805,1
30910,20251007,2
35075,20250914,2
31005,20250924,2
31846,20251025,1
30928,20251205,2
30964,20251024,2
31035,20251223,2
30992,20251015,2
32090,20250921,1
14784,20251010,2
30891,20251011,2
31346,20250813,2
30963,20251008,2
31871,20250725,1
32293,20250818,1
32066,20250825,1
31335,20250823,2
31050,20251227,2
32218,20250803,1
31001,20251004,2
35642,20250818,1
32259,20251011,1
19,20251225,2
31083,20250902,2
18670,20251202,1
31267,20251015,2
30994,20251126,2
31952,20250921,1
31105,20250926,2
1170,20251217,1
31335,20251026,2
30920,20251103,2
31056,20260108,2
30951,20251017,2
30916,20250927,2
32066,20250909,1
31806,20250926,1
30926,20251105,2
31615,20250818,2
32139,20251121,1
30918,20250930,2
30994,20251120,2
30937,20250914,2
31751,20250818,1
30905,20251021,2
30964,20251221,2
21855,20251120,1
30904,20250906,2
32212,20250823,1
30979,20251204,2
30883,20251016,2
31532,20251124,2
31052,20251209,2
31774,20250915,1
32705,20250827,1
31933,20251125,1
31018,20251102,2
30993,20250824,2
31776,20251105,1
18575,20250924,1
21915,20251205,2
31061,20250829,2
30952,20250804,2
30907,20251224,2
30885,20250907,2
31014,20251111,2
31383,20251228,2
31274,20250919,2
30922,20260101,2
34917,20250822,2
18570,20250922,1
31054,20250804,2
32234,20250821,1
30965,20250802,2
35511,20251119,2
18604,20250825,1
30976,20251209,2
30923,20260102,2
31968,20251005,1
31061,20251113,2
31806,20250731,1
32139,20251102,1
32120,20251205,1
31081,20250929,2
32321,20251123,1
31010,20251023,2
40,20251226,2
32284,20251210,1
31772,20250806,1
30929,20251106,2
31952,20250920,1
30992,20250922,2
32139,20251018,1
32264,20250829,1
30932,20251226,2
31691,20250725,1
32316,20251108,1
35511,20250909,2
32065,20250720,1
30929,20251121,2
31868,20250725,1
31096,20251123,2
31615,20251208,2
30980,20251130,2
30965,20251128,2
31968,20251029,1
31271,20260103,2
34976,20250804,2
31274,20251130,2
31090,20251226,2
30888,20251107,2
30982,20251110,2
30911,20260105,2
31817,20251126,1
27961,20251127,1
30965,20260102,2
30884,20251224,2
31099,20250819,2
32209,20250905,1
30894,20251219,2
30927,20251009,2
30936,20251104,2
30857,20250825,2
31933,20250826,1
31096,20250809,2
31683,20250724,1
32325,20250830,1
32218,20250928,1
31414,20251105,2
30886,20251031,2
18575,20251018,1
18630,20251003,1
31807,20251007,1
30997,20251230,2
30925,20251014,2
31105,20251012,2
35075,20251205,2
31105,20250912,2
31623,20251216,2
31981,20250904,1
30912,20251101,2
1170,20251211,1
32139,20250727,1
14802,20251003,1
30910,20250927,2
30952,20251206,2
18632,20251012,1
30993,20250913,2
31846,20251118,1
30923,20251102,2
4376,20251226,2
30897,20250917,2
18688,20250810,1
31267,20251024,2
31000,20260107,2
30896,20251105,2
32139,20250911,1
31089,20250722,2
31623,20251212,2
32061,20250912,1
31274,20250915,2
32216,20251125,1
30984,20251121,2
31389,20251123,2
32282,20250922,1
18575,20250727,1
31772,20251008,1
31005,20251221,2
31266,20251104,2
18603,20251004,1
31968,20250817,1
31335,20250919,2
30888,20250801,2
31871,20251101,1
31063,20251208,2
35511,20250825,2
31006,20250911,2
28640,20260403,2
32140,20251121,1
30965,20251201,2
31105,20251230,2
30931,20251211,2
31083,20251223,2
31621,20250904,2
31686,20250811,1
30894,20250912,2
18688,20251106,1
31841,20251201,1
32120,20251121,1
31904,20251009,1
30971,20251115,2
14784,20251104,2
31630,20251015,2
31050,20251012,2
31981,20251209,1
18602,20251205,1
27959,20251124,1
18576,20250802,1
31271,20251015,2
18659,20251202,1
31887,20250719,1
18592,20250715,1
31054,20251113,2
31807,20251217,1
268,20251225,2
30984,20251018,2
31014,20251215,2
18686,20251205,1
31904,20251105,1
30964,20250916,2
30998,20251002,2
31000,20251130,2
30887,20250813,2
12637,20251008,2
31869,20251018,1
31857,20251011,1
30963,20251002,2
35639,20251130,2
32317,20250924,1
31846,20251129,1
31526,20260105,2
36204,20250819,2
31274,20251116,2
31081,20250903,2
34887,20251130,2
30965,20251017,2
31807,20251006,1
31089,20251229,2
31978,20250807,1
15537,20251225,1
30915,20250911,2
31090,20251204,2
31868,20251003,1
31346,20250826,2
32273,20250912,1
31774,20251030,1
31389,20260104,2
31009,20251123,2
30887,20250807,2
31869,20250726,1
31006,20251215,2
32336,20250729,1
30918,20251002,2
18576,20250831,1
30907,20251207,2
31860,20250819,1
31846,20251104,1
31750,20250823,1
27960,20250825,2
31089,20251115,2
31019,20251201,2
31777,20251116,1
31005,20251020,2
30932,20251126,2
31968,20251112,1
30949,20250818,2
32550,20250821,1
30898,20251004,2
30894,20251201,2
31857,20251005,1
31079,20251014,2
30907,20250916,2
31038,20250828,2
31081,20251003,2
31618,20250914,2
32317,20250830,1
35639,20250805,1
35511,20251118,2
35089,20251120,2
36345,20251003,2
32318,20250908,1
32139,20251211,1
30902,20251123,2
28134,20251027,2
30900,20250806,2
31101,20250807,2
30952,20250922,2
18592,20250812,1
31274,20251110,2
32284,20251111,1
31826,20250819,1
32325,20250728,1
30992,20251110,2
30918,20251031,2
32061,20250718,1
31691,20251031,1
30883,20251220,2
31952,20250927,1
30898,20260102,2
30923,20250814,2
31019,20251228,2
30926,20251031,2
18575,20251205,1
35571,20251216,2
30886,20250829,2
35075,20251221,2
30889,20250821,2
30921,20251114,2
31274,20250907,2
30965,20250925,2
32216,20250916,1
30922,20250821,2
30979,20251117,2
1170,20251104,1
31618,20251108,2
30927,20251219,2
30981,20251028,2
18605,20251024,1
31041,20251217,2
30951,20250816,2
31979,20251106,1
32188,20250811,1
31063,20260110,2
30938,20251122,2
18569,20251118,1
31615,20251219,2
32273,20251220,1
18688,20250914,1
31826,20250716,1
32061,20251120,1
31272,20260104,2
30963,20250719,2
30910,20250913,2
32064,20250724,1
31061,20250812,2
31807,20250925,1
30902,20251126,2
31876,20250804,1
31015,20251229,2
31772,20251030,1
31041,20251127,2
30910,20250922,2
35075,20250915,2
31389,20251128,2
18688,20251024,1
31806,20250828,1
31968,20251108,1
31869,20251115,1
30889,20250820,2
31876,20251208,1
31772,20251205,1
32334,20251027,1
32065,20250819,1
30908,20251122,2
3668,20260403,1
31904,20250907,1
31859,20251031,1
5444,20260406,2
30964,20250721,2
18636,20250828,1
32065,20250830,1
32482,20251012,1
32287,20251102,1
31270,20251112,2
31840,20251013,1
35089,20251024,2
31081,20251004,2
35089,20251111,2
31138,20250921,2
32334,20250722,1
32139,20251001,1
30902,20251101,2
31009,20260108,2
32218,20251124,1
31271,20251003,2
31626,20260107,2
31414,20250824,2
14784,20250917,2
32284,20250716,1
31099,20250924,2
18636,20250815,1
30993,20250811,2
32259,20251214,1
30923,20260105,2
30932,20250925,2
30920,20250914,2
30903,20250921,2
30886,20251225,2
31000,20251218,2
30910,20250907,2
31041,20251016,2
18592,20250723,1
31002,20251123,2
30898,20250806,2
30979,20251030,2
35489,20250804,2
32065,20251027,1
30920,20250920,2
31054,20251116,2
30915,20251130,2
30976,20251108,2
30918,20251230,2
31621,20250826,2
31061,20250810,2
31101,20251028,2
31005,20251011,2
30897,20251219,2
31274,20251124,2
32323,20251122,1
31099,20251206,2
31006,20251220,2
31005,20251212,2
30886,20250824,2
32027,20251110,1
31090,20250830,2
31978,20250724,1
31054,20250906,2
30887,20250828,2
30908,20251114,2
30903,20250905,2
31774,20251102,1
31691,20251010,1
31807,20250917,1
31079,20251122,2
31822,20250809,1
32275,20250819,1
30994,20251113,2
18570,20251003,1
30916,20250818,2
32027,20251201,1
34895,20250825,1
30949,20250901,2
31904,20250729,1
31871,20251124,1
31860,20251113,1
30863,20250809,2
21855,20251119,1
31981,20251101,1
31414,20251126,2
18570,20250719,1
30896,20250916,2
30963,20251116,2
30995,20251220,2
31138,20251027,2
18603,20250817,1
30903,20250826,2
31385,20251219,2
18605,20251205,1
12640,20251013,1
30929,20251116,2
30884,20251226,2
31270,20251106,2
31081,20251121,2
30906,20251217,2
30890,20251205,2
30888,20251112,2
31683,20250924,1
31807,20251119,1
31079,20250808,2
30865,20250818,2
31059,20251002,2
18592,20250718,1
31846,20250726,1
31035,20251211,2
30910,20250821,2
37417,20251201,2
31777,20250809,1
31018,20251214,2
31096,20250922,2
35511,20250720,2
31008,20251004,2
30922,20251023,2
31019,20251205,2
31521,20251223,2
31267,20251203,2
32485,20250920,1
31009,20251203,2
31063,20251105,2
31846,20251116,1
30897,20251031,2
31050,20250906,2
31772,20250724,1
31933,20251209,1
30965,20250814,2
32334,20250715,1
30949,20250805,2
32166,20251025,1
32523,20250814,1
31816,20250802,1
31082,20251228,2
32316,20251025,1
30952,20251103,2
31981,20251206,1
32139,20250917,1
31816,20250803,1
31009,20251201,2
30975,20260105,2
31005,20250820,2
31090,20251001,2
30934,20251117,2
31000,20251103,2
30926,20251114,2
31871,20250720,1
30931,20251108,2
31630,20251023,2
30936,20251223,2
30907,20251019,2
31840,20250811,1
30897,20250921,2
30891,20251015,2
32139,20251126,1
31626,20251217,2
31001,20251027,2
31017,20250803,2
31015,20251115,2
30993,20250816,2
30928,20251129,2
31383,20251128,2
31629,20251212,2
31608,20251124,2
30970,20251201,2
45571,20250825,2
31842,20251012,1
31805,20251129,1
31846,20250727,1
18636,20250811,1
18604,20251130,1
30947,20250825,2
30923,20251023,2
31009,20251127,2
31105,20250827,2
30912,20251016,2
30883,20251206,2
35075,20251216,2
31389,20251102,2
31089,20251123,2
31806,20250930,1
31078,20250827,2
18657,20251007,1
30994,20251214,2
30964,20251215,2
31008,20250829,2
31877,20250825,1
21915,20250925,2
31876,20251207,1
30929,20251125,2
32090,20251003,1
30976,20251118,2
32208,20251003,1
31006,20250921,2
31750,20250721,1
269,20251212,1
32326,20251203,1
31015,20251224,2
36205,20250828,1
31389,20251204,2
30965,20250916,2
30973,20251230,2
18636,20251028,1
30888,20251214,2
31807,20250820,1
31274,20251219,2
31414,20250816,2
31322,20251217,2
32315,20250728,1
31628,20251120,2
35511,20250905,2
31335,20250903,2
31101,20251014,2
30937,20251123,2
18592,20251003,1
30929,20250816,2
30927,20250929,2
31385,20251105,2
12640,20250925,1
31686,20250726,1
31821,20250818,1
31096,20250817,2
32334,20250724,1
31017,20250823,2
31776,20250903,1
18688,20251019,1
30998,20251216,2
35089,20250920,2
30900,20250930,2
31099,20251102,2
31615,20251204,2
31346,20251011,2
28134,20251114,2
31859,20250926,1
34979,20250814,1
18569,20251127,1
32271,20251005,1
30887,20250822,2
30888,20251115,2
30937,20250819,2
32090,20250909,1
31000,20251202,2
30970,20251227,2
31081,20250930,2
30922,20250801,2
31089,20251122,2
31099,20251202,2
31082,20251109,2
30904,20250727,2
31082,20250812,2
32482,20251214,1
31005,20251125,2
28641,20260406,1
21915,20251009,2
36345,20250911,2
18688,20251121,1
32293,20251204,1
30900,20250918,2
31086,20250813,2
31101,20250909,2
32218,20250922,1
31383,20251207,2
31929,20251121,1
30903,20251020,2
32061,20250816,1
31101,20251010,2
31521,20251113,2
30885,20250930,2
30920,20251115,2
18657,20250729,1
31010,20260110,2
30883,20251209,2
34975,20251029,2
31089,20251018,2
12714,20251101,2
30896,20251012,2
31086,20251019,2
31010,20251217,2
30936,20250812,2
32713,20250816,1
32061,20250820,1
30864,20250804,2
30888,20250821,2
30906,20251207,2
18570,20251206,1
30964,20251030,2
30910,20251220,2
7855,20260101,2
18604,20251102,1
30901,20251011,2
30896,20250822,2
32334,20251119,1
31750,20251012,1
31086,20251201,2
30886,20251007,2
31008,20250910,2
30980,20260104,2
32395,20250808,1
31266,20260107,2
30928,20251027,2
31038,20250731,2
30993,20250813,2
30976,20260109,2
31005,20250929,2
30951,20251219,2
31078,20251016,2
31805,20251211,1
31805,20250723,1
30889,20251010,2
32027,20250723,1
32064,20250816,1
31774,20250818,1
32065,20250822,1
30863,20250805,2
30963,20250829,2
30897,20250901,2
31061,20251111,2
1173,20251231,2
30988,20251206,2
31871,20250824,1
31846,20250909,1
30901,20251031,2
30937,20251219,2
30984,20251217,2
30906,20251114,2
31063,20251025,2
32317,20250814,1
30908,20251128,2
30885,20251225,2
31009,20251001,2
30982,20251112,2
31002,20251204,2
32256,20251120,1
18670,20251006,1
31979,20251027,1
21855,20251202,1
31078,20251108,2
286,20260406,1
18636,20250912,1
18686,20250829,1
28134,20251120,2
30896,20260108,2
30899,20251201,2
32061,20250725,1
30888,20250921,2
15536,20251224,1
30964,20250909,2
31054,20251219,2
30922,20251029,2
31979,20251021,1
31887,20250910,1
30903,20251015,2
31335,20251220,2
18603,20250812,1
31005,20251024,2
30891,20250915,2
31615,20260104,2
31101,20251208,2
31621,20250822,2
31001,20260102,2
31842,20250922,1
30984,20251127,2
31860,20250923,1
30900,20251219,2
18575,20250820,1
30965,20250913,2
18603,20251109,1
31532,20251229,2
14126,20250825,1
30906,20251201,2
36204,20251201,2
18684,20250720,1
30951,20251109,2
31615,20260105,2
30886,20250803,2
31270,20251219,2
31615,20251211,2
32027,20251126,1
31000,20251226,2
31000,20251104,2
31754,20250920,1
35075,20250716,2
30951,20250726,2
31968,20250730,1
30992,20251005,2
30964,20250807,2
18575,20251208,1
30952,20251205,2
30888,20250812,2
30987,20251029,2
35089,20251119,2
30980,20251102,2
31383,20251030,2
30921,20251223,2
18605,20251212,1
32334,20251005,1
31009,20250921,2
30973,20251203,2
31857,20250720,1
18687,20251009,1
32326,20250916,1
31807,20251117,1
30922,20251120,2
32336,20250715,1
30904,20251210,2
18605,20250919,1
4376,20251231,1
31871,20251123,1
31869,20251122,1
30910,20251106,2
31040,20250722,2
30971,20251215,2
31929,20250912,1
30904,20251204,2
31006,20250918,2
18569,20250904,1
32027,20250911,1
31335,20251128,2
30912,20251014,2
31274,20250921,2
32287,20250926,1
32293,20250720,1
18604,20251103,1
30936,20250822,2
31009,20251010,2
35089,20251211,2
31078,20251229,2
31869,20250908,1
28134,20251128,2
31751,20251031,1
30936,20251021,2
30951,20251203,2
30916,20251003,2
31090,20251123,2
18576,20250824,1
31138,20250810,2
30866,20250823,2
32293,20251015,1
18575,20251029,1
32216,20250729,1
31079,20250922,2
30891,20251216,2
12637,20250924,2
32139,20251107,1
18657,20251006,1
35089,20250813,2
32275,20250821,1
31041,20251009,2
30946,20250829,2
30900,20251110,2
31687,20251130,1
31101,20251104,2
31001,20250917,2
31751,20251128,1
30971,20251128,2
31101,20251009,2
30932,20250822,2
30916,20250828,2
30929,20250814,2
35511,20251208,2
35511,20251103,2
31621,20251205,2
1217,20260403,2
32120,20251123,1
30933,20250724,2
32326,20250812,1
31618,20251208,2
30902,20251015,2
31671,20251201,2
31389,20251221,2
30895,20260102,2
31750,20251009,1
31061,20250918,2
31630,20260102,2
31698,20251108,1
30923,20260104,2
31079,20251013,2
35075,20251129,2
31750,20251106,1
30943,20250807,2
31037,20250811,2
31061,20250828,2
31335,20251104,2
31078,20251228,2
31050,20251210,2
30887,20251025,2
30916,20250915,2
31008,20250828,2
14783,20250825,2
31007,20251007,2
32212,20250907,1
31855,20250723,1
31017,20250825,2
31061,20250814,2
30890,20251214,2
30887,20260105,2
30984,20251009,2
32164,20250811,1
32064,20251218,1
30964,20250823,2
30899,20251221,2
30889,20251029,2
31385,20251213,2
31274,20251001,2
30929,20251102,2
36283,20250811,2
32287,20250720,1
31041,20251216,2
18657,20250916,1
31608,20251106,2
12714,20251205,2
31050,20250818,2
30928,20251114,2
18659,20251126,1
30963,20251224,2
31806,20250925,1
18688,20251112,1
18570,20251205,1
31007,20250924,2
30916,20251017,2
30927,20250918,2
32066,20251013,1
30952,20251124,2
30885,20251124,2
30900,20250810,2
32315,20250815,1
31817,20251002,1
31017,20250827,2
30894,20251106,2
31096,20251009,2
269,20251128,1
31820,20250914,1
31041,20251110,2
32208,20251121,1
18687,20250906,1
30903,20251121,2
32317,20251012,1
30900,20251106,2
32323,20251003,1
32027,20251217,1
31414,20260108,2
31000,20260108,2
31090,20251110,2
30898,20250808,2
12714,20251112,2
31615,20250917,2
30904,20251102,2
18576,20250805,1
18659,20251006,1
30942,20250813,2
18576,20251024,1
12637,20250902,2
31078,20251121,2
30986,20251025,2
31105,20250810,2
30998,20250927,2
31089,20251023,2
30923,20251115,2
31082,20251208,2
31618,20251102,2
30915,20250926,2
31389,20260109,2
31005,20250727,2
31061,20250730,2
32064,20251101,1
18657,20251127,1
32212,20251116,1
32293,20251006,1
11726,20260101,2
31096,20250927,2
30890,20251210,2
30936,20250719,2
31138,20251120,2
31083,20251108,2
45571,20251201,2
30901,20250929,2
30886,20260103,2
30923,20251005,2
30867,20250824,2
34889,20250827,2
31687,20250907,1
30916,20250819,2
32228,20250919,1
11066,20250926,1
18573,20250901,1
30915,20251105,2
31389,20251107,2
30964,20251109,2
30912,20260102,2
30976,20251208,2
31346,20251202,2
31750,20251217,1
31082,20251212,2
21855,20251024,1
31629,20251225,2
31772,20251117,1
31083,20260106,2
31981,20251124,1
18657,20251209,1
31082,20250926,2
31266,20251217,2
31887,20250717,1
18687,20250816,1
31772,20250912,1
32090,20250815,1
31096,20250914,2
30932,20251225,2
30889,20251011,2
32064,20250719,1
31808,20251207,1
36205,20251130,2
30915,20251214,2
36345,20251127,2
31751,20250909,1
31001,20251114,2
37417,20260102,2
31007,20250917,2
30977,20260110,2
31015,20251112,2
31102,20251202,2
31059,20251101,2
31846,20250906,1
30899,20251227,2
32278,20250730,1
30904,20251107,2
31081,20251221,2
34917,20250819,2
18688,20251014,1
31248,20251231,2
31006,20250723,2
31812,20250911,1
31607,20260107,2
31876,20250909,1
31008,20250930,2
32140,20251119,1
31271,20260104,2
1170,20250917,1
31805,20251218,1
30916,20251118,2
32282,20251215,1
31807,20251029,1
31871,20250801,1
31009,20251110,2
45571,20250804,2
32027,20251013,1
32323,20251117,1
31002,20250810,2
31086,20250823,2
30883,20251227,2
32275,20250925,1
30952,20250902,2
31335,20251007,2
31887,20251114,1
30992,20251009,2
32226,20251109,1
30888,20251225,2
30923,20250920,2
30907,20250805,2
30937,20250803,2
32065,20250907,1
30951,20251126,2
18688,20251115,1
30928,20251120,2
31008,20251202,2
12640,20251006,1
31059,20251214,2
32090,20250831,1
31615,20260101,2
31822,20250719,1
15538,20260101,2
30980,20251207,2
30952,20250914,2
30946,20250825,2
30933,20250729,2
31002,20251111,2
30887,20251005,2
30993,20251211,2
31018,20251115,2
30897,20251025,2
31926,20250728,1
30903,20251209,2
31806,20250906,1
30890,20260103,2
32293,20251011,1
7855,20251224,2
31777,20250817,1
30866,20250829,2
18636,20250718,1
31017,20250728,2
31059,20251204,2
31615,20251018,2
30908,20251210,2
30898,20250826,2
32228,20251012,1
21915,20251204,2
31078,20260103,2
31926,20250810,1
30936,20251226,2
18592,20251218,1
30929,20251016,2
31090,20251211,2
31808,20251130,1
32216,20250805,1
31887,20250921,1
31629,20251227,2
32485,20251114,1
31335,20250806,2
31059,20251209,2
30889,20251127,2
31105,20251126,2
31383,20251115,2
32256,20250806,1
30986,20250929,2
30889,20250826,2
30922,20251003,2
31629,20251229,2
31138,20250911,2
31271,20251224,2
30910,20251113,2
1169,20260406,1
32105,20250911,1
31774,20250911,1
31806,20250904,1
31904,20251023,1
31904,20250731,1
30912,20251225,2
31613,20251207,2
30927,20250803,2
30901,20251108,2
31610,20260109,2
30936,20251019,2
30933,20250928,2
30989,20260102,2
12637,20250715,2
31079,20251002,2
30910,20251203,2
30916,20250913,2
30981,20251011,2
30885,20251117,2
31006,20251204,2
31805,20251119,1
31841,20251017,1
31041,20250923,2
31628,20251227,2
31007,20251120,2
31078,20260107,2
32256,20251112,1
31626,20251117,2
30887,20251216,2
32334,20250924,1
30963,20251105,2
31008,20251206,2
30936,20251209,2
30964,20250719,2
31096,20250823,2
31806,20251204,1
30920,20260102,2
35089,20251129,2
31078,20251223,2
31945,20251219,1
31267,20260101,2
32164,20251201,1
31750,20250909,1
31887,20251021,1
30927,20251220,2
31054,20250908,2
30900,20260105,2
30883,20260106,2
1170,20250925,1
31101,20250906,2
30921,20251216,2
30985,20251121,2
32140,20250828,1
30859,20250817,2
31267,20250809,2
1170,20251209,1
30970,20251202,2
30987,20251211,2
30926,20251225,2
31006,20251109,2
31081,20251011,2
31808,20250920,1
31274,20251012,2
32139,20251116,1
31688,20250901,1
31009,20250902,2
30998,20250808,2
18575,20250813,1
31266,20251215,2
32256,20250731,1
30963,20250802,2
30907,20251123,2
31267,20251113,2
30940,20250820,2
34842,20250814,2
31857,20251109,1
30947,20250831,2
18670,20250904,1
35075,20250930,2
32293,20251031,1
30897,20250827,2
30923,20251207,2
31526,20251229,2
35571,20251127,2
30921,20251119,2
31061,20251210,2
31751,20250917,1
31774,20250814,1
1171,20251031,1
30977,20260105,2
18603,20251220,1
30981,20251023,2
30969,20251220,2
18570,20251026,1
31887,20250807,1
14784,20251117,2
30888,20250718,2
30902,20251228,2
31054,20251202,2
18592,20251211,1
31751,20250729,1
32090,20250907,1
31414,20250719,2
32317,20250828,1
30886,20250915,2
31079,20251222,2
31008,20251125,2
35075,20250824,2
31006,20250923,2
31876,20251209,1
31618,20251124,2
31981,20250909,1
30912,20251104,2
32140,20250823,1
31138,20260105,2
31615,20251214,2
35003,20250723,2
32140,20251130,1
3668,20251224,2
35075,20250831,2
30952,20251118,2
30903,20260109,2
32065,20250821,1
28134,20250902,2
31089,20250930,2
31776,20250827,1
31887,20251104,1
30858,20250828,2
31608,20251120,2
31017,20250813,2
18602,20251024,1
31687,20250720,1
18569,20250812,1
31346,20250811,2
31817,20251203,1
30889,20251126,2
31346,20251203,2
32066,20250906,1
30964,20260106,2
30937,20251126,2
32319,20250805,1
31007,20250902,2
31805,20250830,1
30902,20260101,2
32319,20250911,1
18686,20251027,1
31009,20251015,2
30998,20250811,2
31099,20260105,2
31521,20251112,2
31981,20251024,1
30916,20251212,2
31618,20251122,2
30933,20250901,2
31876,20250719,1
32139,20251024,1
3674,20260403,2
32275,20250930,1
18575,20251007,1
18603,20251011,1
32401,20250818,1
31805,20251008,1
31976,20250718,1
32256,20251210,1
18575,20251213,1
30969,20251217,2
30937,20251110,2
32336,20250910,1
30903,20251125,2
18689,20250912,1
30933,20251106,2
32090,20250902,1
35075,20251002,2
32210,20250807,1
31014,20260110,2
30914,20260105,2
30963,20251119,2
31089,20251207,2
30860,20250828,2
31002,20251012,2
31041,20250810,2
30938,20260104,2
30926,20250919,2
31414,20251102,2
31092,20260105,2
28134,20260406,2
31006,20251228,2
30898,20251226,2
31414,20250928,2
31629,20251011,2
30998,20251109,2
31521,20260108,2
31007,20250908,2
32139,20251128,1
14784,20250911,2
31059,20251125,2
31033,20250807,2
27960,20251021,1
30888,20250915,2
30902,20250923,2
32218,20251201,1
31615,20251113,2
15080,20250825,2
31054,20250829,2
31006,20251023,2
30937,20250724,2
1170,20251009,1
5664,20260406,2
31335,20250929,2
31079,20251127,2
30964,20250815,2
30998,20250814,2
31610,20260105,2
32065,20251001,1
31096,20250810,2
30951,20250724,2
30903,20251124,2
32485,20251113,1
30936,20251028,2
30888,20251030,2
31876,20250816,1
31005,20251018,2
30914,20260101,2
30965,20251223,2
32319,20250827,1
31806,20251128,1
32336,20250731,1
18686,20251028,1
31274,20251009,2
21855,20250919,1
12714,20251111,2
27959,20251006,1
31008,20250731,2
30885,20251017,2
31079,20250926,2
31021,20260109,2
31621,20251030,2
31774,20251008,1
11066,20250912,1
30931,20251028,2
12916,20251225,2
18657,20250924,1
30951,20251222,2
30887,20250814,2
30884,20251212,2
30969,20251205,2
31968,20251011,1
31005,20251021,2
30914,20251109,2
35089,20250811,2
30932,20250816,2
31033,20250827,2
31267,20250916,2
31532,20251215,2
30932,20251025,2
32218,20250727,1
31932,20250725,1
18576,20251123,1
31806,20251208,1
18575,20250917,1
31105,20260106,2
30896,20260107,2
30884,20251029,2
31090,20251218,2
32218,20250830,1
31083,20251009,2
1180,20250716,1
3680,20251225,2
18603,20251026,1
32325,20250920,1
30906,20251222,2
31979,20251119,1
32485,20251111,1
31615,20251123,2
31006,20251225,2
31979,20250810,1
30891,20250926,2
31019,20260101,2
31385,20251009,2
30920,20251225,2
31005,20251223,2
30951,20251101,2
32218,20250921,1
31054,20250821,2
31335,20250927,2
32317,20251018,1
31002,20250919,2
32210,20250910,1
30951,20250829,2
30937,20251104,2
31688,20250811,1
30937,20251201,2
31615,20250910,2
1186,20251224,2
30979,20251215,2
31063,20251222,2
31079,20250829,2
31001,20251128,2
31686,20251110,1
32319,20250806,1
30951,20251106,2
1170,20251218,1
342,20251226,2
31750,20250716,1
31079,20251012,2
31628,20251203,2
18657,20251216,1
30938,20251124,2
35075,20251005,2
32336,20251117,1
32293,20251106,1
30926,20260103,2
32120,20251012,1
30900,20251213,2
18570,20250815,1
31687,20251114,1
30929,20251112,2
30934,20251111,2
30889,20251102,2
31628,20251028,2
30916,20251226,2
30987,20251031,2
31090,20251228,2
31096,20251125,2
31083,20251127,2
30998,20251206,2
32139,20250802,1
30884,20251209,2
30926,20251227,2
30987,20251114,2
31751,20251028,1
30888,20251227,2
30993,20250909,2
32524,20250818,1
28134,20251205,2
31618,20251209,2
30922,20251203,2
31101,20251012,2
31054,20251122,2
31050,20251003,2
30933,20250813,2
32317,20251025,1
31335,20250914,2
31776,20250820,1
31006,20251029,2
31335,20250818,2
31078,20251004,2
31414,20251106,2
28134,20251107,2
31945,20251128,1
30910,20250816,2
31389,20251125,2
30923,20250811,2
32323,20251011,1
1218,20251226,2
31785,20250914,1
30894,20250920,2
30948,20250807,2
31001,20251211,2
31138,20251104,2
31687,20250725,1
18684,20251019,1
30992,20250805,2
31083,20251010,2
30948,20250806,2
30942,20250818,2
18573,20251013,1
30900,20251212,2
35089,20251023,2
31082,20250921,2
31414,20251213,2
31079,20260103,2
31033,20250828,2
30883,20251128,2
18632,20251018,1
30980,20251101,2
31929,20250829,1
32140,20251030,1
31904,20250811,1
30900,20250901,2
31981,20251213,1
31086,20250918,2
32317,20251118,1
30995,20260108,2
31006,20251005,2
30904,20250804,2
31807,20251120,1
30998,20251112,2
268,20251223,2
31006,20251126,2
12640,20251125,1
31041,20251226,2
30862,20250803,2
32318,20250830,1
30905,20251028,2
31090,20250920,2
18602,20250813,1
30936,20250915,2
31243,20260102,2
32482,20250824,1
32225,20251120,1
31806,20251218,1
30981,20251110,2
30993,20250803,2
32271,20251214,1
30885,20251023,2
31335,20250822,2
31621,20251222,2
31945,20250926,1
31333,20260107,2
31806,20251012,1
30888,20250829,2
32273,20251012,1
31414,20251207,2
30888,20251105,2
30891,20250928,2
30927,20251216,2
31079,20260102,2
31813,20250816,1
32065,20250825,1
30949,20250817,2
30905,20251022,2
30951,20251204,2
31052,20260105,2
34842,20250825,2
30965,20251011,2
31008,20250825,2
342,20260403,2
30921,20251207,2
31027,20250808,2
32216,20251113,1
31626,20260103,2
31081,20260108,2
30891,20250904,2
31615,20250803,2
30912,20250923,2
31335,20260108,2
31754,20250727,1
31732,20250721,1
31001,20251220,2
31050,20251024,2
18575,20251116,1
30908,20251116,2
31754,20250823,1
32273,20251110,1
32065,20250715,1
30905,20251017,2
30860,20250825,2
32027,20250930,1
30984,20251013,2
30926,20250908,2
31083,20251230,2
31385,20251003,2
32064,20251116,1
32317,20251019,1
31050,20251205,2
31976,20250728,1
30927,20260102,2
31607,20260103,2
30894,20251003,2
32256,20251029,1
32105,20251121,1
30889,20251030,2
30896,20250802,2
32326,20251013,1
30926,20250917,2
30901,20251019,2
30899,20251213,2
30932,20251110,2
31266,20251112,2
32065,20251115,1
31526,20251226,2
31005,20251030,2
31904,20251118,1
30923,20251225,2
18592,20250904,1
18576,20251102,1
31090,20251031,2
31006,20250722,2
30915,20260103,2
18576,20251127,1
18659,20251104,1
21855,20250723,1
30865,20250810,2
32315,20250830,1
31385,20251116,2
31779,20251017,1
31346,20251120,2
32326,20250724,1
31414,20251116,2
31805,20250829,1
30993,20251202,2
32218,20250913,1
34843,20251212,2
31860,20250729,1
31623,20251116,2
31105,20251021,2
21915,20250722,2
31621,20251124,2
36345,20250919,2
32287,20250721,1
30898,20251225,2
30860,20250829,2
31096,20251020,2
30976,20251230,2
31776,20250716,1
31626,20251101,2
34843,20250905,2
31855,20251014,1
31090,20250907,2
31628,20260105,2
31010,20251015,2
32293,20250907,1
30982,20251212,2
31526,20251208,2
32188,20251201,1
31040,20250829,2
31847,20250802,1
32315,20250823,1
18686,20250716,1
31618,20250911,2
18603,20250901,1
31929,20250815,1
31033,20250811,2
31979,20250929,1
30921,20251209,2
12637,20251009,2
30965,20250815,2
30926,20251028,2
32287,20250929,1
37417,20250804,2
30914,20251212,2
31054,20251007,2
30902,20251113,2
31037,20250830,2
31083,20251002,2
32188,20250727,1
32120,20250815,1
30886,20250930,2
30888,20250806,2
30905,20251214,2
30998,20251115,2
31079,20251108,2
30891,20251025,2
30923,20250909,2
31981,20251118,1
30931,20251107,2
32293,20251125,1
30922,20250819,2
30936,20251003,2
31024,20260107,2
30993,20250920,2
31050,20250730,2
31086,20251219,2
32061,20250903,1
31613,20251220,2
31842,20250721,1
31805,20251216,1
31615,20250804,2
32317,20250819,1
30904,20260104,2
31002,20250917,2
31105,20251206,2
30915,20250925,2
31274,20251218,2
31096,20251127,2
31015,20251106,2
31138,20251113,2
31009,20251128,2
31904,20250913,1
34891,20250821,2
32065,20251221,1
31414,20251229,2
30993,20251031,2
30920,20251217,2
31035,20251221,2
30934,20251204,2
28134,20251127,2
31686,20251027,1
31521,20251101,2
31082,20260103,2
31904,20251113,1
30901,20251212,2
30902,20251203,2
30915,20251102,2
30998,20251231,2
30929,20250723,2
12714,20251203,2
35089,20250815,2
32401,20250816,1
32212,20250831,1
31267,20251213,2
31750,20250804,1
31090,20250805,2
30902,20251025,2
30922,20251128,2
31010,20251112,2
1172,20251231,2
30915,20251129,2
31078,20251008,2
30905,20250925,2
31871,20251128,1
30938,20251230,2
30858,20250802,2
30884,20251030,2
31932,20251205,1
30925,20251115,2
30933,20251121,2
32322,20250829,1
31059,20251118,2
18592,20250915,1
14785,20250808,2
31808,20251019,1
30916,20251111,2
30923,20251228,2
30952,20251116,2
30998,20251110,2
18604,20250809,1
30971,20251029,2
30885,20251123,2
32164,20251104,1
31016,20251212,2
30993,20250911,2
30929,20250929,2
30936,20260102,2
30932,20251030,2
30952,20251025,2
34856,20251130,2
31090,20251023,2
31269,20251202,2
31978,20250803,1
30911,20251230,2
30893,20260107,2
32140,20251106,1
30963,20250920,2
30904,20260103,2
30891,20250723,2
30948,20250810,2
30926,20251015,2
31082,20251211,2
32323,20251130,1
31887,20251018,1
32139,20250924,1
30933,20250726,2
35571,20251107,2
18575,20250816,1
31061,20250928,2
35489,20250825,2
30998,20250929,2
30896,20251018,2
18602,20251106,1
31083,20250926,2
30912,20250808,2
31842,20251103,1
30926,20250928,2
18670,20251120,1
30932,20251005,2
30923,20250916,2
31926,20250802,1
31081,20260107,2
30988,20251220,2
32066,20251120,1
30888,20251118,2
30902,20250927,2
30965,20250929,2
31001,20251017,2
35075,20251127,2
30863,20250804,2
31807,20250926,1
32090,20251206,1
30969,20251227,2
32900,20251019,1
31857,20251214,1
30997,20251227,2
30918,20251028,2
30996,20260109,2
31090,20251115,2
30916,20251013,2
30926,20251102,2
31059,20251120,2
30910,20251214,2
31968,20251009,1
30923,20250904,2
31383,20251122,2
31687,20250915,1
32066,20250925,1
31101,20250930,2
31774,20251112,1
31532,20251111,2
18570,20251116,1
30903,20251120,2
30916,20251124,2
31079,20251111,2
31904,20251207,1
30998,20251104,2
31904,20250807,1
14784,20251112,2
31687,20250808,1
31621,20251111,2
31389,20251231,2
31006,20250720,2
30897,20251204,2
32066,20251118,1
30889,20251014,2
31754,20251109,1
31806,20250821,1
30890,20251224,2
31099,20251101,2
30910,20251001,2
30897,20260109,2
32120,20251011,1
30896,20250801,2
18659,20250825,1
31877,20251101,1
30933,20251227,2
30918,20250806,2
30963,20251024,2
18575,20250817,1
31272,20260101,2
18659,20251027,1
12640,20250911,1
32140,20251007,1
31007,20251203,2
31061,20250728,2
32326,20250917,1
31266,20251128,2
32277,20251215,1
30969,20251208,2
30970,20251215,2
31078,20251017,2
18630,20250725,1
30883,20260110,2
31526,20251123,2
35511,20250910,2
35089,20250911,2
30982,20251125,2
30951,20251212,2
31696,20251208,1
31099,20250909,2
18636,20250721,1
30949,20250718,2
30951,20251130,2
30915,20251128,2
30903,20251026,2
32209,20251121,1
31050,20251228,2
31082,20251112,2
30889,20250919,2
31630,20251207,2
18657,20250930,1
31817,20251105,1
30894,20251019,2
31385,20251030,2
31842,20251201,1
30937,20251102,2
30885,20251218,2
31385,20251220,2
30922,20250925,2
31006,20251224,2
31096,20250801,2
31083,20251020,2
30898,20251113,2
18576,20251107,1
31000,20251019,2
31001,20251022,2
31061,20251212,2
32090,20251217,1
30897,20251202,2
30858,20250818,2
30952,20251024,2
30891,20250825,2
30929,20251005,2
30910,20250809,2
31615,20251020,2
32325,20250924,1
30890,20251212,2
32293,20251004,1
30925,20250921,2
31081,20251026,2
18659,20250908,1
31086,20251103,2
31061,20251216,2
35075,20251011,2
31623,20251115,2
18602,20250815,1
32140,20251109,1
31033,20250901,2
32334,20251115,1
32090,20251002,1
30884,20251108,2
30992,20251106,2
31050,20250824,2
30922,20251117,2
31981,20251212,1
31006,20250827,2
18603,20250719,1
31869,20250824,1
31887,20250912,1
72,20250825,2
18575,20251127,1
30918,20250826,2
31099,20251025,2
30918,20251112,2
31081,20251010,2
31052,20251229,2
18684,20250823,1
31059,20251011,2
31089,20251220,2
30867,20250828,2
32066,20250903,1
34890,20251130,2
31002,20251006,2
31267,20251013,2
18573,20250915,1
31335,20250810,2
31808,20251025,1
30886,20250925,2
32256,20251208,1
30951,20251129,2
30993,20251209,2
31751,20251115,1
30897,20250822,2
21855,20250909,1
32259,20251007,1
30858,20250806,2
30860,20250809,2
32275,20250812,1
31083,20250905,2
31099,20251103,2
31050,20250802,2
18576,20250918,1
30915,20251023,2
31105,20251024,2
31078,20251221,2
31807,20250924,1
31871,20250928,1
31001,20251122,2
31090,20251222,2
18604,20250824,1
31968,20250924,1
30936,20250914,2
31979,20251114,1
31385,20251017,2
31086,20251208,2
30920,20251201,2
30920,20251123,2
32271,20250926,1
34887,20251201,2
18688,20251202,1
30903,20251019,2
31926,20251003,1
32326,20251006,1
32273,20251201,1
31018,20250920,2
32210,20250904,1
32218,20251027,1
18575,20251203,1
31779,20250725,1
31001,20260103,2
31777,20250907,1
30937,20251103,2
34975,20250828,2
18686,20251113,1
31751,20251015,1
18686,20250912,1
32139,20250827,1
31059,20251126,2
31090,20250926,2
31096,20251230,2
36342,20251028,2
4383,20260406,1
31090,20251010,2
32064,20250817,1
31346,20251004,2
31976,20250715,1
31626,20251212,2
31866,20250723,1
35089,20250828,2
32139,20251012,1
35003,20250724,2
31630,20251024,2
18632,20251214,1
31687,20250913,1
31824,20250721,1
30912,20251209,2
32336,20251028,1
21855,20250916,1
30965,20251220,2
30888,20260108,2
30963,20250901,2
31751,20251021,1
1180,20250718,1
31526,20251215,2
32228,20251215,1
30981,20251104,2
31009,20251023,2
31000,20251012,2
30998,20251212,2
31629,20251005,2
30910,20250926,2
32216,20251014,1
30951,20251122,2
32218,20250823,1
32216,20251015,1
31979,20251017,1
31846,20251214,1
31006,20251206,2
30889,20250822,2
30927,20251109,2
31061,20250823,2
30984,20251226,2
31618,20251225,2
35571,20251113,2
31001,20251116,2
32316,20251206,1
32163,20250719,1
31015,20251219,2
32065,20251208,1
31626,20251115,2
30929,20250822,2
32210,20250806,1
30886,20251101,2
30915,20250922,2
30947,20250811,2
30951,20250727,2
31060,20260110,2
32326,20251124,1
32325,20250808,1
32139,20250729,1
32166,20250913,1
30934,20251108,2
31041,20260108,2
32208,20250908,1
31871,20250817,1
31981,20251210,1
30938,20251205,2
30900,20250813,2
30898,20251029,2
30900,20251129,2
34843,20250917,2
32334,20250920,1
31089,20251001,2
30915,20250816,2
31005,20250801,2
30970,20260110,2
30965,20251018,2
30904,20250725,2
18573,20250721,1
32284,20250828,1
28134,20251106,2
32222,20250826,1
31035,20260105,2
31010,20251014,2
30884,20251205,2
31832,20250810,1
30987,20251214,2
34843,20251106,2
31252,20251230,2
30904,20251229,2
30965,20250803,2
31101,20251126,2
32336,20250828,1
30884,20251221,2
31817,20250924,1
31018,20250927,2
30898,20250802,2
30992,20251004,2
32066,20251015,1
31138,20250906,2
32275,20251002,1
31424,20251231,2
30886,20251003,2
1170,20251016,1
30857,20250816,2
31385,20250930,2
30937,20250812,2
32120,20250801,1
30926,20251103,2
31274,20251206,2
32326,20250922,1
31138,20250903,2
18659,20251117,1
31887,20251031,1
31751,20250722,1
30901,20250803,2
30969,20251225,2
31979,20251010,1
30989,20251218,2
32064,20251120,1
31414,20260101,2
18570,20250726,1
12714,20250719,2
21915,20251119,2
30903,20251018,2
30998,20250812,2
30993,20251222,2
31346,20250824,2
32277,20251122,1
31629,20251210,2
31615,20250826,2
32315,20250901,1
21915,20251020,2
31101,20260104,2
32816,20250725,1
32164,20250729,1
1186,20250805,1
31857,20250823,1
18687,20251124,1
31623,20251127,2
372,20260101,1
30931,20251217,2
18657,20250821,1
32457,20250929,1
34979,20250818,1
32277,20251011,1
18632,20251005,1
31002,20250806,2
31101,20251015,2
31389,20251214,2
30883,20251225,2
32166,20250816,1
31105,20251209,2
32065,20250924,1
30997,20251224,2
31807,20251008,1
32064,20251109,1
31006,20250831,2
31776,20251208,1
30922,20250904,2
30898,20250813,2
31014,20251116,2
31082,20250814,2
30986,20251209,2
30970,20251210,2
31877,20250816,1
31772,20250910,1
32140,20250922,1
32090,20251012,1
30887,20250923,2
31346,20251127,2
31018,20251119,2
32139,20250818,1
31003,20260110,2
32064,20250912,1
32259,20250908,1
30863,20250825,2
30898,20251204,2
40,20260406,1
30901,20251018,2
31904,20250930,1
32064,20251008,1
30929,20250921,2
30900,20250912,2
32139,20251013,1
31082,20250815,2
30952,20250916,2
30918,20251025,2
269,20251002,1
30883,20251103,2
18592,20251119,1
30907,20251229,2
30889,20260101,2
30926,20251012,2
18634,20250825,1
18575,20250912,1
18686,20250915,1
31248,20260109,2
30904,20251214,2
36737,20250804,2
30921,20251225,2
31978,20250715,1
12640,20251215,1
18659,20251030,1
31001,20250929,2
30976,20251120,2
31820,20250803,1
30925,20250817,2
30929,20251014,2
31271,20260101,2
30949,20250812,2
31860,20251015,1
31105,20251011,2
12640,20251203,1
30898,20251028,2
31267,20251219,2
31346,20251114,2
30887,20250826,2
27961,20251218,1
30963,20260102,2
31877,20251018,1
30908,20251207,2
31059,20251228,2
31090,20250829,2
31904,20250806,1
30915,20250731,2
30933,20251205,2
31078,20250805,2
31099,20251210,2
30925,20251107,2
31847,20251213,1
21092,20251231,2
30885,20251016,2
31844,20250717,1
31002,20250813,2
31243,20260110,2
30893,20260101,2
32317,20251213,1
31272,20260106,2
15536,20260406,2
18602,20250806,1
32216,20251204,1
31039,20250822,2
31383,20251118,2
30928,20251217,2
31776,20251119,1
30937,20251115,2
32120,20250823,1
31105,20250815,2
30936,20250821,2
12714,20251224,2
31056,20251203,2
31776,20250916,1
32334,20250807,1
30980,20251125,2
30889,20250913,2
31009,20251115,2
32065,20250807,1
31926,20250811,1
30891,20250817,2
30901,20250813,2
30897,20251105,2
288,20251231,2
30994,20251230,2
31629,20251019,2
31009,20250906,2
18670,20250811,1
30933,20251213,2
34979,20250728,1
12714,20251021,2
32273,20251010,1
18569,20250903,1
31608,20251101,2
30903,20250828,2
30929,20251203,2
18659,20250916,1
31082,20250718,2
30980,20251127,2
31099,20250904,2
31846,20250728,1
21855,20251002,1
79,20251226,2
30986,20251118,2
31968,20251004,1
31017,20250812,2
31090,20250802,2
31105,20250801,2
30918,20250916,2
32325,20251209,1
32275,20251125,1
32139,20251118,1
31010,20251215,2
30884,20251228,2
31037,20250826,2
31054,20250808,2
31618,20251119,2
31105,20250905,2
32334,20251105,1
30928,20251216,2
18657,20251013,1
31857,20251207,1
3674,20260101,2
30923,20250927,2
31904,20251211,1
30907,20251118,2
31385,20251211,2
32219,20250910,1
18686,20251103,1
30888,20250926,2
30888,20250923,2
30885,20251014,2
30981,20251010,2
32065,20251124,1
27960,20251223,1
30937,20251218,2
30976,20251219,2
30900,20251122,2
30887,20250903,2
31050,20251029,2
30936,20251005,2
30899,20251210,2
31002,20250910,2
31009,20251102,2
21855,20251007,1
30998,20250920,2
31887,20250918,1
14784,20250909,2
31618,20251217,2
30905,20251106,2
18569,20250724,1
32105,20251002,1
30918,20250819,2
32090,20251101,1
14802,20251105,1
30888,20251226,2
31008,20250720,2
31082,20251128,2
31776,20251202,1
31061,20251226,2
31904,20250821,1
18670,20251211,1
31832,20250908,1
14802,20251219,1
30952,20251014,2
32064,20250830,1
30902,20251106,2
31628,20260108,2
31000,20251024,2
18575,20250804,1
30889,20251101,2
31248,20260101,2
18603,20250816,1
32090,20251009,1
31904,20250805,1
31008,20250923,2
31041,20251201,2
31860,20251014,1
18570,20251213,1
30985,20251119,2
31877,20251102,1
30886,20251113,2
32293,20250805,1
31078,20251114,2
31267,20250914,2
31979,20251128,1
30971,20251221,2
30993,20260109,2
31002,20251017,2
32090,20251019,1
31621,20251225,2
31002,20251205,2
31056,20251228,2
31017,20250818,2
30992,20251222,2
31061,20250927,2
30907,20250921,2
31079,20251118,2
30903,20251103,2
31253,20251215,2
31847,20251109,1
32256,20251216,1
30891,20251201,2
30932,20251026,2
30910,20251224,2
30993,20250919,2
36342,20251027,2
31059,20251123,2
32316,20251115,1
31628,20260107,2
30888,20250810,2
30925,20250831,2
31059,20251219,2
31615,20251111,2
31346,20251003,2
31271,20251129,2
30918,20250910,2
31842,20250809,1
30920,20250909,2
31050,20250902,2
32027,20250716,1
30952,20250919,2
30993,20251002,2
31138,20251009,2
36284,20250825,2
30921,20251030,2
34979,20250724,1
18576,20250810,1
30896,20251024,2
32336,20251112,1
31101,20250822,2
30907,20250930,2
32164,20251027,1
31061,20251002,2
30907,20250801,2
31041,20250917,2
31615,20251217,2
30927,20251218,2
31266,20251111,2
31751,20250923,1
35896,20250825,2
12714,20251208,2
31002,20250823,2
31817,20251028,1
30887,20251225,2
31009,20250908,2
31629,20251208,2
30938,20251222,2
31014,20251109,2
30883,20251213,2
30925,20251221,2
18688,20251108,1
30973,20251212,2
31090,20250809,2
31526,20251029,2
30896,20251124,2
30992,20251217,2
31806,20250910,1
30932,20250910,2
30925,20250813,2
30983,20251211,2
30926,20251117,2
30922,20251015,2
31346,20251208,2
30890,20251207,2
31018,20250930,2
31385,20251128,2
30890,20260110,2
31009,20251119,2
30992,20250822,2
18657,20251125,1
30998,20251021,2
31772,20250905,1
31335,20251028,2
31335,20250728,2
31099,20251021,2
30908,20251227,2
31847,20251123,1
18575,20250815,1
31414,20260105,2
14784,20251114,2
30902,20251103,2
32090,20250918,1
31857,20251020,1
31887,20251122,1
21915,20260101,2
32319,20250902,1
31979,20250901,1
30886,20250831,2
140,20260406,2
40,20251231,2
31009,20250922,2
30908,20251125,2
32090,20251218,1
18576,20250725,1
30905,20251229,2
31267,20250904,2
30903,20251115,2
5256,20251225,2
31615,20250807,2
31844,20251024,1
31050,20251116,2
1170,20251124,1
31009,20251005,2
31050,20251212,2
30987,20251130,2
31630,20251215,2
30926,20251016,2
30980,20251104,2
31628,20251110,2
30929,20251226,2
31628,20251225,2
32064,20251123,1
31101,20251007,2
30976,20251225,2
31041,20250920,2
31683,20250715,1
30890,20251222,2
31932,20250919,1
31006,20251127,2
30889,20251105,2
32287,20250920,1
30932,20251015,2
30928,20251122,2
31266,20251203,2
269,20251022,1
30963,20251125,2
32222,20251002,1
31078,20250909,2
31871,20250719,1
36342,20250822,2
31039,20250727,2
30971,20251102,2
31105,20251213,2
30963,20251029,2
30931,20260105,2
30916,20250928,2
30922,20251010,2
30992,20251209,2
31000,20251107,2
189,20251224,1
31346,20250903,2
31078,20260110,2
31078,20260102,2
31385,20251221,2
35089,20251204,2
30993,20250825,2
18687,20251209,1
34917,20250811,2
18592,20250806,1
15541,20260101,1
31063,20251130,2
31813,20250908,1
12714,20251022,2
30995,20251210,2
32222,20250723,1
32061,20251006,1
32293,20251118,1
30987,20251209,2
31613,20251213,2
30915,20250807,2
35089,20251004,2
30885,20250809,2
35075,20251213,2
32401,20250730,1
12637,20250901,2
31869,20251019,1
18602,20250731,1
36586,20250804,2
36205,20251027,1
30918,20250820,2
31335,20251205,2
30920,20250907,2
35511,20251014,2
30903,20251007,2
5444,20251231,2
31086,20251022,2
31772,20250826,1
31618,20251024,2
31082,20250917,2
31683,20251002,1
32485,20250913,1
18659,20251015,1
32256,20250826,1
32325,20251008,1
31860,20251218,1
31346,20250917,2
30926,20251104,2
867,20251225,2
30976,20251204,2
30923,20251111,2
30985,20251129,2
30993,20251023,2
12714,20250810,2
30900,20250928,2
30952,20251210,2
268,20251128,2
30980,20260102,2
30922,20251114,2
30925,20260105,2
1171,20250807,1
31869,20251206,1
32334,20250728,1
30898,20251128,2
31248,20260102,2
12714,20251023,2
30938,20251209,2
31933,20250923,1
18592,20250903,1
31876,20251118,1
30915,20251119,2
30931,20251220,2
31806,20251008,1
30925,20251228,2
32485,20250830,1
32317,20250906,1
31059,20251030,2
34843,20251211,2
31054,20251211,2
32061,20251111,1
30900,20260106,2
32061,20250814,1
32061,20250728,1
30865,20250807,2
32090,20251001,1
31926,20251027,1
32287,20251205,1
32061,20250916,1
32139,20250819,1
32287,20251017,1
31010,20251213,2
30993,20250725,2
30952,20250810,2
32273,20250822,1
30965,20250922,2
31826,20250828,1
32256,20251001,1
31101,20251106,2
31860,20251029,1
18659,20250914,1
30951,20250907,2
32105,20251204,1
30886,20251019,2
21855,20251111,1
31774,20251214,1
30936,20251025,2
30891,20251107,2
31979,20250816,1
18688,20250826,1
30888,20250905,2
30904,20250805,2
30985,20251127,2
31015,20251201,2
11066,20251017,1
31056,20251201,2
31081,20251113,2
30929,20250820,2
30907,20251122,2
31777,20251018,1
1186,20260403,2
32140,20250824,1
30883,20251022,2
31096,20250904,2
31772,20250811,1
45569,20251201,2
32065,20251206,1
30951,20251107,2
30916,20251213,2
28134,20250901,2
31877,20250810,1
14784,20251013,2
30940,20250815,2
31807,20250730,1
30885,20260110,2
30937,20250816,2
18689,20251212,1
18592,20251201,1
30888,20251104,2
31979,20250924,1
32139,20250904,1
31018,20251122,2
30900,20251102,2
32212,20251101,1
18657,20250904,1
14785,20251223,2
30889,20251219,2
32064,20251102,1
31061,20250807,2
30986,20251001,2
31686,20250727,1
18605,20251017,1
30912,20251021,2
36345,20251211,2
31811,20250808,1
30925,20250908,2
30910,20260105,2
32090,20250719,1
30896,20250914,2
36345,20251204,2
31877,20251109,1
18670,20250812,1
30891,20251121,2
30937,20250828,2
32325,20250904,1
31626,20251126,2
269,20251215,1
30980,20251118,2
31608,20251122,2
30936,20251102,2
31335,20251214,2
31424,20260110,2
30964,20251004,2
31779,20251010,1
18570,20250901,1
30923,20251214,2
30905,20251018,2
30963,20250718,2
32485,20251002,1
30997,20260101,2
32336,20251103,1
31086,20250929,2
32208,20250829,1
31904,20250818,1
31615,20250805,2
32218,20251109,1
32315,20250915,1
31266,20251107,2
32139,20250930,1
30905,20251129,2
18570,20251123,1
30980,20260106,2
31063,20251220,2
34842,20250725,2
269,20251202,1
31904,20250908,1
30894,20250908,2
30887,20251208,2
31041,20260101,2
30969,20251218,2
32325,20251014,1
31952,20250830,1
30927,20251121,2
18576,20251002,1
30992,20251029,2
31857,20251206,1
31860,20251125,1
32090,20251018,1
18659,20251216,1
15776,20251226,1
30951,20250819,2
30901,20251022,2
31628,20251123,2
30887,20250718,2
32061,20250819,1
32317,20251115,1
1170,20251203,1
18576,20251207,1
31005,20250926,2
30940,20250823,2
31089,20251107,2
18576,20250904,1
32287,20251010,1
32275,20250806,1
31626,20251028,2
31526,20251231,2
31105,20251014,2
31613,20251218,2
35075,20250819,2
31079,20251011,2
31008,20250824,2
32259,20250922,1
30982,20251109,2
31414,20251021,2
31010,20251102,2
32315,20250907,1
32512,20250828,1
34917,20250808,2
31751,20250910,1
31385,20251129,2
32317,20250930,1
30997,20251225,2
30936,20250811,2
31015,20251213,2
30964,20260105,2
31059,20251115,2
32216,20250717,1
30922,20260102,2
30984,20251129,2
14784,20251110,2
31096,20250924,2
31089,20250814,2
32282,20251006,1
31732,20251110,1
268,20250909,2
31014,20251205,2
18592,20251017,1
30933,20251129,2
30915,20251106,2
31061,20251118,2
31081,20251109,2
30862,20250807,2
31389,20251112,2
32064,20251002,1
30898,20251207,2
31389,20251230,2
31083,20251013,2
31061,20251202,2
32120,20251107,1
31813,20250728,1
31844,20250924,1
34901,20251130,2
36345,20250818,1
18659,20250728,1
30927,20250820,2
35075,20251209,2
35639,20250827,1
30898,20251213,2
30952,20250824,2
31844,20251119,1
31005,20260107,2
31008,20250803,2
30915,20251014,2
31081,20250915,2
30902,20251216,2
31774,20250810,1
30965,20250821,2
30902,20251130,2
12714,20251130,2
30857,20250821,2
31346,20260110,2
31105,20250809,2
32284,20251119,1
31081,20250913,2
31750,20250907,1
30964,20250904,2
31061,20250911,2
31383,20251103,2
30864,20250725,2
31868,20251219,1
31272,20260109,2
30885,20251021,2
31683,20250910,1
30910,20251029,2
32214,20250824,1
32140,20250731,1
32317,20250923,1
30970,20251230,2
31626,20251209,2
31816,20250830,1
30886,20250922,2
31001,20250912,2
30865,20250728,2
12637,20251104,2
286,20251224,2
31772,20250917,1
30888,20250819,2
34917,20250813,2
18602,20251008,1
32323,20251103,1
31101,20250903,2
31623,20251103,2
31267,20251225,2
12637,20251106,2
31086,20250807,2
31857,20250921,1
32188,20250719,1
31608,20251111,2
12637,20251107,2
30938,20251115,2
31904,20251012,1
31050,20250807,2
31842,20250912,1
31078,20251122,2
18630,20250718,1
30893,20260110,2
31618,20251109,2
1170,20250910,1
30923,20251202,2
18630,20250822,1
30904,20251014,2
31056,20251205,2
31269,20260109,2
30965,20251108,2
18570,20250822,1
18569,20250717,1
30885,20250801,2
32287,20251024,1
30951,20251007,2
18670,20251015,1
31274,20250917,2
31687,20251115,1
31826,20250807,1
32818,20250830,1
30952,20251209,2
31526,20251128,2
31061,20251231,2
268,20250904,2
32139,20251124,1
30964,20250928,2
30970,20251209,2
30903,20251119,2
31346,20250822,2
30923,20250729,2
31018,20250915,2
30926,20251218,2
31750,20251020,1
30914,20251202,2
31081,20251123,2
30900,20251020,2
18603,20251019,1
18603,20250811,1
31000,20251028,2
31979,20250825,1
31772,20250812,1
31061,20250830,2
31019,20260105,2
30865,20250725,2
35089,20250715,2
31754,20250810,1
30964,20250919,2
30998,20251012,2
31078,20251204,2
268,20251209,2
30927,20251118,2
11066,20251010,1
31054,20251214,2
18687,20251102,1
32065,20250721,1
31090,20251215,2
30899,20251220,2
30887,20250928,2
30901,20251208,2
30886,20251124,2
31621,20251130,2
31271,20251108,2
31041,20250817,2
31269,20251215,2
31687,20251123,1
30928,20251119,2
30937,20250917,2
32282,20251010,1
31096,20250727,2
31005,20251102,2
31267,20250825,2
30905,20251103,2
31101,20250810,2
32326,20251204,1
31868,20251010,1
31274,20251003,2
32334,20250915,1
30932,20250820,2
34796,20251201,2
32317,20250812,1
31059,20251014,2
32256,20251020,1
30927,20260103,2
31774,20251208,1
31687,20251102,1
31099,20260108,2
31335,20251017,2
30905,20250907,2
31687,20250830,1
31335,20251011,2
31779,20251003,1
31010,20260109,2
31414,20250728,2
30897,20251003,2
31976,20250806,1
32061,20250807,1
30889,20260102,2
30993,20250924,2
31090,20251104,2
31099,20250922,2
18688,20251129,1
30992,20250902,2
31006,20250822,2
31009,20260105,2
31871,20250901,1
31526,20260104,2
30936,20251222,2
30904,20250829,2
30986,20251002,2
30888,20251217,2
31414,20250923,2
31389,20251202,2
30887,20251023,2
30963,20250912,2
32027,20251009,1
30918,20251226,2
31105,20251019,2
30927,20250813,2
30859,20250806,2
31981,20251028,1
30994,20251115,2
18575,20250805,1
30929,20251113,2
31017,20250724,2
32216,20251022,1
35075,20251120,2
30921,20251220,2
32090,20250924,1
31102,20251220,2
31414,20251219,2
30910,20250819,2
18686,20250730,1
31824,20250915,1
30907,20251202,2
31274,20250930,2
268,20250916,2
31082,20251226,2
31608,20251201,2
31626,20251112,2
31618,20250921,2
31050,20251216,2
30897,20250927,2
30889,20250927,2
18576,20251219,1
31018,20251129,2
14784,20251023,2
31050,20251009,2
34917,20251223,2
30992,20251215,2
31346,20251009,2
18688,20251009,1
30920,20251214,2
31096,20250814,2
4376,20251224,1
30979,20251118,2
30900,20251008,2
14168,20260406,1
32271,20251019,1
30964,20260101,2
30894,20251012,2
30898,20251210,2
31877,20250901,1
31629,20251024,2
31046,20260102,2
30905,20251006,2
30863,20250807,2
12637,20251212,2
30858,20250803,2
31267,20251130,2
31817,20251119,1
31271,20251020,2
31613,20260105,2
30910,20250827,2
30981,20260109,2
32090,20250827,1
32277,20250803,1
31006,20251102,2
30898,20251106,2
31333,20251210,2
30934,20251221,2
30927,20251107,2
32210,20250826,1
32164,20251002,1
1217,20260406,2
18659,20251025,1
30964,20250830,2
30900,20251002,2
30936,20251231,2
18605,20250725,1
31979,20251217,1
31078,20251105,2
30886,20250825,2
31089,20251112,2
32336,20251113,1
37417,20260101,2
31014,20251213,2
30965,20251229,2
30885,20251107,2
32216,20250723,1
30973,20251224,2
31105,20250910,2
30906,20251129,2
32457,20250916,1
32277,20251101,1
31926,20250907,1
35089,20251105,2
32323,20250919,1
31090,20251121,2
31059,20251110,2
31061,20250908,2
34887,20250725,2
31929,20251212,1
30922,20250827,2
31979,20251001,1
30886,20251222,2
18684,20250719,1
31274,20251115,2
30887,20251223,2
31089,20251214,2
31871,20250726,1
31101,20250901,2
32065,20250826,1
30903,20250817,2
30896,20251002,2
30884,20251223,2
31630,20260101,2
30907,20250813,2
35089,20251008,2
30925,20250920,2
32065,20251202,1
31869,20251011,1
30923,20251021,2
14785,20250804,2
269,20251110,1
18686,20251117,1
31267,20250912,2
31090,20251101,2
31806,20250814,1
30929,20250828,2
31385,20251011,2
31615,20251107,2
18604,20250928,1
30992,20251107,2
31008,20251217,2
32325,20251111,1
32325,20251022,1
31979,20250827,1
31383,20251219,2
31687,20250721,1
31000,20251222,2
31272,20260108,2
18687,20251106,1
31808,20251123,1
32164,20251203,1
30937,20251227,2
31887,20250804,1
32065,20250723,1
31079,20251022,2
30994,20251112,2
30912,20251114,2
31871,20251020,1
30900,20251004,2
30897,20250902,2
1170,20250923,1
31009,20251028,2
31050,20250808,2
32318,20250726,1
30921,20251110,2
31089,20251120,2
18636,20251202,1
32317,20250805,1
30907,20250806,2
31089,20251007,2
268,20251015,2
31096,20250821,2
30906,20251220,2
32222,20250923,1
18688,20251006,1
31750,20250923,1
30965,20251218,2
18686,20250811,1
30898,20260110,2
30965,20250924,2
31813,20250907,1
30894,20251222,2
31059,20251229,2
32064,20250913,1
30860,20250804,2
31002,20251031,2
32325,20250821,1
18636,20250922,1
30982,20251129,2
30964,20250722,2
31086,20250917,2
31855,20251112,1
30936,20250716,2
32066,20250831,1
31979,20251109,1
30985,20251214,2
31952,20251221,1
31613,20251202,2
31089,20250810,2
31981,20251106,1
30897,20250807,2
31805,20251021,1
32315,20250816,1
31876,20250907,1
31933,20251028,1
18636,20250918,1
32209,20250725,1
31772,20250901,1
32120,20251219,1
32164,20251113,1
30927,20251007,2
31618,20250930,2
31859,20250725,1
32065,20250912,1
31002,20260101,2
30964,20250803,2
30902,20251002,2
30863,20250802,2
30921,20251125,2
32164,20251020,1
31266,20251207,2
32164,20251006,1
31932,20250829,1
31630,20251127,2
31774,20250805,1
30891,20250829,2
31526,20251120,2
31061,20251130,2
35487,20250804,2
30887,20251230,2
31050,20251121,2
31267,20251018,2
18657,20251119,1
31000,20251023,2
31385,20251227,2
3814,20250825,2
18686,20251008,1
30920,20251224,2
32234,20250724,1
31926,20250720,1
30885,20251022,2
18575,20251107,1
30993,20251117,2
31855,20250716,1
31105,20251201,2
31335,20250910,2
32064,20250923,1
12714,20250905,2
31266,20251222,2
31018,20251109,2
31083,20251129,2
31267,20251016,2
32323,20251013,1
31274,20251016,2
30979,20251026,2
21855,20251022,1
3952,20260101,2
14168,20251224,1
32090,20251214,1
31687,20251103,1
31618,20251018,2
30918,20250906,2
18688,20250719,1
30963,20250821,2
32120,20250919,1
31607,20260105,2
36345,20251008,2
30929,20250730,2
30890,20251102,2
32485,20251029,1
30992,20251021,2
30940,20250803,2
32275,20251218,1
31904,20251022,1
30932,20251222,2
30986,20251102,2
31750,20250912,1
31857,20251026,1
31968,20251127,1
31806,20251016,1
31607,20260108,2
31750,20250819,1
30992,20251001,2
31904,20250723,1
30926,20251205,2
30894,20251117,2
30891,20251007,2
32066,20251006,1
31002,20251121,2
32061,20251101,1
31904,20250906,1
30894,20260110,2
32140,20250915,1
30982,20251120,2
30937,20250919,2
32229,20250730,1
31608,20251026,2
31023,20260101,2
30933,20250905,2
30898,20251222,2
18602,20251121,1
18687,20250806,1
30963,20250720,2
31054,20251220,2
30965,20251116,2
32256,20250917,1
30887,20251226,2
18687,20251004,1
31333,20251205,2
30904,20250801,2
30992,20251028,2
30897,20251205,2
30886,20251204,2
30998,20251223,2
27959,20251225,2
31887,20250904,1
30943,20250809,2
21915,20250917,2
31807,20251020,1
30899,20251216,2
30951,20251008,2
30885,20250814,2
30922,20250926,2
31090,20251016,2
31981,20250905,1
31099,20251106,2
31081,20251128,2
30918,20251217,2
31750,20250915,1
31007,20251011,2
32485,20251030,1
18659,20250918,1
30889,20250802,2
31623,20251220,2
32325,20251115,1
32325,20250725,1
30998,20260107,2
31061,20251023,2
31054,20251230,2
32485,20251120,1
18602,20251126,1
30904,20250925,2
31933,20250916,1
31054,20250914,2
31054,20251014,2
31270,20251110,2
32120,20250913,1
31083,20250919,2
31081,20250901,2
30896,20250824,2
31855,20250814,1
32027,20251029,1
31006,20251129,2
31006,20250908,2
30908,20251109,2
31083,20251219,2
31869,20250817,1
27960,20260101,2
31061,20250913,2
32120,20251003,1
31059,20251224,2
30885,20250802,2
31078,20250820,2
30985,20260109,2
31099,20260102,2
32293,20250927,1
30992,20251212,2
30899,20251223,2
30901,20251110,2
18670,20250922,1
30923,20251208,2
31776,20250722,1
30937,20251114,2
31776,20250806,1
31083,20251207,2
28134,20251126,2
30996,20260102,2
30927,20251026,2
31904,20251126,1
30908,20251119,2
32139,20251004,1
32066,20251128,1
30992,20251006,2
31621,20250927,2
31096,20251227,2
15541,20260406,2
1170,20250904,1
31039,20250819,2
30903,20251016,2
32120,20250914,1
30912,20251103,2
31618,20251021,2
18592,20250811,1
30902,20251118,2
31054,20250813,2
40,20250825,1
31414,20251202,2
30889,20250813,2
35089,20251020,2
31887,20251130,1
32273,20250831,1
31777,20251025,1
31615,20251203,2
32482,20250928,1
14784,20251118,2
30888,20251026,2
32485,20251028,1
31623,20251108,2
30994,20251116,2
32457,20251104,1
31628,20260109,2
32282,20251013,1
35075,20250722,2
31082,20251222,2
31007,20251110,2
30883,20260104,2
30904,20250928,2
31688,20250725,1
31138,20251108,2
31271,20251221,2
32334,20250914,1
269,20250924,1
31099,20250717,2
30916,20251009,2
31628,20251226,2
31063,20251114,2
32275,20250715,1
32710,20250830,1
31777,20250816,1
30901,20251106,2
31777,20251130,1
31267,20250813,2
30887,20251011,2
31054,20250923,2
30926,20251125,2
32105,20251010,1
32234,20250814,1
31009,20251113,2
35639,20250821,1
31904,20251217,1
30928,20251202,2
32271,20251117,1
31871,20250927,1
30925,20251031,2
30964,20251111,2
30931,20251130,2
31526,20251224,2
31079,20251017,2
30998,20251005,2
21855,20250908,1
30986,20251019,2
31608,20251216,2
18687,20250812,1
31876,20250823,1
31857,20250920,1
30889,20251218,2
32105,20251016,1
18687,20251015,1
32401,20250805,1
30938,20251121,2
32061,20250909,1
12714,20251117,2
30980,20251217,2
30906,20251224,2
18636,20251031,1
31630,20251001,2
30865,20250815,2
32318,20250831,1
21855,20250929,1
18688,20250716,1
30981,20251222,2
30920,20260101,2
35511,20250902,2
30929,20251103,2
32326,20250731,1
35075,20251125,2
31010,20251021,2
30929,20250909,2
30983,20251209,2
30897,20251121,2
12639,20251219,1
32293,20251108,1
31772,20250926,1
31621,20250808,2
30887,20251004,2
31001,20251023,2
32065,20250805,1
30952,20251226,2
30927,20251019,2
32139,20250804,1
30936,20250909,2
30931,20251207,2
31414,20250916,2
31253,20251223,2
31869,20250906,1
31876,20250929,1
31054,20250922,2
32273,20251004,1
31952,20251116,1
30983,20260104,2
30964,20250819,2
32064,20250825,1
30998,20250815,2
18570,20251024,1
31061,20250824,2
31078,20251031,2
30862,20250828,2
31005,20250923,2
32027,20251203,1
30921,20251101,2
31335,20250924,2
31267,20251002,2
31932,20251013,1
31904,20251115,1
31059,20251016,2
31817,20251217,1
32511,20250901,1
35003,20251029,2
31078,20251219,2
30886,20251211,2
30904,20251224,2
31335,20250923,2
12640,20250722,1
31039,20250810,2
31002,20250820,2
31608,20251206,2
31271,20251117,2
31981,20251130,1
18657,20250730,1
30891,20250827,2
31006,20251130,2
18572,20250727,1
32277,20251109,1
30896,20250805,2
31687,20250919,1
32188,20251208,1
18657,20250716,1
35075,20250828,2
31844,20251022,1
35089,20250901,2
31009,20250910,2
30924,20260105,2
31813,20250913,1
18659,20250915,1
31968,20251218,1
31089,20251129,2
30901,20251226,2
30888,20251108,2
32457,20250909,1
30914,20251126,2
30889,20251217,2
32090,20250912,1
31777,20250927,1
31754,20250726,1
31079,20251116,2
30942,20250808,2
31078,20251213,2
31267,20250829,2
32325,20250807,1
32293,20250730,1
32209,20251114,1
30906,20251117,2
31050,20250823,2
30903,20251116,2
31050,20250716,2
1186,20250728,1
30951,20250807,2
30927,20250830,2
30951,20250901,2
31750,20251109,1
30889,20250719,2
72,20251224,2
31078,20251103,2
30903,20260105,2
31686,20251130,1
31526,20251110,2
28134,20251210,2
31007,20251015,2
30929,20250905,2
31006,20250729,2
30936,20251124,2
27959,20260403,2
32321,20251130,1
31626,20260108,2
12640,20251007,1
32188,20250824,1
30903,20250928,2
31019,20251229,2
30896,20251127,2
32485,20250804,1
31274,20251211,2
31033,20250831,2
31015,20251209,2
31063,20251112,2
14802,20251009,1
31274,20251209,2
32326,20251210,1
31698,20250809,1
30900,20250817,2
18636,20251106,1
30933,20251115,2
30963,20251221,2
32064,20251024,1
32277,20250726,1
30923,20250903,2
30992,20250824,2
18636,20250902,1
31618,20251026,2
18575,20251217,1
18605,20250801,1
31926,20251004,1
18630,20251128,1
32284,20251127,1
30912,20251224,2
30937,20251224,2
36977,20250825,1
31008,20251112,2
31090,20251225,2
31696,20251215,1
30998,20251129,2
32334,20250803,1
31099,20251203,2
30976,20251206,2
30936,20251004,2
31101,20251215,2
31081,20251212,2
31007,20251215,2
31089,20250908,2
18686,20251204,1
30915,20251008,2
31009,20251213,2
28134,20251225,2
30889,20251015,2
30925,20251108,2
32164,20250923,1
32457,20251027,1
32256,20251002,1
30891,20260103,2
30914,20251204,2
30949,20250821,2
30981,20251114,2
30937,20250905,2
28134,20251223,2
31414,20251129,2
32066,20250812,1
36342,20250815,2
31252,20260110,2
31000,20260106,2
31078,20251009,2
30986,20251210,2
31754,20251116,1
30922,20251027,2
32164,20250922,1
30916,20250827,2
32293,20250811,1
31267,20251120,2
28134,20250923,2
31102,20260110,2
18687,20250722,1
30920,20251130,2
35075,20250917,2
18576,20250928,1
35075,20251204,2
32334,20250921,1
30995,20251216,2
31050,20251217,2
31096,20250731,2
31926,20250725,1
31385,20251204,2
30918,20250903,2
30986,20251202,2
32065,20251122,1
286,20260403,2
31618,20250927,2
31871,20250810,1
30980,20251204,2
30976,20251125,2
32225,20250925,1
30891,20251031,2
18592,20250829,1
31805,20251106,1
32027,20251015,1
30923,20250826,2
30971,20260105,2
31007,20251106,2
31805,20251006,1
31621,20251009,2
30889,20250926,2
30887,20250821,2
30914,20251226,2
14784,20251125,2
31096,20251215,2
31750,20251030,1
21855,20251211,1
268,20251125,2
14785,20251030,2
30965,20251031,2
30921,20260102,2
36202,20251130,2
31887,20251109,1
30859,20250805,2
32225,20251009,1
31979,20251206,1
18686,20251107,1
30858,20250816,2
30900,20251121,2
30996,20260105,2
31041,20251212,2
32325,20250824,1
18604,20251207,1
31096,20251201,2
31698,20251122,1
31050,20250921,2
18575,20250902,1
18686,20251124,1
30923,20250730,2
35571,20251222,2
32061,20250818,1
30927,20251228,2
30925,20251102,2
31686,20251103,1
30902,20260109,2
32317,20250804,1
30907,20250807,2
30982,20251121,2
31629,20251012,2
30929,20250731,2
18688,20250805,1
30907,20251022,2
31138,20251022,2
18636,20251127,1
31806,20251114,1
31615,20260110,2
21915,20251128,2
31006,20251014,2
14126,20251225,2
30925,20251007,2
31772,20251201,1
32164,20251215,1
31082,20250809,2
30891,20251220,2
18632,20250921,1
32120,20251005,1
31252,20260102,2
31248,20251202,2
32027,20251113,1
31089,20251114,2
30922,20251109,2
30923,20251129,2
30947,20250803,2
31083,20251015,2
30992,20250908,2
31686,20250920,1
31082,20251011,2
21855,20251014,1
31274,20251204,2
31056,20251210,2
30946,20250819,2
31092,20251229,2
30951,20251115,2
18657,20251201,1
31389,20251116,2
30885,20250901,2
32317,20251108,1
31105,20251229,2
30902,20251110,2
32256,20251211,1
287,20260101,2
31630,20251126,2
31821,20250906,1
32336,20251203,1
30903,20250822,2
30862,20250810,2
31018,20251226,2
30937,20251022,2
32334,20250908,1
32321,20250928,1
31628,20251106,2
32318,20250719,1
31976,20250724,1
31089,20250914,2
35571,20250911,2
30918,20251121,2
30891,20251017,2
31812,20250723,1
31082,20250918,2
31078,20260106,2
30901,20250819,2
31096,20251005,2
31806,20250716,1
30920,20251231,2
30925,20251219,2
31081,20251103,2
30964,20251130,2
32334,20251004,1
31061,20250813,2
30902,20250929,2
18657,20250717,1
31754,20250913,1
31105,20251109,2
35075,20250920,2
31099,20250816,2
31138,20250922,2
30989,20251220,2
30887,20250920,2
30888,20250826,2
18687,20250726,1
31086,20251214,2
12714,20251217,2
31826,20250826,1
31061,20251217,2
30896,20251205,2
31626,20251122,2
32325,20251203,1
31626,20251027,2
31383,20260101,2
31846,20250930,1
36202,20250725,1
32212,20251006,1
32225,20251127,1
18576,20251124,1
31015,20251227,2
32208,20251201,1
31615,20251114,2
31090,20251003,2
31082,20250726,2
32325,20251124,1
31274,20250908,2
31751,20251221,1
31621,20251016,2
30976,20251130,2
32064,20250823,1
31414,20250811,2
31629,20251211,2
31754,20250719,1
31979,20251213,1
30928,20251226,2
30916,20250808,2
30936,20250721,2
32275,20251001,1
31626,20260104,2
30857,20250831,2
31812,20250729,1
31806,20251024,1
30965,20250926,2
31521,20251026,2
31101,20251124,2
30929,20250826,2
31086,20251220,2
31089,20250924,2
31090,20250905,2
31015,20251121,2
21915,20250718,2
30992,20250811,2
31089,20250807,2
18592,20250807,1
31615,20251026,2
30860,20250810,2
32064,20251014,1
31054,20251126,2
30925,20250818,2
30858,20250801,2
30937,20250822,2
30965,20251020,2
30951,20251103,2
18657,20251030,1
30992,20260104,2
32216,20250911,1
32120,20250926,1
21915,20251217,2
32317,20251021,1
32188,20251130,1
31089,20251215,2
30886,20250810,2
31346,20251226,2
31099,20250920,2
30891,20251029,2
30864,20250827,2
32065,20251203,1
30933,20250715,2
30984,20251006,2
30915,20251218,2
32273,20251206,1
32090,20250807,1
31059,20251220,2
31050,20250819,2
30928,20251110,2
30901,20251130,2
31050,20251218,2
31253,20260107,2
30910,20251017,2
31248,20251230,2
30973,20251219,2
18687,20250827,1
30933,20250823,2
32485,20250813,1
30898,20250930,2
34842,20250805,2
31061,20250822,2
31079,20251121,2
18686,20251017,1
30936,20251008,2
30963,20260101,2
31001,20250928,2
30948,20250805,2
31750,20251029,1
31628,20251220,2
32218,20250927,1
31389,20251113,2
36202,20250815,1
31750,20251117,1
31630,20251124,2
31869,20251129,1
31008,20251115,2
32064,20251128,1
30927,20251010,2
32061,20251115,1
31846,20250729,1
30964,20251110,2
30886,20250914,2
269,20251023,1
31687,20250908,1
36205,20251030,1
31271,20251230,2
31105,20250924,2
31877,20251129,1
18688,20251022,1
18670,20250917,1
30952,20250807,2
35089,20251113,2
30904,20251221,2
32273,20251006,1
30884,20251111,2
32293,20250728,1
31626,20251216,2
32188,20250929,1
32061,20250824,1
18688,20251017,1
30865,20250809,2
30963,20251027,2
31089,20251027,2
31274,20251013,2
30891,20251127,2
31846,20250922,1
30914,20251230,2
20528,20250715,2
31271,20251126,2
32228,20250913,1
31832,20250803,1
35075,20251123,2
31855,20250820,1
30931,20251226,2
31008,20250927,2
18687,20250904,1
30980,20251112,2
31621,20250930,2
31090,20251113,2
30858,20250827,2
31844,20250731,1
31751,20251214,1
31805,20250815,1
30907,20260105,2
32228,20251205,1
31002,20251114,2
31090,20260108,2
32065,20250927,1
18592,20250926,1
31019,20251224,2
32064,20250902,1
32105,20251218,1
35075,20251211,2
31887,20251007,1
31683,20251106,1
31686,20251011,1
18636,20251125,1
18684,20251213,1
31751,20251110,1
18636,20250820,1
31621,20251125,2
31414,20251122,2
31060,20260108,2
31090,20250914,2
30940,20250729,2
31621,20251020,2
31904,20250802,1
32166,20251130,1
21915,20251201,2
31805,20250916,1
31082,20251120,2
30993,20251111,2
31001,20250910,2
18688,20250828,1
31335,20251121,2
31817,20251014,1
30903,20251229,2
31618,20250912,2
35075,20250903,2
32275,20250807,1
34899,20251130,2
30922,20251230,2
31807,20251208,1
4415,20251231,2
31806,20251215,1
31039,20250818,2
14785,20250805,2
35511,20251022,2
30952,20251006,2
30884,20251116,2
4415,20260403,2
1169,20260101,2
31081,20251017,2
31751,20251218,1
31869,20250831,1
31078,20250811,2
31007,20251016,2
31630,20250930,2
35075,20250817,2
30978,20260107,2
30918,20251218,2
31138,20251222,2
31805,20251011,1
31274,20250916,2
31138,20251013,2
32259,20251005,1
30922,20251113,2
1171,20250829,1
30901,20251205,2
30952,20251115,2
30900,20250914,2
30895,20260109,2
30910,20250808,2
31041,20251223,2
31267,20250808,2
30933,20250815,2
18659,20250826,1
31806,20250715,1
30884,20251112,2
30910,20251231,2
30888,20251203,2
32284,20250729,1
31629,20250929,2
18687,20250723,1
32325,20251015,1
32293,20251021,1
30923,20250815,2
31008,20251015,2
32485,20250922,1
31015,20260106,2
30933,20251117,2
31774,20250719,1
30948,20250824,2
31050,20260109,2
30888,20251205,2
32216,20250724,1
32334,20251129,1
31001,20251113,2
31078,20250819,2
31847,20250920,1
18602,20250801,1
30951,20250725,2
14784,20251006,2
30974,20260108,2
18573,20250829,1
31855,20250904,1
30915,20251104,2
31015,20251215,2
32215,20250809,1
30891,20251124,2
35075,20251121,2
36207,20250808,2
30894,20250901,2
30922,20251115,2
31521,20251229,2
30905,20251015,2
30929,20250917,2
31335,20260102,2
31081,20251001,2
31335,20251025,2
31090,20251209,2
30936,20250921,2
31807,20250805,1
30951,20251216,2
32336,20251002,1
31860,20251120,1
18687,20250925,1
30891,20250725,2
30905,20251203,2
31807,20250724,1
30963,20251120,2
31101,20250902,2
30936,20251010,2
31081,20251030,2
31968,20251204,1
31618,20251226,2
31015,20251218,2
30933,20251217,2
31079,20251113,2
32140,20250918,1
31105,20250807,2
31000,20251201,2
32259,20251019,1
30916,20250829,2
31808,20250720,1
31270,20251221,2
30884,20251229,2
31081,20251126,2
32216,20251210,1
31001,20251203,2
30998,20251229,2
31623,20251211,2
31807,20250721,1
31806,20250927,1
30905,20251112,2
30902,20251220,2
20528,20250717,2
31005,20250919,2
36204,20250826,2
31099,20250824,2
31270,20251209,2
32140,20251127,1
18687,20250721,1
31687,20251026,1
30925,20250926,2
31266,20251119,2
32140,20250829,1
31096,20250806,2
30929,20250805,2
31776,20251103,1
31904,20250915,1
30982,20251119,2
30937,20251231,2
30931,20260104,2
31270,20251109,2
30993,20250806,2
30969,20260110,2
31040,20250818,2
30931,20251119,2
31615,20251230,2
30929,20251206,2
31017,20250731,2
31968,20250811,1
35089,20250819,2
32090,20250930,1
18659,20251101,1
30985,20251118,2
17484,20251224,2
31005,20260109,2
30979,20251214,2
31009,20260103,2
35089,20250731,2
30964,20250805,2
18576,20251031,1
31346,20251207,2
30928,20251031,2
30900,20250823,2
30905,20251023,2
36202,20250825,2
31009,20251007,2
31039,20250726,2
1217,20251231,2
35075,20250927,2
4415,20250825,2
21855,20251231,2
32293,20251202,1
31001,20251215,2
32284,20250819,1
31081,20250918,2
30971,20251107,2
30898,20250809,2
30890,20251130,2
34888,20251130,2
30897,20250925,2
5148,20250722,2
31101,20250816,2
30985,20251130,2
31271,20251218,2
32457,20251209,1
31621,20251120,2
140,20251226,2
32293,20251203,1
32334,20251209,1
18603,20251021,1
18687,20250731,1
30937,20250827,2
30938,20251129,2
31061,20251117,2
31346,20250807,2
34890,20250818,2
31521,20251120,2
31005,20251203,2
32323,20250930,1
30890,20251215,2
18657,20250806,1
31101,20251022,2
32166,20251026,1
18659,20250716,1
30933,20250902,2
30918,20250902,2
31683,20250909,1
31629,20250924,2
31772,20251021,1
30993,20250812,2
31877,20250809,1
31061,20251211,2
31206,20260102,2
30901,20250723,2
32293,20250817,1
32064,20251206,1
30897,20250907,2
18604,20250920,1
30922,20250809,2
31750,20250908,1
30889,20251007,2
31082,20250804,2
31414,20260109,2
30896,20250810,2
32139,20251016,1
31754,20251108,1
30857,20250809,2
31105,20251009,2
31629,20251127,2
31626,20251128,2
31040,20250802,2
30926,20250923,2
35639,20250826,1
30886,20251107,2
35089,20250825,1
31274,20251117,2
32457,20250922,1
32222,20251104,1
30883,20251224,2
31904,20251125,1
35511,20250717,2
32027,20250918,1
31063,20251027,2
31751,20251104,1
32323,20251125,1
18570,20251010,1
32293,20250810,1
18602,20250827,1
18575,20251128,1
5148,20251225,2
31876,20250726,1
32334,20250910,1
32120,20251129,1
31335,20260101,2
3814,20260406,2
35089,20251201,2
32061,20251205,1
32140,20251001,1
31687,20251017,1
18670,20250722,1
36207,20251130,2
32259,20250722,1
268,20250721,2
18572,20250802,1
30963,20251031,2
31630,20251117,2
31683,20250716,1
30984,20251003,2
12637,20251119,2
31887,20250819,1
18575,20251031,1
31926,20251124,1
18687,20251125,1
35089,20250808,2
30933,20251021,2
31629,20251226,2
30898,20250909,2
32225,20250924,1
31101,20251216,2
31846,20251206,1
31206,20251203,2
31023,20251225,2
30929,20260104,2
30987,20251124,2
31904,20250910,1
32140,20251125,1
18576,20250906,1
30926,20251115,2
31671,20250804,2
31842,20251121,1
31926,20251018,1
30927,20250917,2
30884,20251125,2
18636,20251209,1
31023,20251229,2
31608,20251222,2
35089,20251107,2
30992,20250812,2
30904,20251010,2
30982,20251204,2
32334,20251218,1
31081,20251214,2
30979,20260106,2
31026,20250830,2
32216,20250930,1
31001,20251107,2
31968,20251113,1
31945,20251212,1
30971,20251112,2
31751,20250810,1
31806,20250730,1
30867,20250814,2
32275,20250826,1
30938,20251127,2
30887,20251231,2
30910,20250914,2
31050,20260110,2
30888,20251211,2
30932,20251221,2
31613,20251201,2
31081,20251022,2
31015,20251123,2
32066,20251102,1
32166,20251115,1
30937,20251112,2
31821,20250914,1
30887,20251116,2
32120,20250922,1
31698,20250907,1
31613,20260104,2
30993,20251025,2
30889,20251118,2
18659,20251217,1
30989,20251216,2
31019,20251213,2
32319,20250722,1
31081,20260109,2
31008,20260109,2
32065,20250909,1
31805,20250719,1
32166,20251213,1
32323,20251202,1
31033,20250829,2
30897,20251224,2
18574,20250825,1
31613,20260102,2
30993,20251001,2
30923,20251125,2
32317,20251202,1
34778,20250825,2
31968,20250721,1
30885,20251115,2
36205,20250724,1
30986,20251211,2
31621,20251113,2
30995,20260102,2
31414,20251031,2
31270,20251212,2
35089,20251217,2
32485,20251018,1
30901,20251113,2
27962,20251226,2
35511,20251111,2
30915,20251229,2
30986,20251027,2
31750,20250922,1
32164,20251125,1
30900,20251119,2
30980,20251205,2
31009,20251226,2
31018,20250924,2
31041,20251121,2
31685,20251205,1
35571,20251009,2
31414,20251118,2
18657,20251002,1
34897,20250804,2
30979,20251028,2
18688,20251122,1
30907,20251221,2
30889,20250812,2
31018,20251010,2
18603,20250830,1
34843,20250812,1
31008,20251210,2
32275,20250724,1
31096,20251109,2
32273,20250825,1
30896,20250908,2
31089,20250927,2
31754,20251123,1
31099,20251215,2
12714,20251013,2
31041,20250915,2
31976,20250805,1
30887,20250930,2
31876,20251111,1
31346,20251106,2
31083,20251130,2
30903,20250929,2
32061,20251026,1
32259,20250902,1
31832,20250809,1
30971,20251204,2
30885,20250831,2
31014,20251224,2
30952,20251228,2
18603,20251018,1
31086,20250819,2
30898,20250818,2
31001,20251104,2
31018,20251026,2
30896,20251125,2
32212,20250802,1
30927,20251003,2
30918,20250929,2
31105,20251008,2
31429,20260102,2
30984,20251124,2
18632,20250817,1
31274,20251113,2
31019,20251208,2
32222,20251009,1
31846,20251028,1
21915,20251024,2
35003,20250730,2
31059,20260108,2
32277,20250928,1
28134,20251209,2
31138,20251205,2
18570,20250829,1
31904,20251128,1
30888,20250803,2
30992,20251202,2
12916,20251231,2
32216,20251009,1
31806,20251108,1
31751,20250929,1
32105,20250724,1
31078,20251127,2
30932,20251125,2
30888,20251229,2
30897,20251220,2
31274,20260106,2
31081,20250907,2
30915,20251025,2
30923,20251122,2
31860,20250911,1
18576,20250902,1
31887,20250926,1
31037,20250828,2
31805,20250822,1
31105,20250922,2
31806,20250905,1
31621,20251031,2
32457,20251119,1
32284,20251112,1
31090,20250817,2
31267,20250905,2
31777,20250803,1
31968,20250826,1
32271,20250830,1
31002,20251003,2
30888,20250802,2
31807,20250822,1
31979,20251011,1
32256,20251105,1
31018,20251114,2
30883,20251120,2
31751,20250920,1
30938,20251212,2
30920,20251106,2
18604,20250727,1
269,20251117,1
31271,20251128,2
30948,20250826,2
30987,20251128,2
31096,20250926,2
32271,20250908,1
31414,20260103,2
31526,20251114,2
31826,20250730,1
30932,20251227,2
18576,20251118,1
31876,20251124,1
30858,20250807,2
30886,20251112,2
31005,20251228,2
31621,20251117,2
31978,20250723,1
32090,20251006,1
30963,20251023,2
31270,20251113,2
32090,20250811,1
32323,20251104,1
30897,20251120,2
30885,20251030,2
31383,20251216,2
30963,20251001,2
31090,20250811,2
18630,20251031,1
30951,20250731,2
35003,20250818,2
18687,20250922,1
30929,20250924,2
31929,20250926,1
32457,20250818,1
30918,20251023,2
32226,20251108,1
30896,20250825,2
31090,20260109,2
31002,20251216,2
31904,20250813,1
31271,20251002,2
31807,20251106,1
31138,20250812,2
30894,20251007,2
31138,20251230,2
28134,20251017,2
31754,20251012,1
31817,20251127,1
18687,20250802,1
31050,20251231,2
31248,20260105,2
31820,20250831,1
21855,20251006,1
30973,20260102,2
31096,20250729,2
31876,20251004,1
32317,20250730,1
30904,20251002,2
1171,20250818,1
30970,20260102,2
30925,20251016,2
31009,20251220,2
30910,20251206,2
18576,20251121,1
31887,20251119,1
32214,20250801,1
30981,20251126,2
30952,20251108,2
31016,20260101,2
30923,20251223,2
30979,20251106,2
31081,20250805,2
35511,20251127,2
35511,20251006,2
31090,20250812,2
30902,20251020,2
31099,20251029,2
31001,20260101,2
31006,20250929,2
30922,20251018,2
31006,20250901,2
3668,20260406,2
31090,20250924,2
30864,20250816,2
31750,20251202,1
30977,20260101,2
30925,20251030,2
30900,20250921,2
31007,20251127,2
30993,20251121,2
31807,20251121,1
30927,20251212,2
31039,20250805,2
30901,20251025,2
31526,20251109,2
31138,20250823,2
30886,20251121,2
31040,20250821,2
35571,20250905,2
30925,20250807,2
30911,20260104,2
31968,20250724,1
31063,20251128,2
32325,20251117,1
31083,20251105,2
32065,20250921,1
31089,20250923,2
31274,20250926,2
31078,20251115,2
15537,20251231,1
32485,20251124,1
31820,20250915,1
31630,20251208,2
18573,20251219,1
30886,20250901,2
32485,20250927,1
30888,20251012,2
30994,20251026,2
30940,20250816,2
32140,20250927,1
36205,20250821,1
31078,20250928,2
32336,20250922,1
31629,20250920,2
31844,20250911,1
31904,20250902,1
18603,20251104,1
31096,20250930,2
31842,20251124,1
30929,20251011,2
32061,20250908,1
31613,20251208,2
30933,20250720,2
35152,20251201,2
30897,20250906,2
31266,20251211,2
31014,20251113,2
30912,20250903,2
31271,20251226,2
12637,20251105,2
30918,20251017,2
31346,20251215,2
32485,20250918,1
32139,20251205,1
30982,20251229,2
31267,20250821,2
31054,20250904,2
30898,20250903,2
30921,20251028,2
31001,20251012,2
14168,20260101,1
30907,20250908,2
30937,20251105,2
30964,20251113,2
32485,20250809,1
32316,20251122,1
31945,20251107,1
31846,20251108,1
31683,20251022,1
31253,20251216,2
30906,20251124,2
31532,20260104,2
32061,20251209,1
30951,20250806,2
11066,20251003,1
30910,20250825,2
32226,20251123,1
32271,20250831,1
31037,20250901,2
30901,20260109,2
32234,20250715,1
31805,20251126,1
31079,20251001,2
31846,20250816,1
30952,20251030,2
30858,20250820,2
18659,20250913,1
34843,20251009,2
32293,20250715,1
31096,20250907,2
30887,20250823,2
32273,20250817,1
30864,20250831,2
30937,20250903,2
32061,20251029,1
30952,20251114,2
31414,20251120,2
32277,20250802,1
28134,20251103,2
31081,20251104,2
31274,20251030,2
31063,20251029,2
30891,20260107,2
32259,20250929,1
31271,20251201,2
30900,20251230,2
30979,20251207,2
30857,20250824,2
31621,20250815,2
35571,20251104,2
1170,20251013,1
30901,20251008,2
18575,20251027,1
36283,20250825,2
31059,20251105,2
31002,20251108,2
28134,20251217,2
30925,20260103,2
30905,20251204,2
31857,20251208,1
269,20251103,1
30896,20251230,2
31005,20250829,2
31101,20250917,2
30912,20250912,2
32140,20251008,1
35511,20251210,2
31082,20250908,2
31274,20251222,2
31774,20251213,1
30903,20260106,2
28134,20251111,2
31774,20251023,1
31777,20251019,1
31079,20251220,2
31887,20250914,1
18657,20250812,1
12637,20251118,2
30915,20251002,2
30918,20251129,2
30858,20250814,2
30952,20250929,2
32271,20251102,1
18686,20251016,1
31618,20251004,2
31274,20251129,2
31002,20250920,2
18575,20251220,1
31774,20250921,1
31926,20251128,1
18572,20251221,1
32293,20250814,1
31847,20251206,1
32282,20251031,1
3814,20251225,2
30903,20251029,2
18670,20251105,1
30983,20251218,2
30993,20250901,2
30866,20250810,2
30925,20251106,2
31877,20250830,1
30918,20251111,2
32065,20250818,1
1180,20250717,1
31626,20260106,2
30865,20250826,2
31335,20250802,2
34891,20250807,2
31271,20251027,2
31621,20251213,2
31383,20251029,2
31978,20250805,1
31628,20260103,2
30903,20250914,2
31414,20251201,2
5664,20250825,2
31952,20250914,1
31335,20250918,2
31626,20251029,2
31629,20251009,2
30903,20250823,2
32282,20251212,1
31859,20251219,1
30862,20250813,2
18670,20251117,1
30993,20251219,2
32321,20250817,1
32061,20250731,1
30928,20251026,2
32139,20250829,1
31089,20250915,2
30984,20251218,2
30891,20251009,2
31006,20251214,2
18632,20251019,1
31059,20251019,2
30992,20251108,2
30907,20251005,2
21855,20251226,2
32457,20251015,1
30993,20250925,2
31414,20251210,2
30975,20260107,2
31002,20250829,2
30979,20251124,2
31751,20250822,1
30925,20251005,2
31090,20251106,2
30982,20251127,2
32334,20250828,1
31968,20250907,1
34856,20251201,2
31005,20251214,2
31050,20251019,2
31008,20250922,2
30918,20251122,2
31346,20251105,2
35571,20251002,2
30867,20250802,2
35571,20251024,2
31621,20251212,2
30910,20251004,2
31621,20250921,2
30992,20260101,2
30971,20251212,2
32188,20251116,1
31846,20251020,1
30886,20251021,2
30973,20260110,2
30963,20251007,2
20,20251224,2
32105,20250905,1
31414,20251020,2
30969,20251113,2
31779,20251024,1
30907,20251219,2
32485,20251118,1
31385,20251118,2
30965,20251113,2
30931,20251129,2
31840,20251103,1
32209,20251010,1
30889,20250907,2
18636,20251210,1
30910,20250910,2
31010,20260104,2
31821,20250915,1
30904,20251211,2
31078,20251220,2
1186,20251230,1
31615,20251001,2
31082,20251110,2
32517,20250829,1
36345,20250904,2
30965,20251219,2
31887,20251002,1
31842,20250811,1
30901,20251223,2
31018,20251013,2
30915,20250727,2
18572,20251220,1
30965,20251028,2
18657,20250820,1
31414,20250722,2
30951,20251002,2
30931,20251205,2
32325,20250816,1
31082,20251209,2
31887,20250727,1
30981,20251125,2
12640,20251023,1
31099,20250830,2
31274,20251226,2
30912,20250918,2
30976,20251222,2
12640,20251022,1
30965,20251009,2
31844,20251211,1
31089,20250926,2
30933,20250725,2
32485,20250903,1
31059,20251122,2
31732,20250929,1
18659,20251018,1
34788,20250825,2
31082,20250825,2
31698,20251026,1
32325,20251120,1
31876,20251216,1
31346,20251015,2
18604,20250901,1
31001,20260106,2
32208,20250912,1
31000,20251025,2
31887,20250901,1
31871,20251027,1
31000,20251220,2
30910,20250823,2
30927,20251105,2
30887,20251010,2
32212,20250922,1
30863,20250822,2
31335,20251218,2
30929,20251023,2
31855,20250918,1
30931,20251127,2
32140,20250721,1
31805,20251101,1
31806,20250719,1
32325,20250810,1
30897,20251016,2
30927,20251211,2
12637,20250910,2
27961,20251002,1
31979,20250922,1
30898,20251103,2
268,20250722,2
31389,20251219,2
31007,20251221,2
31776,20250909,1
12714,20251006,2
30886,20251029,2
31082,20251221,2
31078,20251024,2
12714,20250728,2
32325,20250911,1
31050,20251124,2
30987,20251112,2
31846,20250907,1
32485,20251213,1
17191,20260101,2
30984,20251209,2
31138,20260110,2
31847,20250907,1
31054,20251129,2
30889,20251216,2
31099,20251120,2
31630,20260108,2
31821,20250802,1
21855,20251219,1
30903,20251012,2
31006,20250927,2
30904,20251230,2
31779,20251212,1
18572,20250920,1
35571,20251119,2
32066,20250801,1
31037,20250718,2
30928,20251229,2
31876,20250930,1
18575,20250923,1
30993,20251127,2
30986,20251206,2
31138,20251102,2
30916,20251023,2
31751,20251127,1
31981,20251029,1
31776,20250930,1
31855,20251008,1
31686,20250810,1
30902,20251108,2
32325,20251010,1
31019,20251202,2
31805,20250728,1
31876,20251021,1
31014,20260107,2
31808,20250802,1
32293,20250820,1
32401,20250801,1
31267,20251205,2
32271,20251114,1
31855,20251030,1
31666,20260101,2
31806,20251031,1
31521,20251217,2
31623,20251113,2
31979,20250930,1
31383,20251031,2
31750,20251207,1
34843,20250805,1
15536,20260101,1
32222,20251218,1
31876,20251214,1
30989,20251211,2
18576,20250816,1
32188,20250920,1
31968,20250717,1
32317,20251006,1
32273,20251019,1
31105,20251018,2
21855,20250924,1
31979,20251122,1
30898,20251105,2
31785,20250802,1
31904,20251008,1
30888,20250817,2
31774,20250830,1
31629,20251101,2
31688,20250815,1
30921,20260104,2
31105,20251204,2
31206,20260103,2
31629,20260109,2
31774,20250717,1
35003,20251201,2
35511,20250716,2
31968,20251122,1
30949,20250831,2
32169,20250724,1
30915,20251005,2
31005,20250908,2
30891,20251002,2
31009,20260110,2
31054,20250812,2
31054,20250805,2
31083,20251113,2
32105,20251003,1
30890,20251220,2
31086,20250921,2
31082,20250915,2
31105,20250901,2
31630,20251116,2
31346,20250808,2
30889,20251212,2
31274,20260103,2
30964,20260107,2
31626,20250930,2
31346,20250802,2
30970,20251218,2
31006,20251201,2
30971,20251201,2
30997,20251221,2
31805,20251112,1
31754,20250907,1
31968,20251117,1
30965,20250921,2
31090,20260107,2
31968,20250917,1
36345,20250925,2
30929,20250923,2
31683,20251014,1
30916,20250810,2
30963,20251005,2
31671,20260403,1
31385,20260109,2
32334,20250806,1
30982,20251108,2
31005,20250827,2
32090,20251106,1
31050,20260102,2
30921,20251029,2
31001,20251007,2
31618,20251029,2
30986,20251101,2
30988,20260104,2
1186,20251029,1
31083,20251204,2
30910,20250911,2
31871,20251115,1
18576,20250917,1
32336,20251201,1
31621,20250902,2
12637,20250916,2
31253,20251225,2
31267,20251112,2
31615,20250812,2
31006,20260103,2
31887,20250923,1
30898,20250921,2
32336,20250813,1
30979,20251127,2
31629,20251106,2
14802,20251127,1
32336,20250820,1
32325,20251108,1
32066,20251024,1
31081,20251229,2
31096,20251203,2
31248,20251218,2
31806,20250902,1
31059,20251112,2
32226,20251101,1
31063,20260105,2
30886,20250921,2
14785,20251031,2
31089,20251031,2
14802,20251010,1
36284,20251201,2
31005,20251105,2
31968,20250928,1
31333,20251225,2
269,20250902,1
30952,20250821,2
30932,20251014,2
32485,20250822,1
12714,20251212,2
18636,20251128,1
30992,20251109,2
30969,20251201,2
31274,20251231,2
31968,20250809,1
31090,20250930,2
32120,20250804,1
31618,20251002,2
31090,20250818,2
30998,20250926,2
30926,20251223,2
31776,20251113,1
18659,20251204,1
31855,20250903,1
30963,20251013,2
32282,20251208,1
31751,20251012,1
31099,20250821,2
30915,20250928,2
32169,20250717,1
31618,20260104,2
31805,20250730,1
30888,20251015,2
30982,20251224,2
32325,20250826,1
32326,20251014,1
31832,20250824,1
30900,20251217,2
31002,20251119,2
32061,20250829,1
18604,20250818,1
32090,20250725,1
30938,20251111,2
31018,20251203,2
31079,20250815,2
31855,20251001,1
31414,20250801,2
30901,20250927,2
31009,20251211,2
31932,20251017,1
31860,20251216,1
31038,20250725,2
31840,20251020,1
30914,20251115,2
32323,20251006,1
18602,20251002,1
18688,20250717,1
31817,20251118,1
31335,20251120,2
21915,20251125,2
87,20251226,2
30993,20251205,2
31860,20250828,1
32485,20251211,1
32120,20250725,1
31270,20251102,2
30952,20260106,2
31099,20250809,2
30863,20250815,2
31054,20260107,2
30906,20251128,2
30986,20260104,2
30902,20251003,2
12637,20251016,2
30979,20251128,2
32334,20250726,1
31001,20250905,2
18636,20250915,1
31016,20251211,2
30914,20251224,2
32222,20251106,1
30933,20251211,2
31079,20251207,2
31629,20251004,2
31887,20251116,1
31099,20250822,2
31089,20251217,2
31812,20250722,1
30916,20251015,2
31078,20251118,2
32271,20251004,1
18687,20251123,1
31335,20251020,2
18686,20250718,1
31933,20251104,1
30998,20250823,2
31887,20251016,1
30916,20251216,2
30910,20251208,2
21092,20260101,2
31808,20251109,1
31979,20250921,1
34917,20250828,2
30936,20251026,2
31019,20260103,2
31698,20250803,1
31335,20250729,2
31050,20251026,2
32293,20251126,1
35089,20250904,2
30937,20260103,2
30931,20251227,2
31806,20251116,1
31002,20251118,2
31138,20251216,2
30926,20251230,2
31979,20250808,1
32317,20251203,1
31052,20260103,2
18632,20251122,1
31001,20251204,2
31811,20250811,1
32164,20250918,1
30898,20250830,2
31082,20251016,2
31005,20251222,2
31099,20251115,2
31078,20250914,2
30908,20251123,2
30987,20260106,2
30898,20250911,2
31086,20250914,2
31618,20250929,2
30993,20250904,2
32140,20250729,1
31688,20251031,1
31041,20251221,2
30915,20251020,2
31253,20251220,2
30903,20250819,2
32271,20251220,1
32166,20251108,1
30910,20250822,2
31089,20251102,2
30883,20251110,2
31385,20251205,2
30885,20251027,2
30927,20250804,2
30933,20250804,2
31101,20251118,2
31807,20250919,1
31270,20251130,2
31105,20251225,2
30973,20251223,2
32061,20250831,1
30985,20251204,2
30907,20251009,2
30883,20260109,2
269,20251016,1
32325,20250930,1
30896,20250728,2
31006,20251003,2
18670,20251008,1
32061,20250827,1
31010,20251022,2
32139,20250929,1
32140,20250724,1
31082,20251005,2
18659,20250925,1
31532,20251102,2
31772,20251114,1
31086,20251007,2
30926,20251212,2
31686,20251109,1
14802,20251107,1
31621,20250918,2
30903,20250802,2
32271,20250803,1
18575,20251209,1
18570,20250929,1
35571,20251030,2
18686,20251217,1
30986,20251226,2
31081,20251227,2
30952,20251027,2
30888,20250823,2
32336,20251217,1
31078,20250907,2
18573,20251006,1
31008,20250729,2
18570,20251017,1
32334,20250904,1
32065,20250817,1
31608,20251112,2
31008,20250827,2
30997,20251226,2
30938,20251125,2
30925,20250804,2
30888,20251014,2
31772,20251125,1
30895,20260108,2
31267,20250919,2
1173,20260403,2
30916,20250911,2
31807,20250905,1
18569,20251211,1
32066,20250726,1
19,20251224,2
30992,20251227,2
30905,20251121,2
31877,20251011,1
31007,20251107,2
31266,20251202,2
31267,20250930,2
31090,20250928,2
31138,20250826,2
30965,20250828,2
34979,20250804,2
30886,20251215,2
31009,20251105,2
35075,20250731,2
18659,20250804,1
31105,20251211,2
31006,20250902,2
30923,20251114,2
31082,20250829,2
30907,20251012,2
31096,20250915,2
30884,20251215,2
31089,20251203,2
31623,20251102,2
30969,20251102,2
30964,20251016,2
32326,20251001,1
30931,20251213,2
30907,20251121,2
30894,20250929,2
31871,20250728,1
31933,20250819,1
31099,20250901,2
30859,20250815,2
32061,20250719,1
31105,20250909,2
30923,20251128,2
31860,20250805,1
31774,20250914,1
30896,20260105,2
31050,20250821,2
21855,20251003,1
30993,20250929,2
30964,20251017,2
30922,20251107,2
31061,20250831,2
31019,20260106,2
32188,20251206,1
31086,20251011,2
31750,20251214,1
32228,20251130,1
30923,20251221,2
30928,20251127,2
30902,20250925,2
31105,20251210,2
34917,20250820,2
32271,20250718,1
32090,20250914,1
30934,20251128,2
30942,20250807,2
32164,20251117,1
18602,20250723,1
31006,20250716,2
30896,20250912,2
32259,20251111,1
31102,20251213,2
30951,20251005,2
31014,20251030,2
32226,20251129,1
31683,20250918,1
31751,20250717,1
31089,20251117,2
35075,20250923,2
12662,20260403,2
1171,20251226,2
31887,20251013,1
31078,20250923,2
31090,20251213,2
30904,20251127,2
30938,20251228,2
30866,20250827,2
31779,20250801,1
31269,20251213,2
31009,20250909,2
32336,20251105,1
34842,20250807,2
31688,20251107,1
31844,20250725,1
30926,20251011,2
31007,20250922,2
31099,20250808,2
30927,20251029,2
31754,20251115,1
31078,20250814,2
34917,20251027,2
30886,20250907,2
30859,20250822,2
31086,20251006,2
31847,20251012,1
30933,20250916,2
31096,20260103,2
31846,20250927,1
14782,20251224,2
32334,20251110,1
30894,20251005,2
31014,20251106,2
31981,20251219,1
32225,20251028,1
30932,20251017,2
32166,20250726,1
32259,20251004,1
32401,20250728,1
31014,20251222,2
30893,20260106,2
31019,20251231,2
30981,20251116,2
31772,20250924,1
30982,20260104,2
31808,20251012,1
31008,20250725,2
31630,20251021,2
30918,20251102,2
31079,20251020,2
30886,20250821,2
18603,20251012,1
1170,20250918,1
31099,20251011,2
31035,20260108,2
18575,20250810,1
31389,20251225,2
32275,20251009,1
32139,20250731,1
30993,20251021,2
31089,20251009,2
31388,20260105,2
32061,20251030,1
30886,20251103,2
31750,20251027,1
32284,20251218,1
31383,20251111,2
30938,20251215,2
19,20260403,2
31082,20250909,2
31099,20251108,2
31252,20251224,2
31040,20250820,2
30937,20251031,2
31968,20251210,1
31050,20250812,2
31979,20251008,1
31000,20251101,2
30910,20260102,2
14802,20251015,1
35571,20251120,2
30888,20251022,2
18576,20250905,1
31424,20260106,2
30937,20250904,2
14802,20251007,1
30921,20251026,2
31335,20251231,2
31618,20250919,2
30964,20251014,2
31054,20250909,2
32485,20250808,1
31008,20251019,2
31096,20251022,2
30888,20251206,2
35511,20250919,2
30923,20251117,2
31389,20251217,2
32228,20250816,1
31904,20251028,1
30986,20251214,2
30904,20250823,2
32228,20250808,1
32208,20251212,1
31772,20250821,1
30894,20251209,2
36345,20251022,2
30973,20251227,2
18603,20250927,1
30910,20250818,2
30884,20251127,2
31772,20250923,1
30936,20251201,2
31335,20251027,2
30898,20250805,2
30964,20250811,2
31267,20251217,2
30903,20251104,2
32188,20250927,1
30885,20251226,2
32064,20251104,1
30976,20260104,2
30963,20251123,2
31061,20260107,2
32225,20251113,1
31630,20260106,2
31054,20251013,2
32318,20250914,1
31082,20260102,2
30984,20251115,2
31981,20251003,1
32225,20251118,1
31335,20251108,2
31806,20250808,1
32319,20250807,1
35075,20251217,2
31805,20251202,1
30906,20251209,2
30889,20250831,2
18592,20251204,1
18688,20251001,1
35571,20250925,2
31628,20260110,2
32457,20251028,1
30894,20251010,2
30984,20251123,2
1171,20250731,1
18632,20251123,1
31082,20250818,2
30927,20260101,2
30901,20250818,2
31038,20250824,2
18569,20250819,1
32273,20250816,1
30889,20251130,2
34917,20251031,2
31806,20250816,1
18636,20251126,1
31009,20251006,2
35089,20251112,2
31429,20251229,2
32317,20251103,1
31010,20260106,2
31090,20251002,2
30910,20250831,2
31842,20251117,1
30900,20251027,2
32273,20251128,1
31272,20260105,2
31976,20250807,1
31006,20250719,2
30952,20250906,2
31887,20251124,1
18570,20250823,1
30896,20251210,2
18575,20251108,1
31772,20250904,1
1171,20250729,1
18688,20250823,1
31945,20250912,1
31270,20260106,2
31005,20251019,2
31346,20250806,2
18670,20250925,1
30952,20251013,2
32164,20251111,1
30947,20250818,2
30898,20250920,2
14802,20250909,1
31772,20250804,1
30992,20250930,2
31002,20251019,2
32210,20250828,1
31054,20251124,2
31272,20251210,2
31267,20251028,2
18570,20251130,1
31686,20250915,1
31526,20251127,2
18657,20250915,1
30998,20251220,2
31981,20251105,1
32212,20251026,1
30936,20250813,2
18575,20251014,1
31035,20251225,2
31389,20251127,2
31096,20250804,2
31615,20250821,2
30993,20251224,2
32334,20250804,1
31002,20251101,2
34917,20251030,2
32318,20250727,1
31101,20250913,2
30886,20251018,2
31061,20251222,2
32188,20251110,1
35075,20250821,2
30929,20251126,2
32326,20250723,1
31613,20251229,2
31079,20251103,2
30896,20250721,2
18636,20251024,1
35075,20251115,2
31687,20250929,1
31038,20250722,2
31621,20251108,2
14802,20251014,1
31385,20260106,2
31005,20251016,2
30942,20250812,2
17180,20251224,1
12714,20250923,2
31860,20250731,1
32090,20251107,1
31691,20251024,1
31981,20251104,1
31018,20251126,2
30886,20250805,2
30902,20251120,2
30979,20251221,2
264,20260406,2
31621,20251001,2
18670,20250730,1
31006,20251210,2
30896,20251114,2
30894,20250917,2
31005,20251027,2
32271,20251123,1
30897,20250913,2
30933,20251220,2
34866,20250804,2
30970,20251204,2
269,20251224,2
32336,20250721,1
31613,20251203,2
32401,20250726,1
32457,20251021,1
32061,20250906,1
30890,20251109,2
30931,20251027,2
31099,20251014,2
30901,20251230,2
31904,20250730,1
32217,20250818,1
30995,20251227,2
32259,20250830,1
30915,20251204,2
31698,20251025,1
30928,20251220,2
32293,20251020,1
31926,20250929,1
31968,20250810,1
31018,20251027,2
31081,20250809,2
30914,20251107,2
32334,20250928,1
32090,20251021,1
32061,20250803,1
32273,20250901,1
31629,20251123,2
32065,20251008,1
31096,20250928,2
31083,20251222,2
31090,20251008,2
31628,20251217,2
31078,20251124,2
867,20260406,2
30923,20251226,2
30938,20251130,2
30936,20251029,2
31751,20250803,1
30965,20250912,2
30981,20251115,2
31105,20250808,2
30993,20251220,2
32066,20250810,1
18603,20251208,1
30888,20251209,2
30998,20250819,2
31841,20250822,1
30886,20251120,2
31082,20251230,2
31412,20251203,2
31806,20251103,1
30888,20260107,2
30901,20250815,2
31018,20251030,2
31687,20251012,1
18632,20251116,1
31629,20251006,2
32277,20250906,1
31623,20251125,2
31008,20250905,2
31626,20251223,2
31628,20251125,2
30905,20251216,2
30901,20251118,2
30905,20251226,2
35075,20250813,2
32208,20250728,1
30887,20250909,2
30925,20251222,2
30923,20251218,2
14802,20250721,1
31346,20250722,2
31869,20251124,1
30992,20250813,2
18569,20250806,1
30951,20250803,2
31618,20251203,2
30932,20250813,2
32066,20251103,1
31630,20251009,2
31904,20250809,1
35642,20251027,1
30900,20250919,2
31846,20251109,1
31750,20250810,1
31086,20251122,2
31096,20251225,2
30910,20260104,2
31857,20251220,1
21915,20251218,2
31138,20251018,2
31832,20250822,1
30952,20251102,2
31037,20250810,2
32323,20251016,1
31083,20251112,2
31079,20251030,2
30952,20260104,2
30947,20250810,2
35511,20251008,2
31050,20260101,2
18657,20250922,1
34898,20250804,2
18573,20251114,1
31010,20251030,2
30970,20260104,2
18688,20251004,1
30925,20251203,2
31666,20251231,2
31078,20251015,2
269,20251114,1
35075,20251212,2
31083,20251104,2
32222,20250814,1
30998,20251007,2
31054,20251006,2
31059,20251117,2
31754,20250831,1
31979,20250903,1
32120,20250803,1
31052,20260104,2
31869,20250929,1
30933,20250826,2
31079,20251117,2
32325,20250814,1
31629,20251002,2
31099,20250929,2
5664,20251224,2
31267,20251019,2
31414,20260104,2
30964,20250926,2
31008,20250821,2
36207,20251031,2
30910,20251128,2
30883,20251003,2
34975,20250804,2
30940,20250727,2
31926,20250803,1
30981,20251022,2
30921,20251117,2
31082,20251203,2
18592,20251113,1
30929,20251027,2
32222,20250805,1
32105,20251114,1
18575,20250719,1
18687,20250903,1
31105,20250823,2
32293,20251127,1
31089,20251223,2
31016,20251205,2
31039,20250830,2
31608,20251117,2
30934,20251112,2
30952,20250811,2
18688,20250930,1
31621,20251024,2
31846,20251013,1
31615,20250918,2
31981,20251017,1
30915,20251027,2
31808,20250927,1
32064,20251007,1
31621,20250802,2
18688,20250923,1
32485,20251025,1
30992,20251020,2
35642,20251130,2
18632,20251115,1
18592,20250820,1
31138,20251229,2
31626,20251108,2
31082,20250805,2
35089,20251223,2
31082,20251210,2
12635,20251231,2
32271,20251108,1
31887,20251025,1
31811,20250829,1
31630,20251202,2
30964,20251020,2
30889,20250830,2
31040,20250812,2
31846,20250831,1
30920,20251029,2
30916,20251229,2
30936,20251205,2
32208,20250804,1
18576,20250912,1
31009,20251124,2
31618,20250905,2
32061,20250901,1
34889,20250813,2
31630,20251219,2
30906,20251202,2
30976,20251126,2
18575,20250905,1
30925,20251226,2
30901,20251024,2
30885,20251005,2
30940,20250826,2
30897,20250823,2
30900,20250923,2
31083,20251003,2
27962,20250910,1
30951,20251015,2
31002,20251230,2
1170,20251002,1
18688,20251201,1
18575,20251202,1
35571,20250908,2
30862,20250830,2
31000,20251122,2
30951,20250826,2
31243,20251215,2
30922,20250807,2
30858,20250727,2
31061,20251201,2
30936,20250806,2
31335,20251230,2
18630,20251212,1
30937,20251214,2
30923,20251118,2
30907,20251201,2
30951,20251118,2
269,20251120,1
30923,20251103,2
31063,20251122,2
35075,20250719,2
35003,20250805,2
27960,20251111,1
18576,20250920,1
31050,20251123,2
12714,20251119,2
30973,20251204,2
34889,20250730,2
35075,20250720,2
30932,20250912,2
31081,20251025,2
31621,20251127,2
31001,20251124,2
31968,20251015,1
30922,20250816,2
30973,20251221,2
31206,20260105,2
30998,20250905,2
31138,20251002,2
32139,20251213,1
35571,20251023,2
31694,20251221,1
30894,20251029,2
31008,20260101,2
31050,20251125,2
21855,20251110,1
32401,20250720,1
31005,20251004,2
32164,20251029,1
31078,20250818,2
31772,20251014,1
34842,20250729,2
31078,20251226,2
30926,20250929,2
31618,20251202,2
30981,20250930,2
30906,20251205,2
31002,20251127,2
31050,20250801,2
30907,20250817,2
18670,20251204,1
31050,20251017,2
32326,20251126,1
30987,20260101,2
31252,20260106,2
30888,20250918,2
31002,20251120,2
31860,20250812,1
31621,20251112,2
31082,20250830,2
31271,20251118,2
31385,20260102,2
30987,20251208,2
30907,20250918,2
30858,20250804,2
35089,20250917,2
32457,20250924,1
32326,20251113,1
31926,20251110,1
31751,20250721,1
31932,20251010,1
30857,20250726,2
32256,20250811,1
31816,20250913,1
32485,20250716,1
31039,20250814,2
30932,20251122,2
32293,20250719,1
32319,20250716,1
5664,20251231,1
18687,20250929,1
30896,20250818,2
32228,20251005,1
32064,20250928,1
31687,20250823,1
31005,20250728,2
30998,20251013,2
31079,20250920,2
34888,20250825,2
30976,20251121,2
31812,20250730,1
18670,20250721,1
31007,20251123,2
30887,20250808,2
30914,20251130,2
18688,20250922,1
32139,20251112,1
30920,20251104,2
31968,20251007,1
32323,20251026,1
32027,20250922,1
31082,20250912,2
30938,20251126,2
30908,20251121,2
31082,20250817,2
30888,20250825,2
31887,20251024,1
31615,20250813,2
30936,20251106,2
18569,20251105,1
30890,20251119,2
30903,20251226,2
31079,20251218,2
30889,20251129,2
35075,20251219,2
30981,20251219,2
30951,20251217,2
30888,20251020,2
31079,20251006,2
30896,20250816,2
31626,20251229,2
30992,20251012,2
31001,20250926,2
31081,20250813,2
32317,20251028,1
1170,20250903,1
31039,20250813,2
18570,20251031,1
31691,20251017,1
18636,20250813,1
30905,20251115,2
30884,20251230,2
31271,20251031,2
30898,20250815,2
30998,20251031,2
30921,20251206,2
31979,20251127,1
31615,20250816,2
30883,20251028,2
31081,20251130,2
31846,20251006,1
12639,20250718,1
30933,20251017,2
30902,20251028,2
31267,20251122,2
32061,20251107,1
30912,20251108,2
30963,20251203,2
30952,20251015,2
31061,20250930,2
30916,20251126,2
30885,20251213,2
31887,20251027,1
36345,20250826,1
31613,20251209,2
30936,20251230,2
30986,20260102,2
30952,20251112,2
31621,20250829,2
32061,20251024,1
30929,20251128,2
31008,20251207,2
30998,20250807,2
30904,20250923,2
32065,20250726,1
32325,20251031,1
32317,20250826,1
31978,20250717,1
31005,20251229,2
30980,20251203,2
32139,20250923,1
30925,20250823,2
18687,20250821,1
31054,20250902,2
30971,20251025,2
30987,20251203,2
31335,20251012,2
18688,20250827,1
32208,20251013,1
32222,20251203,1
34890,20250825,2
31007,20251115,2
31041,20260109,2
31615,20250827,2
31346,20251116,2
30898,20250907,2
32293,20251128,1
18573,20250815,1
14784,20250926,2
32027,20250814,1
31687,20250921,1
18575,20250824,1
31978,20250731,1
30915,20250805,2
31102,20251215,2
31750,20251216,1
31005,20251029,2
1186,20250815,1
31774,20250925,1
30926,20251229,2
31751,20251210,1
32273,20251212,1
31102,20251207,2
30884,20251119,2
30902,20251213,2
31274,20251031,2
30923,20251204,2
31243,20251218,2
31887,20251022,1
30910,20250826,2
30965,20251014,2
30907,20250823,2
30998,20250806,2
32817,20250827,1
34891,20251030,2
269,20250925,1
30992,20250905,2
30947,20250812,2
18603,20251006,1
31099,20251016,2
30965,20260109,2
30915,20250904,2
31079,20251128,2
32587,20251005,1
32208,20250901,1
27961,20251120,1
30910,20250815,2
31844,20250718,1
32064,20250811,1
31690,20251206,1
30965,20260106,2
21092,20251224,2
28134,20251016,2
32317,20251004,1
30883,20260101,2
32271,20251027,1
31630,20251229,2
31206,20260104,2
31414,20251223,2
31018,20250901,2
30910,20251008,2
31521,20251102,2
31904,20251104,1
31054,20260108,2
32066,20250824,1
31772,20250813,1
30914,20251124,2
30922,20251017,2
31774,20251026,1
30906,20251106,2
31615,20250911,2
14802,20250905,1
31904,20251215,1
30986,20251204,2
30894,20251017,2
30898,20251026,2
31808,20251101,1
32218,20250919,1
31002,20250825,2
30921,20251228,2
30918,20250921,2
30937,20250901,2
32064,20251112,1
30993,20250905,2
31621,20250824,2
30994,20251111,2
31333,20260105,2
31751,20250925,1
31806,20250911,1
31618,20250909,2
31842,20251114,1
31018,20251127,2
31779,20250718,1
31018,20260107,2
30933,20250828,2
32164,20250804,1
32818,20250823,1
30920,20251027,2
30908,20251205,2
30965,20250830,2
30907,20250830,2
35089,20250824,2
36204,20250825,2
31050,20251225,2
30927,20251230,2
31082,20251107,2
30908,20251214,2
15538,20250825,1
30923,20251004,2
31618,20251107,2
31092,20260106,2
31754,20250824,1
30883,20251118,2
31041,20251002,2
30904,20251025,2
31271,20251006,2
32061,20251004,1
31981,20251023,1
30891,20251114,2
32218,20251129,1
31267,20251031,2
30897,20251017,2
30904,20250827,2
30983,20251222,2
31056,20251221,2
31424,20260109,2
35075,20251018,2
31683,20251105,1
30965,20250825,2
30883,20251011,2
17484,20251225,2
31807,20251203,1
31038,20250831,2
31005,20250930,2
31018,20250906,2
31054,20250913,2
18592,20251118,1
30933,20251011,2
30904,20250815,2
32027,20251021,1
35089,20251123,2
30926,20251022,2
18688,20251111,1
30993,20250828,2
31018,20260101,2
30922,20250929,2
30942,20250804,2
30992,20250901,2
31046,20251229,2
32318,20250823,1
31089,20251014,2
32317,20250824,1
867,20250825,2
32323,20251204,1
32140,20250919,1
18602,20251001,1
32275,20251209,1
31033,20250830,2
30925,20250913,2
30994,20251209,2
32227,20250726,1
30998,20251201,2
31855,20250722,1
31968,20251215,1
32140,20251116,1
30894,20250909,2
31010,20251225,2
32326,20250805,1
32334,20251117,1
31926,20251017,1
30996,20251230,2
31006,20251030,2
31082,20251006,2
31014,20260102,2
30906,20251116,2
31271,20251016,2
18636,20251017,1
30885,20260104,2
30858,20250724,2
30889,20251012,2
31038,20250827,2
30901,20251217,2
32139,20250906,1
31061,20250802,2
31424,20260102,2
31040,20250828,2
36342,20250807,2
31618,20251113,2
31206,20251229,2
32287,20250906,1
1180,20250715,1
31061,20251108,2
31008,20251009,2
30915,20250914,2
30915,20250821,2
31086,20260102,2
31981,20251211,1
31608,20251215,2
31621,20250910,2
30943,20250821,2
31105,20251026,2
12637,20251120,2
12714,20250718,2
30964,20250723,2
18569,20251008,1
31335,20250807,2
31266,20251219,2
31082,20251124,2
31526,20251225,2
30866,20250803,2
18592,20251202,1
32259,20250804,1
31008,20251231,2
1186,20250821,1
30976,20251129,2
30903,20250907,2
30922,20250802,2
30894,20251218,2
31630,20251018,2
31041,20251023,2
31750,20251001,1
31274,20251005,2
30923,20251220,2
31808,20251116,1
30867,20250718,2
30887,20251006,2
31138,20250821,2
14802,20251217,1
18686,20250724,1
31063,20251229,2
30982,20251217,2
30867,20250818,2
31041,20260102,2
30916,20250812,2
31981,20250817,1
31079,20251031,2
31876,20250923,1
30952,20250815,2
31846,20250913,1
31054,20250826,2
18657,20251103,1
31805,20251023,1
34843,20250729,1
31526,20251115,2
31532,20251108,2
32065,20251010,1
31968,20250823,1
30928,20251116,2
30993,20251204,2
30936,20250905,2
31101,20260108,2
31083,20251217,2
30936,20251229,2
31618,20251128,2
30889,20260110,2
30993,20250831,2
32588,20251012,1
31105,20260102,2
31016,20260102,2
31952,20251012,1
30947,20250815,2
30951,20251009,2
30907,20250803,2
30902,20251112,2
30896,20251126,2
12714,20250802,2
31847,20251005,1
31138,20251127,2
31926,20250926,1
31981,20250918,1
30998,20250826,2
30992,20251030,2
30927,20251201,2
31335,20251227,2
30891,20250731,2
31001,20251207,2
30857,20250812,2
31806,20251014,1
30933,20251221,2
35089,20250922,2
14783,20251224,2
31269,20260110,2
18575,20250818,1
18575,20251122,1
19,20250825,2
31078,20250809,2
31904,20250720,1
31096,20251029,2
30901,20251228,2
31686,20250927,1
14802,20251215,1
31018,20251206,2
30918,20250912,2
30907,20250912,2
31027,20250826,2
30901,20250726,2
34976,20250829,1
32066,20250814,1
14128,20260406,1
30886,20260106,2
32188,20250913,1
32065,20251111,1
31007,20251217,2
30903,20251227,2
30901,20251107,2
31335,20250731,2
31750,20251019,1
31089,20250831,2
32485,20250919,1
30923,20251008,2
31774,20250727,1
31979,20251207,1
30897,20250813,2
31089,20251016,2
30912,20250802,2
31089,20251116,2
21915,20250929,2
30998,20251101,2
30907,20251225,2
18602,20251010,1
32226,20250920,1
31023,20251208,2
31090,20251114,2
30964,20251219,2
30985,20251224,2
30916,20251101,2
30905,20251130,2
30984,20251101,2
30904,20260106,2
32325,20251004,1
18686,20250827,1
32066,20251203,1
31052,20251230,2
36205,20251201,2
30937,20251029,2
31750,20250919,1
30985,20251123,2
18592,20250901,1
35089,20250730,2
32225,20251022,1
30937,20251203,2
31061,20260108,2
32457,20250902,1
30859,20250809,2
30987,20251205,2
32164,20251210,1
31010,20251226,2
31805,20251204,1
31776,20250826,1
31816,20250720,1
32065,20250801,1
32273,20250926,1
31138,20251203,2
31615,20251229,2
30900,20251206,2
30896,20251117,2
32315,20250726,1
31521,20260107,2
31414,20250823,2
30964,20250824,2
31090,20251206,2
30887,20260102,2
30964,20250912,2
35075,20251009,2
32256,20250828,1
31082,20260101,2
30884,20251027,2
35511,20251105,2
30951,20251220,2
31001,20251206,2
40,20251225,2
32322,20250801,1
32188,20250922,1
32293,20250911,1
31138,20251213,2
30983,20251227,2
31083,20251220,2
31253,20251214,2
30943,20250817,2
30931,20251215,2
31253,20251226,2
31083,20260108,2
30936,20251227,2
30918,20251206,2
31904,20250816,1
32140,20251031,1
31105,20251220,2
14785,20250806,2
31270,20251228,2
31014,20251105,2
18570,20251219,1
30902,20250920,2
32066,20250901,1
31807,20250807,1
31138,20251207,2
18689,20251121,1
31086,20250814,2
31750,20250916,1
30885,20251230,2
31722,20250811,1
31007,20250910,2
31090,20251103,2
30896,20251016,2
31904,20250920,1
34975,20250730,2
31039,20250824,2
30923,20250908,2
34843,20251003,2
31777,20251213,1
31099,20251013,2
31002,20251001,2
31805,20251117,1
31526,20251219,2
32164,20251217,1
31008,20250715,2
30964,20251228,2
30891,20250808,2
31078,20251001,2
18576,20251007,1
32228,20251101,1
34917,20250825,2
31024,20251202,2
32316,20250802,1
32066,20250913,1
30893,20260108,2
31050,20251213,2
32064,20251212,1
31869,20250719,1
31335,20250829,2
20,20260406,2
32222,20251016,1
30992,20251226,2
30952,20250802,2
32277,20251117,1
31061,20251016,2
30898,20250817,2
30984,20251207,2
30863,20250731,2
32336,20251016,1
31081,20250906,2
30988,20260106,2
30933,20250910,2
30949,20250807,2
36205,20250812,1
18659,20251118,1
30896,20251220,2
31099,20250919,2
31385,20251228,2
31243,20251210,2
21915,20250716,2
31414,20250831,2
12637,20251021,2
30993,20250805,2
31788,20250725,1
30993,20251125,2
31039,20250803,2
32401,20250721,1
30896,20250919,2
32064,20251006,1
35075,20251023,2
18670,20250923,1
31274,20251215,2
31335,20251002,2
32164,20251208,1
30905,20250930,2
31979,20250914,1
31006,20251221,2
32284,20250923,1
30994,20260105,2
32066,20250730,1
18684,20250727,1
30969,20251226,2
31096,20250831,2
30887,20251127,2
30884,20251114,2
30964,20250804,2
31981,20251207,1
30915,20251227,2
30929,20251215,2
31774,20251106,1
30952,20251110,2
30903,20260101,2
287,20250722,1
30965,20251119,2
31978,20250808,1
31621,20251122,2
31926,20251006,1
31000,20251114,2
30898,20250810,2
32273,20251026,1
30993,20250917,2
31271,20251228,2
31061,20251125,2
31805,20251005,1
31009,20251118,2
21915,20250904,2
31817,20251112,1
32293,20251104,1
30973,20251210,2
32334,20251016,1
268,20250925,2
264,20251231,2
30992,20250903,2
30897,20251207,2
30915,20250910,2
4376,20260101,1
31857,20250818,1
31079,20251130,2
31089,20250804,2
30914,20251129,2
30923,20251127,2
30912,20250901,2
31532,20251226,2
15540,20251231,1
32293,20251101,1
30863,20250803,2
32256,20251124,1
31682,20251208,1
21855,20251212,1
30971,20260103,2
31754,20251019,1
30994,20251201,2
31857,20250907,1
30887,20251029,2
18688,20250801,1
31086,20251104,2
34843,20250918,2
30887,20250926,2
31054,20250830,2
31824,20250905,1
30886,20251217,2
30963,20251229,2
31626,20251203,2
31608,20260107,2
18684,20251011,1
31847,20251102,1
31248,20251209,2
31968,20251026,1
32325,20251029,1
31000,20251109,2
32061,20251118,1
30918,20251013,2
31007,20251031,2
32066,20250722,1
32105,20251212,1
30893,20260103,2
31099,20251130,2
30985,20251226,2
31253,20251203,2
30894,20251118,2
31979,20251208,1
1170,20250902,1
269,20251219,1
18688,20250912,1
31526,20251103,2
31876,20250802,1
31274,20251029,2
30904,20250812,2
30982,20251220,2
31521,20251225,2
32061,20251018,1
28134,20250903,2
31623,20251205,2
31842,20251215,1
30896,20250829,2
18686,20251210,1
30864,20250830,2
31010,20251125,2
32027,20250909,1
31808,20251018,1
30970,20251226,2
30896,20250730,2
34979,20251130,2
30923,20251028,2
18592,20251009,1
32065,20251110,1
27960,20250902,1
32066,20250827,1
31750,20250821,1
30907,20251227,2
31628,20251130,2
18636,20250806,1
31248,20260108,2
34917,20250821,2
31981,20251030,1
30963,20250830,2
30963,20250803,2
32164,20250925,1
30964,20250913,2
14784,20250715,2
31698,20251115,1
30933,20251208,2
30932,20250909,2
31089,20250719,2
30992,20250907,2
34890,20251201,2
31772,20251203,1
30922,20260103,2
31981,20250926,1
31335,20250727,2
30858,20250817,2
18686,20251203,1
31904,20251124,1
30918,20251106,2
31621,20250901,2
31904,20251108,1
32277,20251214,1
30906,20251226,2
31040,20250901,2
31089,20251019,2
31090,20251122,2
18687,20251109,1
31841,20251024,1
32259,20251006,1
31776,20250911,1
30915,20251123,2
31389,20251208,2
30891,20250805,2
31750,20251101,1
31105,20251227,2
32293,20251111,1
32325,20251114,1
30860,20250808,2
30889,20251211,2
30976,20251106,2
18686,20251015,1
31054,20251015,2
31083,20250916,2
31628,20251031,2
31626,20251225,2
31615,20251022,2
32065,20251219,1
30998,20251208,2
32259,20251118,1
31061,20250914,2
18602,20250821,1
31806,20250819,1
30936,20250902,2
30884,20251118,2
21915,20251107,2
18686,20251023,1
30922,20251009,2
31385,20251007,2
30903,20251223,2
30897,20250824,2
35511,20250911,2
18657,20251106,1
31005,20251017,2
31904,20250822,1
30915,20251225,2
30863,20250823,2
31805,20250814,1
32222,20250916,1
30993,20251010,2
31009,20251024,2
35571,20251201,2
31629,20250906,2
31089,20251111,2
18569,20251028,1
30928,20251128,2
32326,20250813,1
31904,20251013,1
31683,20250820,1
30998,20250803,2
31271,20251231,2
31608,20251202,2
18686,20250821,1
32139,20250823,1
30932,20251023,2
32234,20250723,1
31010,20251107,2
32064,20250927,1
31383,20251208,2
31001,20251210,2
31817,20251016,1
31079,20251216,2
31807,20250930,1
31018,20260104,2
34909,20251130,2
30929,20251216,2
30993,20251207,2
30898,20250803,2
31979,20251004,1
32278,20250821,1
31046,20251208,2
31002,20260107,2
31059,20251230,2
30963,20251015,2
14785,20250902,2
30934,20251116,2
31271,20251111,2
35075,20250730,2
31855,20250923,1
30940,20250829,2
31001,20260105,2
31101,20251203,2
31059,20251009,2
31817,20251209,1
30993,20251206,2
30888,20251119,2
31842,20250908,1
21855,20251117,1
31621,20250812,2
32334,20251006,1
30907,20251104,2
34843,20251121,2
30886,20251118,2
31005,20250928,2
30915,20251221,2
30908,20251217,2
31089,20251130,2
31050,20250922,2
31686,20250825,1
30918,20250808,2
32027,20251204,1
32090,20251029,1
31751,20251209,1
11066,20251226,2
31521,20251206,2
32139,20251119,1
30963,20250903,2
31694,20251214,1
30915,20250909,2
31007,20250906,2
32064,20250803,1
31335,20251005,2
32139,20250830,1
30916,20251208,2
30883,20251004,2
32293,20250929,1
31079,20251024,2
31774,20250910,1
28134,20251014,2
30943,20250831,2
31041,20250918,2
31751,20250912,1
30864,20250810,2
31082,20251202,2
269,20250917,1
32226,20250823,1
31089,20250902,2
18670,20250818,1
31621,20251203,2
31267,20250824,2
31086,20251111,2
32065,20250810,1
32066,20250808,1
31008,20251105,2
31776,20251125,1
31078,20250910,2
28640,20251224,2
30888,20251102,2
31054,20251026,2
30893,20251230,2
30921,20251102,2
31346,20250817,2
31868,20251128,1
32065,20251119,1
31841,20251114,1
31008,20251212,2
31607,20260110,2
18602,20251119,1
31274,20251028,2
21855,20250903,1
87,20260403,2
32140,20250822,1
31385,20251029,2
31414,20250820,2
30963,20250922,2
31090,20250816,2
31389,20251114,2
32090,20251128,1
30894,20251025,2
31776,20251030,1
30920,20251022,2
30929,20251107,2
31860,20250821,1
31688,20251003,1
12714,20250913,2
32090,20250728,1
18573,20250929,1
31006,20250810,2
3680,20260403,2
30907,20250914,2
31089,20250928,2
31933,20251217,1
30926,20251213,2
32293,20250816,1
30889,20250909,2
31981,20250810,1
31002,20250921,2
31686,20251020,1
31389,20251210,2
30903,20251202,2
140,20251225,2
31086,20251030,2
31063,20251219,2
31138,20251217,2
31414,20250817,2
31041,20251208,2
31844,20251212,1
32066,20251022,1
32218,20250718,1
30934,20251218,2
31101,20251211,2
30921,20251112,2
32259,20250816,1
30977,20260107,2
45571,20251225,2
31078,20251018,2
30971,20251109,2
31805,20251116,1
30965,20251203,2
31005,20251107,2
30916,20251202,2
32090,20250722,1
32139,20250815,1
31017,20250729,2
30887,20251009,2
31090,20250902,2
31876,20251117,1
32401,20250807,1
32090,20251209,1
30902,20251102,2
31615,20251006,2
31082,20250919,2
31806,20250722,1
31618,20251215,2
31023,20251230,2
30921,20251213,2
32256,20250729,1
32065,20250718,1
31274,20260104,2
32293,20251211,1
31083,20251017,2
30971,20251207,2
31774,20250922,1
31101,20251201,2
18569,20251209,1
32319,20250819,1
32485,20251103,1
30900,20250924,2
31008,20250907,2
31096,20251118,2
32336,20251209,1
30890,20260109,2
18575,20250715,1
40,20260403,1
30963,20250930,2
31383,20251224,2
31868,20250919,1
31751,20250809,1
30929,20250716,2
30995,20260110,2
30917,20251229,2
32166,20251129,1
31266,20251206,2
31750,20250825,1
30912,20251218,2
31008,20251218,2
30934,20251224,2
30951,20251026,2
31929,20251107,1
18657,20251009,1
30938,20251219,2
31333,20251231,2
31385,20251126,2
32139,20250826,1
30931,20251030,2
30888,20251018,2
31061,20251107,2
31061,20251013,2
30917,20260105,2
31805,20251026,1
30998,20251209,2
32321,20250824,1
32120,20250905,1
31009,20251221,2
30888,20250911,2
35511,20251112,2
30963,20251030,2
18687,20251013,1
30905,20251212,2
31805,20251122,1
30900,20250805,2
31081,20250928,2
30899,20260108,2
31346,20251213,2
30888,20251011,2
31826,20250729,1
30922,20251227,2
3814,20260101,2
30904,20250728,2
268,20260101,2
30936,20250927,2
30889,20251027,2
32325,20250919,1
31772,20251028,1
31083,20251115,2
32326,20250930,1
31322,20260105,2
31754,20250906,1
30898,20251215,2
30916,20250924,2
31389,20251110,2
32066,20251212,1
31750,20251203,1
30858,20250819,2
31099,20250906,2
35511,20251202,2
31270,20251123,2
31099,20251105,2
32164,20251103,1
31269,20251231,2
31083,20250923,2
30927,20251229,2
30994,20251217,2
31621,20250912,2
30965,20251122,2
30918,20250923,2
31732,20251013,1
31248,20251203,2
30985,20251212,2
28134,20251113,2
32401,20250727,1
30887,20250914,2
31429,20260109,2
30896,20250821,2
31059,20251026,2
30857,20250811,2
30965,20251224,2
36342,20250725,2
30928,20251230,2
30907,20251109,2
32090,20251201,1
31623,20251117,2
31005,20250803,2
18569,20250924,1
31041,20251027,2
32259,20250817,1
31102,20251203,2
30883,20251217,2
30927,20251124,2
31841,20251121,1
32139,20251209,1
30963,20250808,2
287,20260403,2
30908,20251209,2
31389,20251121,2
30927,20251031,2
30883,20251111,2
30964,20251129,2
30964,20251012,2
12916,20250718,1
34917,20250730,2
31096,20251223,2
32234,20250909,1
30866,20250813,2
12714,20251024,2
31608,20251208,2
31968,20250818,1
30973,20260104,2
18636,20251029,1
31623,20251214,2
32064,20251119,1
32212,20250921,1
32266,20250824,1
32228,20251103,1
30964,20250729,2
31040,20250824,2
31099,20250818,2
32325,20251116,1
32222,20251105,1
30922,20251215,2
31869,20251025,1
31776,20251009,1
31807,20251125,1
30936,20250828,2
31006,20250907,2
31063,20251119,2
30938,20251202,2
31859,20251114,1
31007,20251108,2
31005,20251001,2
30863,20250819,2
31772,20250828,1
32140,20251202,1
30964,20251212,2
30884,20260105,2
31041,20251101,2
32325,20250917,1
31015,20251223,2
31061,20251225,2
31807,20250929,1
21915,20251226,2
31820,20250816,1
18603,20250728,1
30986,20251227,2
32139,20250912,1
31687,20251110,1
32064,20250826,1
32334,20251217,1
18570,20251208,1
34843,20251017,2
31271,20260105,2
30886,20251026,2
18572,20250906,1
31687,20250718,1
12640,20250902,1
31266,20251228,2
30926,20250903,2
31414,20251023,2
30979,20251113,2
31841,20251003,1
31078,20250802,2
32065,20251215,1
32282,20251205,1
31692,20251209,1
31932,20251208,1
31061,20251116,2
32188,20250817,1
14784,20251017,2
31626,20251118,2
30931,20251128,2
32259,20251125,1
30932,20251230,2
31776,20250731,1
30923,20250901,2
31807,20251013,1
31099,20251113,2
32090,20250818,1
30889,20251018,2
31274,20251006,2
30951,20250928,2
30963,20251102,2
1186,20250819,1
31968,20250903,1
31271,20251204,2
30942,20250823,2
30998,20251022,2
30889,20251122,2
32027,20250925,1
31005,20251227,2
18576,20251110,1
31056,20251223,2
31979,20251121,1
32027,20250731,1
30928,20251213,2
31002,20251122,2
27962,20251224,2
31274,20251004,2
30901,20251218,2
30929,20251006,2
30857,20250801,2
30928,20251106,2
30890,20251118,2
30929,20251026,2
32325,20250901,1
27962,20251231,2
30887,20251121,2
18592,20251114,1
32271,20250907,1
32222,20250724,1
32326,20250818,1
31089,20260109,2
18657,20251211,1
30900,20251216,2
31269,20251203,2
32139,20251210,1
30952,20250904,2
14784,20250905,2
31751,20250820,1
32061,20250717,1
30898,20251021,2
31532,20251219,2
31732,20250818,1
32090,20251216,1
31253,20260103,2
31054,20251115,2
31981,20250831,1
31776,20250821,1
30910,20251015,2
30952,20251208,2
30922,20250920,2
30903,20250807,2
32259,20250906,1
30987,20251025,2
32064,20251110,1
31322,20251216,2
268,20251201,2
31099,20251222,2
31007,20251111,2
30992,20251214,2
30993,20250916,2
31086,20260105,2
32065,20250919,1
30970,20251206,2
30885,20251018,2
30918,20260102,2
31006,20250804,2
32064,20250930,1
35571,20251128,2
31082,20250826,2
30890,20251227,2
12714,20251025,2
31806,20250823,1
32293,20251119,1
30906,20251115,2
31267,20251126,2
31389,20251224,2
18570,20250817,1
31981,20251016,1
30864,20250718,2
31926,20251219,1
30937,20250929,2
31615,20250809,2
31010,20251130,2
32293,20251027,1
30921,20251109,2
30937,20251221,2
264,20260101,2
30952,20250927,2
31269,20260102,2
31774,20251124,1
30934,20251212,2
31871,20251214,1
30891,20251213,2
30925,20251018,2
31000,20251221,2
30920,20250921,2
30986,20260106,2
34843,20251107,2
31932,20250815,1
31086,20250808,2
30914,20251225,2
268,20251001,2
30903,20251231,2
30918,20250913,2
30901,20251115,2
30908,20251212,2
18636,20251114,1
30902,20251129,2
32293,20250801,1
31841,20250811,1
32266,20250809,1
30886,20250817,2
30885,20250829,2
31869,20251027,1
35089,20250826,2
18687,20251113,1
14784,20251113,2
35075,20251109,2
31414,20250925,2
31904,20251216,1
269,20250717,1
34889,20250825,2
32282,20251020,1
31090,20251201,2
30891,20251212,2
30908,20251127,2
32321,20251214,1
32325,20250823,1
31039,20250821,2
30986,20251113,2
31271,20251220,2
268,20251217,2
31105,20251207,2
32275,20251216,1
30995,20251225,2
31877,20251123,1
31751,20251105,1
31608,20251123,2
31267,20251204,2
18575,20250720,1
32277,20251018,1
32139,20251208,1
31008,20250904,2
268,20251218,2
30900,20251114,2
31002,20250817,2
31981,20251107,1
30928,20251125,2
30897,20260102,2
30886,20251208,2
31952,20251018,1
30925,20251008,2
31054,20251120,2
31785,20250726,1
32188,20251006,1
30979,20251116,2
31007,20250930,2
30891,20251115,2
30906,20251208,2
30862,20250811,2
31271,20251030,2
31385,20251114,2
30910,20251227,2
30890,20251229,2
30981,20251103,2
31335,20251221,2
30896,20250731,2
30910,20250813,2
30903,20251204,2
32090,20250919,1
30886,20250816,2
31608,20260101,2
31008,20251230,2
32401,20250719,1
34843,20251114,2
31090,20251125,2
30912,20251206,2
30890,20251120,2
31688,20251110,1
32323,20251201,1
31000,20251026,2
18659,20251123,1
18603,20251216,1
27962,20251210,1
30896,20251001,2
35089,20250910,2
30932,20251203,2
32139,20250813,1
30907,20251226,2
35511,20250923,2
30998,20251103,2
31805,20250808,1
30903,20251216,2
32120,20251208,1
32277,20250816,1
36205,20250813,1
32293,20250827,1
30923,20250913,2
35089,20250805,2
31774,20250907,1
32164,20250902,1
31000,20251017,2
31772,20250717,1
31855,20251029,1
30903,20260103,2
12714,20250926,2
31346,20251022,2
31607,20260104,2
32066,20250729,1
32325,20251119,1
32139,20251007,1
30934,20251119,2
36204,20250729,2
32317,20250802,1
32061,20251129,1
31248,20251216,2
31206,20251230,2
32275,20251210,1
30888,20250831,2
31101,20251026,2
30900,20250807,2
32139,20251115,1
18688,20251030,1
32485,20250715,1
32323,20251209,1
31383,20251129,2
31750,20251113,1
18687,20250831,1
31010,20251101,2
37417,20251231,2
32334,20251215,1
30920,20251223,2
30904,20250905,2
32140,20251129,1
32066,20251109,1
18576,20250808,1
32228,20251201,1
30932,20251123,2
30952,20251117,2
31630,20251216,2
32336,20250805,1
31683,20251204,1
18657,20251015,1
31000,20251115,2
31099,20250925,2
31267,20250908,2
1171,20250825,2
32323,20250916,1
21915,20250910,2
30916,20251210,2
31871,20251031,1
30897,20260107,2
32256,20251118,1
31050,20250908,2
31078,20251104,2
30898,20251223,2
31832,20250801,1
32208,20250905,1
31842,20251110,1
30981,20251020,2
30897,20251123,2
30916,20251120,2
32065,20251205,1
31267,20251220,2
30889,20250914,2
31832,20250829,1
30915,20250831,2
14784,20251007,2
31887,20251219,1
31059,20251223,2
30998,20251123,2
32485,20251106,1
30885,20250925,2
30933,20251201,2
32225,20251014,1
31005,20260103,2
30887,20250725,2
31096,20250811,2
30906,20251216,2
31041,20251022,2
30998,20250910,2
32271,20251215,1
30922,20251212,2
30929,20251211,2
32275,20250916,1
31006,20251230,2
31904,20250824,1
32271,20250802,1
31000,20260102,2
31082,20251218,2
31018,20251029,2
31904,20250918,1
31615,20251019,2
31806,20251207,1
31904,20251206,1
18569,20250918,1
31630,20251002,2
32317,20250904,1
31041,20251018,2
30865,20250827,2
31078,20251101,2
30883,20251030,2
30932,20250921,2
30986,20251215,2
30864,20250802,2
32334,20251104,1
31618,20251224,2
31346,20251223,2
31078,20251129,2
31266,20251127,2
18604,20250811,1
32166,20251214,1
31002,20251011,2
1186,20251031,1
31688,20251010,1
30993,20251115,2
30951,20260101,2
30951,20260103,2
30963,20251226,2
32287,20250921,1
35089,20251216,2
30887,20251016,2
30987,20251113,2
18636,20250911,1
30897,20251112,2
32140,20251111,1
30916,20251108,2
31267,20251011,2
30987,20251213,2
18592,20250924,1
867,20251226,2
30886,20260108,2
32485,20251206,1
30915,20251220,2
30884,20251208,2
32323,20251022,1
30867,20250803,2
31000,20251206,2
32284,20251126,1
35089,20251121,2
269,20251107,1
30900,20251026,2
32228,20251212,1
32256,20251117,1
31389,20251201,2
30896,20251201,2
30903,20251211,2
28134,20251219,2
31252,20251223,2
268,20251002,2
31383,20251203,2
30921,20251224,2
31876,20251104,1
31272,20251229,2
268,20250924,2
31866,20250716,1
30989,20260103,2
18684,20251206,1
32321,20250720,1
31808,20250719,1
31414,20251222,2
32066,20250723,1
31388,20260110,2
14164,20260406,1
31346,20250801,2
31005,20251114,2
31001,20250904,2
32140,20251027,1
30894,20250918,2
31243,20260108,2
30901,20250804,2
30897,20251218,2
30965,20251125,2
31806,20251001,1
31090,20251021,2
36345,20250905,2
31009,20250927,2
31335,20250917,2
31054,20251212,2
12714,20251206,2
30896,20251108,2
18575,20250730,1
30986,20251011,2
30900,20251111,2
31001,20251021,2
21915,20251014,2
31772,20251208,1
30998,20251119,2
12637,20250926,2
31629,20251014,2
31041,20251119,2
31926,20250927,1
269,20250916,1
31805,20250826,1
31059,20251027,2
31521,20251027,2
31089,20251121,2
30979,20251105,2
18657,20250724,1
31779,20251128,1
31877,20251103,1
31271,20260110,2
31041,20250921,2
31346,20251101,2
31027,20250811,2
30931,20251216,2
31089,20251201,2
35571,20251029,2
30898,20250811,2
32293,20250803,1
30951,20251117,2
18592,20250930,1
30920,20251015,2
30963,20250827,2
31806,20250820,1
18686,20250812,1
32105,20250918,1
31090,20250904,2
30992,20251219,2
30984,20251114,2
30982,20251101,2
31615,20260106,2
31015,20251105,2
30887,20260104,2
30902,20251221,2
31059,20251022,2
14164,20251226,1
18604,20251110,1
30901,20260101,2
31050,20251230,2
30884,20251130,2
18684,20250913,1
31618,20251204,2
12714,20250911,2
30992,20250830,2
31952,20250913,1
30891,20250906,2
32226,20251207,1
31008,20251204,2
31981,20251126,1
31138,20250914,2
18603,20250908,1
31805,20251004,1
31694,20251207,1
30951,20250821,2
30980,20251212,2
18670,20250929,1
31099,20250804,2
35089,20251214,2
32140,20251114,1
4376,20260406,1
30976,20260110,2
30976,20251212,2
18687,20251130,1
30920,20251010,2
31089,20250917,2
31904,20251001,1
11066,20251114,1
31050,20251013,2
14164,20250825,1
31750,20250822,1
30981,20251217,2
30938,20251217,2
30886,20251020,2
31683,20250916,1
32061,20251012,1
31061,20251024,2
30980,20251116,2
31846,20251014,1
36737,20251201,2
31383,20251027,2
30969,20251121,2
31252,20251231,2
31623,20251209,2
31081,20251122,2
27960,20260403,2
31061,20250915,2
31871,20250905,1
18603,20251013,1
30932,20251211,2
30937,20250719,2
32212,20250927,1
30864,20250815,2
31812,20250731,1
31629,20251015,2
31082,20251022,2
31383,20251210,2
31079,20251210,2
31628,20251115,2
31968,20250820,1
31059,20251010,2
31061,20250916,2
30858,20250823,2
31082,20260108,2
31859,20250815,1
30922,20251217,2
32222,20251120,1
31683,20251118,1
31841,20250926,1
31270,20251108,2
18603,20251214,1
30887,20251204,2
30987,20251028,2
31086,20251118,2
18573,20250912,1
34975,20250814,2
31266,20251223,2
18592,20250912,1
31105,20250814,2
30912,20251118,2
30921,20251111,2
32066,20251111,1
31096,20251003,2
31887,20250922,1
30963,20251026,2
18012,20260403,2
31274,20251109,2
30927,20250811,2
30897,20251030,2
31976,20250802,1
31751,20251202,1
31271,20251112,2
31383,20251225,2
31805,20251003,1
30922,20250930,2
31138,20250907,2
31618,20251020,2
31821,20250804,1
31877,20251215,1
31082,20250824,2
31090,20251120,2
31414,20250910,2
30993,20250715,2
30920,20250924,2
12637,20251001,2
30915,20250829,2
30951,20251116,2
31821,20250726,1
18688,20251101,1
31807,20251104,1
31887,20251203,1
32140,20250802,1
31138,20250801,2
31089,20250730,2
1170,20251231,2
36207,20250829,2
30886,20251218,2
31871,20250802,1
30964,20250923,2
30984,20251210,2
31807,20250826,1
31772,20250915,1
30885,20251013,2
27959,20251201,1
31006,20251216,2
32065,20250820,1
32066,20250803,1
31613,20260106,2
30965,20250812,2
31274,20251201,2
32321,20251102,1
31772,20251121,1
30890,20251115,2
14785,20251028,2
31687,20250927,1
30993,20251221,2
32315,20250721,1
18687,20250715,1
32334,20251012,1
30985,20260104,2
30916,20250817,2
32166,20250824,1
31618,20250906,2
32208,20251027,1
30897,20251214,2
30937,20250806,2
30979,20251229,2
31869,20251101,1
30910,20251122,2
18575,20251218,1
30888,20251123,2
1186,20251030,1
32188,20251117,1
31056,20260101,2
30965,20250805,2
31274,20250924,2
30866,20250817,2
32090,20250821,1
30886,20251015,2
30887,20250910,2
31690,20251220,1
31089,20251108,2
30973,20251214,2
31018,20251204,2
31099,20251107,2
35089,20250820,2
30963,20251112,2
18688,20250928,1
32334,20251002,1
30933,20251002,2
35089,20251102,2
31269,20251218,2
35089,20251210,2
31270,20251101,2
268,20251104,2
31001,20251105,2
30964,20251125,2
30903,20251122,2
31041,20251021,2
32105,20251023,1
30974,20260104,2
32317,20250913,1
31806,20251007,1
30923,20250929,2
30865,20250811,2
30971,20251224,2
30920,20251021,2
31252,20251216,2
31383,20251126,2
30915,20251029,2
30927,20250928,2
31018,20250926,2
31038,20250817,2
32218,20251220,1
31979,20250925,1
30965,20251212,2
31090,20251013,2
32256,20250904,1
31841,20250818,1
31018,20251124,2
30937,20251027,2
30932,20251008,2
32090,20251219,1
32218,20250920,1
30963,20250727,2
35571,20251112,2
18603,20251116,1
30891,20250907,2
18592,20251016,1
30883,20251114,2
30897,20251130,2
35089,20250907,2
18603,20250921,1
31876,20250811,1
31750,20250911,1
32222,20251030,1
30867,20250804,2
30998,20250822,2
31750,20250917,1
32277,20250914,1
18688,20250907,1
30951,20251231,2
31086,20250912,2
30933,20260104,2
36342,20250801,2
288,20251224,2
30952,20251227,2
18570,20250905,1
30915,20251010,2
30912,20251126,2
30912,20251211,2
31615,20251025,2
31099,20250814,2
30910,20251026,2
30901,20250805,2
31010,20251105,2
30889,20251210,2
35089,20251021,2
18603,20250819,1
30934,20251127,2
18688,20250920,1
12640,20250909,1
31683,20250821,1
31623,20251228,2
31776,20250923,1
32217,20250721,1
31876,20250902,1
30927,20251231,2
31007,20251112,2
32105,20251009,1
30918,20251001,2
30993,20251029,2
32065,20251129,1
30901,20250820,2
30932,20251103,2
30951,20250923,2
31010,20251001,2
35075,20251015,2
31010,20251121,2
30915,20251203,2
30906,20251105,2
30952,20250803,2
18636,20251208,1
30885,20250824,2
31050,20251209,2
32325,20251027,1
30926,20251021,2
30903,20251219,2
30891,20251023,2
31628,20251102,2
31779,20251031,1
31274,20251104,2
31817,20250918,1
31621,20250911,2
79,20260406,2
32336,20251110,1
21855,20251204,1
31274,20250911,2
31618,20251206,2
18636,20251007,1
30997,20251214,2
30904,20251027,2
31005,20251129,2
35511,20251209,2
30951,20251123,2
31621,20251217,2
35089,20250928,2
32336,20251202,1
31041,20260103,2
14784,20251014,2
30904,20250908,2
31976,20250803,1
30896,20250827,2
30910,20250807,2
30888,20251215,2
30934,20251230,2
31335,20260109,2
32064,20251029,1
30900,20250905,2
31018,20250918,2
30933,20250903,2
30936,20250831,2
32139,20251111,1
31083,20251117,2
269,20250922,1
32228,20250907,1
31082,20251106,2
30963,20250905,2
30887,20251201,2
31811,20250801,1
31061,20250926,2
32336,20250804,1
31001,20260108,2
30922,20250915,2
32218,20250831,1
30993,20250827,2
31081,20251213,2
30987,20251225,2
35075,20251107,2
30894,20251230,2
31096,20251001,2
30897,20251225,2
32317,20250719,1
31086,20251121,2
32325,20250918,1
31099,20251119,2
31414,20260107,2
32120,20251018,1
30920,20250919,2
30896,20250823,2
30900,20251130,2
30887,20251229,2
12637,20250903,2
30914,20251211,2
30940,20250825,2
32325,20251003,1
30932,20251108,2
18603,20251028,1
32164,20250807,1
18576,20251210,1
31001,20251013,2
31750,20251110,1
30975,20260102,2
31751,20251123,1
30912,20251128,2
31855,20250910,1
32273,20251103,1
12714,20250912,2
31105,20251115,2
32318,20250825,1
32273,20251003,1
18686,20250818,1
31099,20260107,2
30963,20260104,2
31876,20251012,1
31061,20251011,2
31271,20251029,2
31037,20250815,2
36342,20250729,2
287,20251226,2
31844,20251210,1
30931,20251105,2
30937,20250916,2
30907,20250829,2
31001,20251024,2
31805,20250919,1
32140,20250813,1
30915,20250822,2
30981,20251202,2
30992,20250820,2
30993,20251007,2
30984,20251231,2
31751,20251222,1
30951,20251224,2
36205,20250819,1
31269,20251204,2
30907,20251008,2
32293,20250909,1
30964,20250906,2
30986,20251026,2
31857,20251117,1
30889,20251026,2
18686,20251106,1
32222,20250904,1
30994,20251208,2
31412,20260110,2
31968,20250827,1
31089,20251125,2
31101,20251227,2
31820,20250726,1
32090,20251110,1
30952,20251029,2
30884,20251207,2
30993,20250730,2
31618,20251123,2
18689,20250725,1
31007,20251005,2
31138,20250829,2
30937,20251118,2
35089,20250924,2
30928,20251112,2
31138,20251105,2
18636,20251022,1
30907,20250812,2
30916,20251008,2
30927,20250828,2
31630,20251130,2
32326,20251106,1
18603,20250923,1
30965,20260105,2
31904,20251102,1
30973,20260108,2
30963,20260108,2
14802,20251002,1
31061,20250902,2
35571,20250923,2
32090,20250922,1
30905,20251122,2
31082,20251010,2
30901,20250824,2
14784,20251224,1
30891,20250820,2
31628,20251027,2
30919,20260102,2
30994,20251118,2
30923,20251101,2
30929,20251025,2
30912,20251107,2
18605,20251031,1
32139,20251003,1
31101,20250812,2
30859,20250821,2
31618,20251116,2
31335,20250930,2
30886,20251106,2
32282,20250811,1
31008,20250902,2
12916,20250825,2
31871,20251109,1
31844,20250821,1
31040,20250813,2
30987,20251230,2
31006,20250906,2
31750,20250805,1
31267,20250913,2
32293,20250718,1
31968,20250828,1
30894,20250904,2
31532,20260106,2
31871,20251110,1
268,20250912,2
31083,20251120,2
18576,20250911,1
31630,20251112,2
31904,20251210,1
31138,20251017,2
30951,20250905,2
34889,20251029,2
30885,20251001,2
30929,20250915,2
32256,20250722,1
32273,20250815,1
268,20251013,2
30858,20250810,2
31686,20250922,1
18576,20250827,1
30936,20251002,2
31887,20251210,1
30984,20251116,2
18573,20251003,1
31000,20251004,2
14784,20251209,2
31002,20251124,2
30952,20251123,2
3680,20260406,2
31019,20251216,2
30985,20251116,2
31006,20250808,2
18687,20250908,1
31089,20250909,2
30925,20251101,2
30933,20250727,2
32209,20251219,1
31389,20251119,2
30998,20251120,2
32105,20251031,1
31005,20250913,2
32140,20251113,1
30965,20251111,2
30918,20250905,2
30928,20251201,2
30993,20260106,2
31968,20251001,1
30942,20250830,2
32485,20251212,1
30963,20251022,2
31008,20251017,2
30906,20251102,2
31754,20251101,1
30903,20251027,2
31050,20251113,2
30900,20250828,2
35571,20251223,2
31008,20250914,2
32334,20251030,1
32140,20250725,1
31750,20250824,1
31040,20250721,2
30891,20250807,2
30952,20251106,2
31056,20251209,2
30923,20251108,2
31933,20250807,1
30912,20251117,2
31024,20251229,2
31050,20251202,2
31023,20251201,2
30885,20250906,2
31248,20260104,2
31081,20250808,2
32066,20250731,1
31871,20250816,1
18572,20250831,1
45569,20251226,2
30951,20250902,2
31038,20250830,2
18575,20251011,1
32225,20251001,1
14784,20250918,2
30963,20251214,2
31772,20251212,1
31621,20251215,2
30994,20251027,2
32188,20251129,1
30987,20251217,2
36345,20250819,1
14164,20251231,1
30926,20251210,2
32336,20251119,1
31039,20250808,2
30885,20250825,2
30912,20260103,2
30979,20251211,2
31806,20250903,1
32064,20251103,1
1170,20250905,1
31521,20260110,2
18670,20251126,1
31096,20251228,2
30993,20260107,2
35571,20251210,2
31776,20251001,1
32064,20250929,1
30997,20251220,2
32401,20250821,1
32064,20250807,1
32336,20251104,1
31630,20251006,2
31008,20260107,2
32064,20250819,1
31050,20250923,2
31018,20250921,2
31805,20250904,1
30915,20250817,2
32139,20250810,1
31054,20250803,2
30907,20251126,2
31008,20251007,2
32188,20251101,1
31052,20251211,2
30904,20251106,2
31267,20250922,2
31050,20260105,2
32217,20251215,1
31841,20250908,1
31683,20250826,1
30980,20251214,2
35511,20251211,2
31079,20251105,2
31018,20251222,2
31618,20251129,2
32216,20251120,1
32090,20250908,1
30963,20250812,2
30931,20251230,2
31807,20250903,1
5444,20250825,2
31009,20251219,2
18670,20250924,1
30965,20250914,2
31041,20251003,2
30932,20250808,2
18570,20251018,1
34901,20251201,2
32457,20250930,1
30912,20250822,2
30885,20250905,2
21855,20251112,1
31981,20251112,1
18577,20251026,1
31981,20251127,1
12714,20250822,2
35511,20251009,2
30923,20250819,2
40,20251224,2
31698,20250914,1
30951,20250825,2
30963,20251222,2
31008,20251031,2
30979,20251216,2
30896,20251224,2
30983,20251214,2
30915,20250929,2
31979,20251203,1
30912,20250906,2
31086,20250811,2
31857,20250906,1
30963,20250910,2
18604,20250922,1
31002,20251125,2
31138,20250904,2
31063,20251125,2
31138,20250901,2
32326,20251201,1
31041,20250926,2
32216,20251216,1
268,20251110,2
34843,20251010,2
31952,20250720,1
30929,20251021,2
32284,20250722,1
18575,20251012,1
31041,20251031,2
12640,20251217,1
31099,20250801,2
18636,20251013,1
31039,20250828,2
32166,20251101,1
30964,20250927,2
32064,20250715,1
30906,20251225,2
18636,20251006,1
31096,20251017,2
31059,20251129,2
30927,20251030,2
30964,20251007,2
18688,20250917,1
30931,20251122,2
18689,20251024,1
30928,20260101,2
31266,20251224,2
30900,20251126,2
30963,20250918,2
31274,20250906,2
31041,20251013,2
31877,20251026,1
32293,20250724,1
30891,20250804,2
31061,20251005,2
31046,20251230,2
18659,20250717,1
30995,20251205,2
31083,20250901,2
31414,20260102,2
31811,20250721,1
18670,20251113,1
30903,20250926,2
31629,20251025,2
31806,20250923,1
32139,20250805,1
32090,20251211,1
32218,20251018,1
31751,20250805,1
30932,20250929,2
31615,20251206,2
31979,20251111,1
32140,20250727,1
32318,20250906,1
31621,20251003,2
31414,20251024,2
30931,20251208,2
30905,20251008,2
30926,20251024,2
21915,20251103,2
30963,20250801,2
34976,20251201,2
32065,20251012,1
32316,20251004,1
32066,20251027,1
30923,20250831,2
32061,20251211,1
32027,20250728,1
31005,20251115,2
32066,20251208,1
30903,20251205,2
30997,20251229,2
30886,20251002,2
287,20251224,2
12714,20251231,2
30992,20250825,2
31521,20251221,2
30969,20260107,2
32219,20250820,1
31904,20250721,1
18570,20250804,1
27961,20250911,1
31089,20260101,2
32317,20251211,1
30993,20250822,2
31010,20251017,2
30936,20250911,2
31610,20260107,2
30920,20251122,2
30937,20251129,2
32065,20250903,1
31346,20250723,2
30885,20251220,2
31621,20250828,2
18569,20251202,1
31054,20250816,2
31267,20251109,2
30938,20251214,2
31979,20250815,1
32401,20250725,1
30916,20251025,2
31841,20250929,1
30926,20251027,2
31629,20251010,2
31138,20250817,2
31698,20251005,1
31033,20250816,2
30916,20250919,2
31041,20250906,2
32064,20251204,1
31000,20250930,2
32065,20250806,1
31932,20251003,1
31688,20250728,1
31105,20251114,2
31089,20250717,2
30920,20251016,2
18569,20250828,1
21855,20251021,1
31000,20251007,2
30898,20251126,2
31086,20250916,2
35511,20251023,2
30867,20250813,2
30896,20250925,2
31846,20251019,1
27960,20250923,1
31102,20251231,2
32287,20251006,1
31628,20251113,2
32228,20251108,1
12714,20250922,2
31271,20251010,2
31981,20251015,1
30912,20251214,2
32234,20250806,1
31267,20251103,2
12714,20251110,2
32282,20251027,1
30937,20250928,2
31271,20251019,2
31079,20251018,2
31774,20251004,1
31006,20260106,2
31079,20251201,2
31842,20251130,1
1181,20250721,1
31952,20251207,1
31090,20251015,2
31007,20251014,2
30916,20251123,2
31252,20260109,2
32485,20250718,1
31698,20250920,1
30923,20251003,2
32273,20251107,1
32334,20251019,1
30921,20251226,2
30901,20251201,2
30994,20251218,2
31266,20251225,2
30932,20250918,2
32316,20250719,1
30915,20250810,2
31615,20250914,2
30933,20251025,2
32317,20251011,1
31698,20250906,1
12714,20251016,2
30986,20251010,2
31105,20250906,2
30992,20250729,2
31054,20251207,2
30905,20251005,2
30936,20251022,2
32485,20250721,1
31006,20251006,2
31750,20251219,1
12637,20251215,2
31414,20250807,2
18657,20251029,1
32061,20250913,1
31101,20251231,2
32234,20250903,1
30971,20260106,2
30921,20251202,2
31414,20251011,2
31018,20250908,2
31089,20251221,2
30964,20251015,2
14784,20251015,2
31772,20250909,1
30936,20251208,2
31006,20260104,2
21915,20250930,2
30860,20250830,2
31952,20250810,1
18686,20251219,1
31271,20251207,2
31050,20251101,2
30986,20251216,2
30922,20250927,2
30915,20251219,2
31054,20250831,2
31105,20260101,2
30936,20251213,2
30915,20251205,2
31346,20251119,2
18576,20250916,1
32212,20251025,1
31806,20251214,1
30886,20251023,2
30884,20251104,2
31776,20251124,1
30894,20251130,2
31877,20250906,1
35089,20251207,2
30963,20250823,2
31274,20250923,2
18570,20251212,1
32293,20250823,1
28134,20250917,2
18659,20251022,1
30865,20250816,2
30888,20251228,2
30993,20251008,2
31138,20251202,2
31774,20251110,1
30938,20260102,2
31024,20260109,2
30938,20251203,2
31096,20251007,2
31683,20250723,1
30987,20251103,2
30989,20260110,2
31335,20250908,2
30920,20250927,2
30864,20250819,2
31526,20251214,2
30903,20251110,2
36204,20250806,2
30965,20260110,2
32222,20250717,1
31000,20251217,2
18570,20251122,1
31009,20250920,2
32319,20250814,1
31063,20260102,2
30965,20250831,2
34842,20250826,2
35639,20250729,1
31842,20250823,1
31015,20251230,2
30963,20250824,2
31887,20251103,1
30925,20250827,2
30973,20251218,2
31002,20251005,2
30904,20251019,2
31776,20251015,1
32064,20250810,1
32212,20251122,1
32066,20250715,1
32061,20250821,1
18687,20251008,1
30915,20251022,2
31082,20251008,2
32228,20250728,1
30995,20251219,2
31090,20251212,2
30886,20251224,2
31346,20251018,2
31615,20250815,2
31621,20251121,2
31821,20250803,1
30998,20250802,2
31099,20251123,2
18576,20250813,1
31079,20251203,2
30896,20251217,2
31083,20251121,2
31054,20250722,2
30974,20260109,2
32067,20251026,1
32140,20250830,1
31101,20250813,2
32210,20250820,1
30936,20250715,2
32140,20251211,1
30918,20251202,2
30898,20250923,2
31532,20251127,2
30888,20251208,2
30923,20251030,2
20528,20250721,2
14802,20251114,1
12640,20251201,1
32325,20251012,1
31005,20251112,2
31007,20250918,2
18687,20250811,1
30936,20250728,2
32273,20251024,1
30983,20251206,2
30891,20250917,2
31009,20251002,2
30901,20251023,2
31621,20251118,2
18687,20251014,1
30916,20251104,2
30898,20251129,2
31623,20251203,2
32287,20251123,1
30883,20251014,2
31876,20250825,1
30934,20251201,2
18603,20250929,1
30952,20260109,2
18670,20251104,1
31842,20251107,1
31772,20251211,1
30904,20251219,2
31083,20251209,2
31698,20251011,1
28134,20251015,2
31138,20260102,2
32228,20250817,1
20,20251226,2
31623,20260107,2
31844,20251128,1
14784,20251219,2
32293,20251102,1
30986,20251108,2
14785,20250822,2
31008,20260106,2
30922,20251119,2
30964,20251127,2
31138,20251218,2
31751,20250829,1
32222,20250902,1
32228,20251004,1
30971,20251218,2
31008,20251107,2
31059,20251106,2
30994,20251127,2
31101,20251016,2
31630,20251209,2
30895,20260106,2
31006,20251227,2
18636,20251010,1
31754,20251130,1
32271,20251109,1
31698,20250720,1
32228,20251010,1
30922,20250905,2
30889,20251104,2
20528,20250723,2
31887,20250728,1
31054,20251024,2
32139,20250812,1
32275,20250717,1
18632,20251109,1
30920,20251013,2
21855,20250904,1
31805,20251207,1
32188,20251026,1
30897,20250930,2
12714,20251008,2
31623,20251217,2
30949,20250802,2
31933,20251002,1
31429,20260108,2
31608,20251217,2
30937,20250926,2
31090,20250813,2
30884,20251213,2
31078,20250927,2
30952,20250908,2
31532,20251123,2
30907,20250929,2
30858,20250811,2
31052,20260110,2
31618,20250910,2
31267,20251129,2
31096,20260105,2
30906,20251212,2
31887,20251208,1
18657,20251215,1
30949,20250731,2
30888,20260103,2
30907,20251011,2
31096,20250820,2
32120,20251010,1
31388,20260106,2
30905,20251205,2
31532,20251223,2
32326,20251110,1
30998,20250816,2
31005,20251007,2
31081,20251018,2
31690,20251208,1
18636,20250917,1
31015,20251116,2
31683,20251104,1
30985,20251218,2
36342,20251029,2
31629,20251120,2
30891,20251027,2
30951,20250801,2
12714,20251017,2
30929,20250715,2
30898,20250929,2
268,20251216,2
31805,20250818,1
30864,20250805,2
30929,20250903,2
31806,20251023,1
18603,20251110,1
31887,20250829,1
31007,20250901,2
30902,20251005,2
31686,20251102,1
35152,20251130,2
31621,20251102,2
32482,20250727,1
30886,20250920,2
31083,20250918,2
31933,20250715,1
30905,20251220,2
31414,20251006,2
31096,20251002,2
31061,20251017,2
31750,20250928,1
30897,20250804,2
31806,20251019,1
1186,20250814,1
31346,20250803,2
31429,20260101,2
31698,20250802,1
31968,20251124,1
31006,20250728,2
32317,20251122,1
30979,20251231,2
36342,20250805,2
31096,20250905,2
30862,20250824,2
32139,20251125,1
31832,20250802,1
3952,20251226,2
18603,20250720,1
31952,20250907,1
30926,20251215,2
31968,20251203,1
31007,20251117,2
31968,20251019,1
18657,20251204,1
31805,20250903,1
32485,20250728,1
18659,20251009,1
32120,20251026,1
30940,20250804,2
14128,20260101,1
18569,20251009,1
32216,20251106,1
31009,20251227,2
27959,20251020,1
30886,20251022,2
30918,20251213,2
30916,20250814,2
32388,20250807,1
30903,20251013,2
31000,20251210,2
30920,20251228,2
32485,20250802,1
30929,20250807,2
30887,20250905,2
31626,20251114,2
31027,20250809,2
30894,20260104,2
30910,20251125,2
18570,20251020,1
31014,20251101,2
30936,20250731,2
30969,20251224,2
34889,20250723,2
30897,20251015,2
31270,20251026,2
31389,20251212,2
31686,20251012,1
31086,20251107,2
31082,20251003,2
30992,20250918,2
31061,20250801,2
31054,20251009,2
31806,20250830,1
31414,20251025,2
31630,20251030,2
31805,20251015,1
31063,20260103,2
31532,20251207,2
31844,20251120,1
32164,20250805,1
32140,20251014,1
30898,20251124,2
18670,20250909,1
31083,20251215,2
30929,20251031,2
31807,20251023,1
30903,20250803,2
31002,20250916,2
30891,20260106,2
31090,20251220,2
30903,20250917,2
31621,20251223,2
12714,20251223,1
32326,20250901,1
31099,20260109,2
31805,20250724,1
31855,20251120,1
31621,20251128,2
31772,20250922,1
31099,20250806,2
30964,20251002,2
18569,20250813,1
32216,20251127,1
30929,20250726,2
30904,20251226,2
32120,20250721,1
31615,20251104,2
689,20250825,2
32275,20251021,1
31005,20251218,2
30951,20251127,2
31002,20251030,2
30908,20251108,2
32323,20251028,1
34888,20250826,2
31979,20251002,1
31138,20251029,2
31388,20251231,2
30904,20251007,2
32275,20251127,1
689,20251226,2
31040,20250814,2
32188,20251108,1
30971,20251123,2
30984,20251021,2
30891,20251231,2
30992,20251118,2
31621,20251229,2
30988,20251210,2
30937,20250927,2
30888,20251008,2
31751,20250802,1
18686,20250826,1
30926,20251005,2
21915,20250918,2
32271,20250919,1
30998,20250827,2
30932,20251219,2
18636,20251201,1
30887,20251228,2
31751,20251107,1
31081,20250817,2
31776,20251203,1
30984,20251220,2
30903,20250825,2
31041,20251105,2
30921,20251031,2
30984,20260101,2
30928,20251203,2
14784,20251121,2
31968,20250813,1
30898,20251013,2
31050,20251025,2
31904,20250803,1
31532,20251231,2
31105,20260104,2
269,20251113,1
31847,20250727,1
30923,20251105,2
31105,20260103,2
32218,20251103,1
31001,20251006,2
31017,20250828,2
31018,20250903,2
31054,20251029,2
32090,20250716,1
32293,20251110,1
30978,20251231,2
31035,20251214,2
32273,20251025,1
32222,20251111,1
30932,20251120,2
30925,20250914,2
31346,20251217,2
31807,20250819,1
31686,20250823,1
32284,20251023,1
31266,20251208,2
35089,20251109,2
18688,20250721,1
30894,20251112,2
31000,20251112,2
31887,20251207,1
30984,20251020,2
31981,20250820,1
14784,20251021,2
30937,20251009,2
31698,20251109,1
12916,20251224,2
32485,20250925,1
18657,20251022,1
31750,20251129,1
18569,20250827,1
30902,20250917,2
36342,20250828,2
30859,20250808,2
32064,20251222,1
31608,20251128,2
32293,20251105,1
31532,20251203,2
31750,20250725,1
32284,20251104,1
32326,20250828,1
32139,20250816,1
31270,20251104,2
30951,20250921,2
32485,20250908,1
21855,20251016,1
31243,20260105,2
31059,20251017,2
30915,20250912,2
32065,20251125,1
31015,20251220,2
30894,20250930,2
30923,20251027,2
30932,20250904,2
30971,20251111,2
30975,20251230,2
31010,20251209,2
32065,20251114,1
30947,20250808,2
32066,20250815,1
31039,20250722,2
30891,20250813,2
30896,20250928,2
32485,20250730,1
30964,20251230,2
18659,20251005,1
31857,20251019,1
30994,20260101,2
32485,20250719,1
342,20251231,2
30900,20251010,2
32066,20250717,1
30932,20251113,2
342,20260406,2
31101,20260110,2
30885,20250828,2
31138,20250928,2
30963,20250906,2
32271,20251201,1
30987,20251101,2
32216,20251021,1
32065,20251207,1
31006,20250914,2
30979,20260105,2
31388,20260107,2
31807,20251112,1
30978,20260108,2
27962,20251217,1
30986,20251106,2
31096,20251222,2
30993,20251030,2
31844,20250820,1
32140,20250926,1
18659,20251013,1
30904,20250916,2
34888,20251201,2
31630,20251119,2
31979,20250813,1
31086,20250818,2
31081,20250804,2
4383,20251226,2
32293,20250731,1
31968,20250719,1
32482,20250914,1
30888,20250903,2
31615,20251117,2
31335,20250819,2
30916,20251207,2
30982,20251124,2
30951,20251211,2
31806,20250914,1
31383,20260109,2
30936,20250827,2
18688,20250927,1
31774,20251013,1
31054,20251229,2
31623,20251215,2
30934,20251215,2
30928,20251115,2
30907,20251107,2
30976,20251201,2
31099,20250903,2
30901,20251216,2
18575,20250717,1
34842,20250723,2
31671,20251130,2
30916,20260104,2
15537,20260101,1
28641,20260101,1
31052,20260107,2
31000,20251018,2
31005,20251022,2
32287,20250725,1
30951,20251124,2
30891,20260105,2
31266,20251230,2
31774,20251015,1
30982,20251223,2
30992,20250819,2
30900,20260103,2
21915,20251211,2
31346,20250909,2
30927,20251206,2
30912,20250911,2
31000,20251119,2
31078,20250826,2
18657,20250723,1
30885,20251026,2
30926,20251001,2
30986,20250930,2
30894,20251109,2
31078,20251224,2
32066,20251124,1
30964,20250825,2
32090,20250817,1
31009,20251017,2
32120,20251031,1
30895,20260110,2
31090,20250822,2
30989,20251231,2
18688,20250724,1
31847,20251129,1
31968,20251027,1
32336,20251111,1
30938,20251204,2
31079,20251016,2
31860,20251021,1
31806,20250813,1
32188,20250823,1
31005,20251010,2
30982,20251225,2
31101,20250924,2
31840,20251201,1
30885,20251009,2
35089,20251031,2
32027,20251104,1
31079,20251212,2
31749,20251025,1
32225,20251218,1
18687,20250909,1
32234,20250731,1
31952,20250906,1
32188,20250901,1
32325,20251121,1
30905,20251010,2
30887,20251221,2
31063,20251215,2
30898,20251224,2
31016,20251231,2
30998,20250902,2
31847,20251207,1
31061,20250820,2
30936,20251009,2
31082,20250806,2
30886,20251001,2
30858,20250826,2
30937,20251001,2
31933,20251211,1
31521,20251119,2
30937,20251122,2
30921,20251231,2
31772,20251009,1
15541,20251231,1
18686,20250930,1
30901,20251111,2
30964,20250731,2
12714,20250929,2
31050,20251105,2
30933,20250817,2
31876,20251215,1
31383,20260104,2
31099,20250907,2
31019,20251211,2
31138,20251221,2
31805,20250803,1
30915,20251117,2
31887,20250813,1
30925,20250806,2
31006,20251231,2
31082,20251204,2
31083,20251111,2
30912,20251121,2
18657,20251117,1
30923,20250812,2
27961,20250717,1
32140,20251002,1
31346,20250810,2
30894,20251208,2
31821,20250810,1
30936,20250725,2
30932,20250902,2
31000,20251216,2
30931,20251101,2
30965,20251003,2
12714,20251114,2
31099,20250928,2
30933,20251125,2
32284,20251125,1
32066,20251130,1
32027,20250806,1
30885,20260101,2
31692,20251216,1
31346,20251110,2
31623,20251122,2
32166,20250906,1
18684,20251005,1
31089,20251110,2
31054,20250920,2
31981,20251002,1
31346,20251016,2
30922,20251130,2
30981,20260104,2
32120,20250920,1
31855,20250819,1
30889,20250824,2
31335,20250814,2
32336,20250929,1
30937,20250720,2
30898,20251115,2
18687,20250915,1
21855,20250915,1
31774,20250720,1
30986,20251029,2
31876,20250921,1
31629,20250909,2
36734,20250804,2
30985,20260101,2
31081,20260101,2
31009,20251215,2
31805,20251022,1
31750,20251208,1
30998,20251227,2
31041,20251025,2
31876,20251020,1
31876,20250830,1
31335,20250812,2
31035,20251207,2
31981,20251115,1
31926,20251130,1
31038,20250805,2
32401,20250722,1
27959,20250825,2
31613,20251214,2
30984,20251015,2
31018,20260109,2
30894,20251221,2
31687,20251027,1
31050,20250928,2
31099,20250908,2
31138,20250919,2
30894,20251214,2
30926,20251126,2
32105,20251127,1
34843,20250826,1
18575,20250907,1
31090,20260104,2
30976,20251105,2
31981,20251020,1
31009,20251208,2
31006,20250731,2
31274,20250928,2
31335,20251215,2
31206,20251216,2
30906,20251121,2
30981,20251225,2
31000,20251124,2
32826,20250815,1
30925,20250925,2
18592,20251127,1
18686,20250910,1
12714,20250812,2
18570,20250919,1
30964,20250725,2
30936,20251117,2
31054,20250929,2
14785,20250821,2
31138,20250908,2
28134,20251002,2
32317,20251130,1
31842,20251129,1
32090,20251117,1
31082,20250725,2
31871,20250830,1
31248,20251210,2
30971,20251213,2
31610,20251230,2
30916,20250801,2
32228,20250718,1
30889,20250912,2
30891,20251218,2
31981,20251111,1
31750,20250724,1
32284,20251209,1
31008,20250727,2
30885,20251012,2
30904,20251112,2
30916,20250731,2
32065,20251017,1
31618,20251118,2
36283,20250728,2
30908,20260102,2
30992,20250807,2
31005,20251117,2
30980,20251122,2
31014,20251217,2
30985,20251220,2
269,20251118,1
31774,20250824,1
30920,20251024,2
30920,20251120,2
79,20251224,2
31078,20251201,2
31877,20250726,1
31808,20250906,1
1217,20251224,2
35511,20251001,2
30915,20251208,2
30900,20251022,2
30932,20260105,2
31626,20251013,2
31857,20250913,1
18687,20250917,1
12637,20251124,2
30915,20250920,2
31981,20250811,1
31002,20251221,2
18632,20250906,1
31274,20251019,2
32293,20251026,1
32027,20251030,1
31005,20251119,2
31829,20250801,1
31083,20250908,2
14784,20251127,2
30994,20251108,2
31671,20251226,2
30889,20251109,2
30885,20260109,2
32336,20250915,1
31385,20251013,2
31887,20250721,1
32457,20251105,1
31877,20250914,1
31806,20250718,1
30952,20251218,2
32485,20251008,1
30889,20251023,2
30933,20250829,2
31806,20250822,1
12637,20251103,2
32061,20250930,1
30891,20250918,2
31005,20251014,2
32105,20250717,1
32325,20250927,1
30900,20250903,2
31383,20251201,2
31887,20251102,1
31335,20260110,2
31807,20250827,1
31086,20251024,2
31081,20250819,2
21915,20250717,2
31805,20251219,1
32485,20250827,1
31607,20260109,2
31683,20250819,1
31099,20250812,2
30926,20251207,2
31857,20250816,1
31671,20260102,2
31138,20250929,2
30883,20251123,2
32064,20250818,1
30928,20251204,2
31054,20251201,2
31686,20250908,1
30952,20251104,2
31002,20251210,2
30900,20251029,2
30896,20251221,2
30901,20250825,2
30903,20251210,2
31006,20250801,2
30898,20251203,2
31532,20251109,2
31732,20250901,1
30907,20260102,2
31079,20251005,2
30906,20251214,2
31976,20250804,1
31005,20251128,2
32105,20250821,1
32061,20250809,1
31038,20250807,2
18569,20251217,1
31270,20260110,2
30887,20251008,2
31138,20251215,2
30915,20251111,2
30992,20250804,2
30898,20250801,2
31083,20251023,2
31626,20251030,2
30885,20251204,2
31105,20250911,2
30891,20251225,2
30896,20251025,2
31618,20250907,2
30905,20250929,2
32218,20250804,1
18686,20251201,1
18659,20251221,1
31102,20251226,2
30933,20251007,2
18572,20251108,1
32293,20251124,1
32228,20251102,1
32066,20250802,1
31383,20260103,2
31626,20251206,2
12714,20251125,2
32218,20250816,1
31008,20250830,2
31817,20251104,1
30934,20251219,2
31933,20250910,1
31267,20251005,2
18687,20251116,1
30900,20251024,2
32212,20251109,1
30932,20250829,2
31009,20251117,2
31335,20251022,2
32334,20251015,1
31054,20250907,2
30883,20251221,2
32164,20250929,1
30859,20250820,2
31083,20251124,2
18687,20251208,1
31253,20260109,2
31412,20251229,2
30916,20250920,2
31008,20251227,2
31776,20251117,1
30885,20250815,2
32140,20251209,1
30897,20251114,2
1186,20250804,1
31038,20250810,2
31385,20260105,2
1170,20250825,2
31623,20251114,2
30936,20250814,2
18630,20250912,1
31618,20260102,2
31078,20251102,2
32827,20250831,1
32287,20251031,1
31621,20250919,2
12714,20250821,2
30897,20251029,2
31006,20260101,2
31050,20250729,2
30914,20251209,2
30862,20250817,2
30897,20250723,2
31608,20251223,2
31082,20251214,2
30986,20251220,2
32326,20250811,1
31007,20251006,2
30885,20250924,2
30903,20251201,2
31628,20251119,2
35489,20251201,2
31615,20251105,2
30992,20250831,2
31007,20260105,2
31079,20251229,2
32065,20251009,1
30965,20250910,2
31346,20251019,2
30866,20250826,2
30925,20251019,2
30916,20251026,2
31270,20251118,2
30898,20251017,2
18687,20251210,1
31933,20250917,1
32120,20250928,1
30988,20251229,2
31138,20251010,2
30920,20251011,2
18575,20251005,1
31061,20250929,2
31005,20251217,2
30901,20260110,2
31274,20251228,2
15536,20251231,1
34842,20250827,2
18575,20250806,1
31006,20251001,2
32120,20250929,1
20,20260403,2
31683,20250813,1
30905,20251202,2
31389,20251111,2
32457,20250813,1
31608,20251211,2
31945,20250822,1
31968,20251129,1
30900,20251207,2
30891,20251102,2
32164,20250924,1
30904,20250730,2
31615,20260102,2
30926,20250920,2
32139,20250808,1
31855,20251023,1
31005,20250730,2
31138,20251129,2
30865,20250828,2
31138,20250920,2
32065,20250926,1
31243,20260109,2
18659,20251129,1
31001,20251115,2
30971,20251119,2
35089,20251014,2
18572,20250803,1
30933,20250824,2
30992,20250921,2
30963,20250822,2
31061,20250826,2
30973,20251220,2
31101,20251114,2
30908,20251112,2
30922,20250923,2
18659,20251001,1
31887,20251112,1
31629,20260110,2
31267,20251230,2
268,20251126,2
32164,20251009,1
30969,20251122,2
18657,20251023,1
31274,20251207,2
31887,20250925,1
31926,20250912,1
31876,20250901,1
32210,20250821,1
32222,20251126,1
30887,20251129,2
31618,20251110,2
30971,20251222,2
31618,20251117,2
30897,20260103,2
31687,20251121,1
31081,20251210,2
31618,20250920,2
31385,20251101,2
3814,20260403,2
31105,20250927,2
31807,20251215,1
30907,20250927,2
31869,20251117,1
32317,20250818,1
30949,20250810,2
30901,20251224,2
18684,20251123,1
31271,20251109,2
31023,20251211,2
30897,20251118,2
30994,20251101,2
31007,20251008,2
12662,20251225,2
31346,20250818,2
18575,20251130,1
31968,20251014,1
32061,20250801,1
34854,20251130,2
36345,20251205,2
30904,20251206,2
31630,20251003,2
31014,20251216,2
31414,20251215,2
32326,20251028,1
31033,20250729,2
32188,20250810,1
30926,20250913,2
31078,20251030,2
30926,20251003,2
18688,20250915,1
31018,20251107,2
30907,20251213,2
31010,20251110,2
32277,20251102,1
31776,20250924,1
31615,20250921,2
31887,20250913,1
35075,20251122,2
32256,20250915,1
21915,20251117,2
30925,20251116,2
30936,20251128,2
32271,20251221,1
30897,20250825,2
31779,20250808,1
31081,20250923,2
30964,20250922,2
30993,20251226,2
30971,20251210,2
30995,20251230,2
30983,20251217,2
31050,20251109,2
30916,20250820,2
30907,20251027,2
32323,20251112,1
31808,20250914,1
31414,20250802,2
31904,20251201,1
30908,20251225,2
18575,20250911,1
30920,20250915,2
31346,20250901,2
30912,20251013,2
30965,20251214,2
31383,20251123,2
12714,20250925,2
31138,20250923,2
269,20260101,2
30998,20250928,2
30888,20250906,2
30923,20250721,2
32325,20251020,1
31007,20251224,2
30952,20251011,2
31981,20251025,1
31267,20251003,2
31000,20251011,2
32275,20251015,1
30987,20251106,2
30885,20250806,2
34843,20251119,2
32140,20251208,1
18573,20251215,1
30993,20251123,2
30904,20250822,2
31623,20251221,2
31010,20251024,2
30931,20251229,2
30908,20251117,2
31630,20251129,2
30914,20251105,2
31086,20251218,2
18576,20251020,1
31138,20251021,2
30867,20250817,2
32139,20251214,1
14785,20250807,2
30977,20251231,2
30927,20251129,2
20364,20250825,1
28134,20260101,2
21915,20251002,2
32271,20250721,1
18605,20250905,1
31078,20251011,2
31772,20250819,1
31806,20250917,1
30897,20251117,2
31271,20251104,2
21855,20250717,1
18670,20250911,1
30949,20250829,2
31015,20251120,2
31383,20251221,2
31751,20251011,1
30888,20251003,2
32485,20251216,1
31081,20251201,2
30904,20250808,2
31083,20251012,2
12714,20250801,2
30927,20251115,2
32485,20250816,1
32065,20250804,1
18630,20251017,1
30885,20251224,2
30993,20251015,2
32323,20251106,1
31001,20250901,2
269,20251223,1
30889,20250921,2
31001,20251005,2
31615,20251028,2
32140,20251023,1
31630,20251101,2
31015,20251225,2
31615,20251120,2
30885,20260107,2
12714,20250916,2
30933,20250924,2
31081,20251204,2
31979,20251113,1
35089,20250801,2
31063,20251116,2
31979,20250818,1
31015,20260102,2
31015,20260110,2
30902,20250918,2
30952,20250923,2
31270,20251203,2
31841,20250808,1
32066,20251011,1
31000,20251214,2
31691,20251128,1
31621,20250805,2
30885,20251128,2
31014,20251231,2
31628,20251210,2
31887,20250820,1
32164,20250910,1
30896,20251006,2
30936,20251115,2
31081,20250825,2
31041,20251028,2
31629,20251007,2
30934,20251104,2
31772,20251127,1
31007,20250905,2
31981,20250906,1
30937,20260105,2
31335,20250828,2
32275,20251113,1
30982,20251104,2
31683,20251030,1
31050,20250820,2
31628,20260101,2
18659,20251028,1
32316,20250809,1
18670,20250902,1
30922,20251103,2
30857,20250807,2
32287,20250816,1
32334,20250831,1
31041,20251113,2
30963,20250826,2
31869,20250901,1
32064,20250721,1
30987,20251219,2
31267,20251014,2
31968,20250715,1
30889,20250924,2
32027,20250804,1
30904,20251209,2
31629,20251231,2
31979,20251023,1
30933,20250918,2
30936,20251027,2
32323,20251207,1
31887,20251011,1
32164,20250812,1
32315,20250810,1
31059,20251104,2
34860,20250825,2
30904,20251201,2
30929,20250717,2
30951,20251025,2
30951,20250810,2
30985,20251231,2
31008,20250831,2
32287,20251124,1
30965,20251010,2
30922,20251008,2
30921,20251123,2
31096,20251107,2
35511,20251204,2
18659,20251109,1
30964,20251210,2
31099,20251231,2
31001,20251218,2
32227,20250719,1
31686,20250720,1
31105,20250731,2
30923,20251227,2
18670,20250819,1
31869,20250922,1
31952,20250802,1
31615,20251222,2
18602,20251105,1
31607,20260106,2
689,20251231,2
30985,20251113,2
31099,20251219,2
30904,20251124,2
31078,20251113,2
30898,20251101,2
30933,20251218,2
31346,20250923,2
31389,20251228,2
31840,20251117,1
30888,20251009,2
31105,20250920,2
30896,20251115,2
30920,20250929,2
35089,20250717,2
30886,20251010,2
35089,20250804,2
30994,20251206,2
32228,20251128,1
32317,20251124,1
30964,20251103,2
31050,20250817,2
32482,20250907,1
30927,20250825,2
30885,20250819,2
30984,20251024,2
32218,20251122,1
30883,20251204,2
31346,20251230,2
30894,20250905,2
30969,20260102,2
31696,20251214,1
30926,20250921,2
31847,20251108,1
31887,20250928,1
31101,20250805,2
30905,20251124,2
31268,20260102,2
31686,20251005,1
31526,20260106,2
31751,20251019,1
31102,20251206,2
30897,20251014,2
31615,20250923,2
30894,20250923,2
31806,20250811,1
30929,20251010,2
32275,20251217,1
32334,20251021,1
30933,20250723,2
30965,20251104,2
31027,20250829,2
31001,20251014,2
32293,20250920,1
31817,20251023,1
30925,20251210,2
31887,20250825,1
31840,20251124,1
31621,20250811,2
36749,20250825,1
31855,20251105,1
31041,20250916,2
30932,20251201,2
31078,20250810,2
31002,20251016,2
15538,20251231,2
32064,20250808,1
32485,20250901,1
35075,20250921,2
31846,20250811,1
36342,20250806,2
31269,20251210,2
30925,20250816,2
32323,20251005,1
31629,20250928,2
32027,20250807,1
31629,20251028,2
35075,20251114,2
31089,20251021,2
30912,20251202,2
30982,20260107,2
18687,20250921,1
31078,20251019,2
31857,20251013,1
31750,20251014,1
32317,20251008,1
18636,20251211,1
14802,20250915,1
18570,20251201,1
30888,20251019,2
32140,20251122,1
32064,20251022,1
30951,20250828,2
30964,20250911,2
32064,20250910,1
31932,20251006,1
31904,20251116,1
18657,20251203,1
31887,20251214,1
31945,20251205,1
31041,20251214,2
31904,20251121,1
32287,20250810,1
30952,20251019,2
32317,20251030,1
31623,20251230,2
30969,20251128,2
31078,20250725,2
31015,20251110,2
1172,20260101,2
32323,20251002,1
31041,20251117,2
30907,20251015,2
31389,20251115,2
31904,20250830,1
30905,20251228,2
30920,20251014,2
15537,20250825,2
31968,20251119,1
36204,20250804,2
31000,20251013,2
31806,20251113,1
31629,20250927,2
30888,20251120,2
30915,20250825,2
30965,20250811,2
30936,20250906,2
30931,20251214,2
31019,20260102,2
30901,20251104,2
14784,20251107,2
31059,20251221,2
30963,20251003,2
31626,20251018,2
21855,20251118,1
30995,20251223,2
30918,20251021,2
31388,20260101,2
30883,20251010,2
30905,20260103,2
30900,20251031,2
36204,20251027,2
31002,20251014,2
17180,20260406,1
32256,20251007,1
30932,20260103,2
30902,20251023,2
32401,20250813,1
31806,20251216,1
35075,20251118,2
30995,20251208,2
18576,20251125,1
31532,20251125,2
30980,20251113,2
21915,20251120,2
31832,20250915,1
34843,20250819,1
32090,20250814,1
30903,20251222,2
30940,20250812,2
31063,20251217,2
31027,20250830,2
30920,20251127,2
31777,20251012,1
32228,20250920,1
30902,20260104,2
31079,20250901,2
32212,20251207,1
31821,20250830,1
35250,20251201,1
31844,20251008,1
31056,20260104,2
31050,20250909,2
18659,20251203,1
35075,20250823,2
32139,20250903,1
31820,20250728,1
31629,20260108,2
31050,20251002,2
31099,20250914,2
31009,20251027,2
30933,20251102,2
31979,20250824,1
30923,20250802,2
30936,20251114,2
32273,20251031,1
30886,20250826,2
30951,20250924,2
30889,20250718,2
32293,20250917,1
31002,20250828,2
31968,20250916,1
30862,20250831,2
268,20250715,2
30982,20251106,2
31686,20250913,1
18603,20250922,1
32326,20251120,1
30985,20251111,2
31038,20250724,2
31979,20250920,1
12714,20260101,2
31266,20251201,2
31015,20251206,2
30964,20251006,2
31018,20251117,2
34929,20250825,2
31083,20250928,2
12639,20250919,1
31015,20251210,2
31383,20251124,2
32485,20250724,1
31615,20250820,2
31018,20250929,2
31333,20251226,2
31035,20260101,2
1218,20250825,2
30915,20250927,2
30998,20250809,2
30970,20251211,2
30920,20250905,2
31751,20251013,1
31333,20251204,2
12635,20251224,2
30963,20250805,2
30933,20251230,2
31089,20251106,2
31385,20251018,2
12640,20250908,1
30929,20251130,2
31090,20250815,2
30964,20251018,2
31050,20251005,2
30979,20251107,2
31871,20251011,1
31346,20251023,2
31978,20250722,1
31024,20251209,2
30933,20251028,2
31037,20250812,2
31774,20250724,1
18576,20251029,1
31006,20250821,2
31806,20250824,1
32256,20251014,1
30897,20251222,2
269,20251203,1
32222,20250925,1
36202,20250804,2
31105,20250727,2
31687,20251117,1
30942,20250829,2
31904,20250814,1
18659,20250818,1
31805,20251125,1
31750,20251124,1
30975,20260106,2
31876,20250826,1
30931,20251206,2
30890,20260102,2
30887,20251108,2
31138,20251020,2
1170,20251128,1
31099,20251026,2
31274,20250929,2
12637,20251117,2
31083,20260103,2
31981,20251116,1
31842,20250728,1
30993,20251112,2
30926,20251122,2
31269,20251223,2
31932,20251024,1
30885,20251029,2
32216,20250925,1
32277,20250720,1
32326,20250924,1
32275,20251126,1
30859,20250814,2
31267,20250817,2
30900,20251222,2
31101,20250914,2
30995,20251213,2
32271,20250912,1
30906,20251231,2
31050,20260103,2
30965,20251129,2
32485,20251203,1
31001,20251224,2
31061,20251128,2
31024,20260103,2
30904,20251119,2
31968,20251018,1
1170,20251219,1
31860,20251211,1
31805,20250920,1
31002,20251008,2
30922,20251118,2
31618,20250918,2
30891,20250801,2
12714,20251107,2
30931,20251228,2
30970,20251222,2
30971,20251110,2
31806,20250801,1
31024,20251231,2
31006,20250819,2
31817,20251001,1
31414,20250825,2
31666,20260406,1
30910,20251019,2
30922,20250824,2
18686,20250903,1
31001,20251209,2
31979,20251220,1
30928,20251211,2
31009,20251014,2
31138,20250802,2
31750,20250717,1
30932,20251020,2
31015,20251117,2
30889,20250725,2
32318,20250728,1
31018,20251020,2
30864,20250826,2
31346,20251209,2
31138,20250815,2
30896,20251207,2
4415,20250715,1
31751,20251008,1
30929,20250808,2
30922,20251101,2
30857,20250727,2
32485,20250814,1
31009,20250912,2
31806,20251205,1
18570,20250830,1
32090,20250808,1
32293,20251107,1
31806,20250918,1
30932,20251022,2
32229,20250910,1
31050,20251022,2
18684,20251025,1
30998,20260101,2
30964,20251214,2
31005,20251127,2
30910,20250801,2
31078,20250917,2
30932,20250916,2
31383,20260108,2
30998,20250909,2
31050,20251020,2
30998,20251117,2
31335,20251124,2
32027,20251208,1
30979,20251122,2
268,20251127,2
32139,20251022,1
30963,20251202,2
18632,20250920,1
30862,20250815,2
32215,20250719,1
32066,20251019,1
31887,20250917,1
30951,20251003,2
30969,20251202,2
31383,20260110,2
30901,20250901,2
30933,20251019,2
31059,20251124,2
31806,20251118,1
12637,20251216,2
31061,20250922,2
18604,20250720,1
30900,20260101,2
31023,20260107,2
32699,20251019,1
31061,20250811,2
30903,20250902,2
30907,20251114,2
32316,20251018,1
30932,20251118,2
30937,20251217,2
31385,20251214,2
28134,20251013,2
34979,20250826,1
31978,20250719,1
32293,20251029,1
32457,20251014,1
30905,20250914,2
32065,20250904,1
30915,20251210,2
31105,20251226,2
31000,20251208,2
31099,20251104,2
30973,20251209,2
31138,20250813,2
30920,20251025,2
30951,20251113,2
31018,20251016,2
30912,20251029,2
28134,20250915,2
30912,20251125,2
31687,20251006,1
30927,20260104,2
30952,20251010,2
32485,20250902,1
30992,20250827,2
31840,20251027,1
31424,20251230,2
31821,20250907,1
30952,20250818,2
30887,20251211,2
30916,20250803,2
18686,20251020,1
30903,20250811,2
18657,20250917,1
31014,20251211,2
31059,20251029,2
18570,20251124,1
12639,20251017,1
30901,20250817,2
32256,20250818,1
31096,20251113,2
31101,20251021,2
31270,20251027,2
31979,20251005,1
31532,20251202,2
30857,20250804,2
19,20251226,2
32325,20251205,1
30920,20251218,2
32485,20251110,1
30932,20251031,2
31082,20251029,2
30920,20251113,2
31385,20251218,2
31015,20251108,2
30896,20250904,2
32090,20251208,1
30865,20250730,2
4415,20250718,1
32218,20250728,1
32139,20251019,1
31626,20251104,2
30964,20250724,2
31000,20260101,2
30938,20251221,2
31090,20250804,2
18576,20251001,1
31037,20250805,2
30891,20250726,2
31061,20250924,2
30922,20251026,2
30889,20250901,2
30915,20251013,2
31063,20251221,2
31138,20251023,2
30989,20251213,2
18657,20250827,1
32336,20250908,1
31007,20250925,2
30910,20250730,2
30992,20250914,2
32334,20250827,1
31842,20251019,1
31844,20250815,1
30982,20251122,2
31932,20250818,1
30998,20251215,2
31050,20251027,2
31683,20250903,1
34842,20250806,2
32334,20251123,1
32256,20250916,1
31090,20251009,2
31686,20250929,1
18592,20251013,1
31096,20250730,2
31687,20250726,1
31019,20251212,2
31615,20251012,2
30904,20250921,2
31621,20260109,2
18576,20251204,1
32485,20250906,1
31844,20250730,1
32166,20250802,1
30902,20251115,2
32140,20251020,1
30965,20251206,2
31521,20260102,2
15538,20251225,2
12714,20250909,2
31079,20250908,2
32065,20250913,1
30900,20251225,2
32210,20250729,1
30910,20250830,2
18636,20250716,1
31615,20251031,2
30898,20251227,2
18686,20251031,1
30982,20251209,2
35571,20251105,2
32188,20250720,1
34975,20250806,2
12639,20251003,1
12714,20250720,2
31268,20260106,2
31089,20251226,2
27962,20251119,1
31269,20260103,2
31979,20251117,1
30952,20250822,2
31532,20251101,2
31876,20251109,1
32293,20250905,1
31079,20260110,2
30985,20251219,2
30910,20250828,2
31346,20251031,2
31751,20251004,1
32228,20251214,1
30886,20251030,2
32326,20251009,1
31623,20251128,2
32485,20250820,1
18686,20250901,1
31876,20250817,1
268,20251202,2
30951,20260109,2
31138,20251003,2
18592,20251104,1
30964,20250820,2
30927,20250814,2
30952,20250826,2
30899,20251225,2
31414,20251127,2
30898,20251005,2
31000,20251014,2
31981,20251110,1
31808,20250831,1
31005,20250729,2
30925,20251003,2
30889,20251004,2
30938,20251114,2
31385,20251209,2
31017,20250723,2
11066,20251024,1
30923,20250724,2
32485,20251023,1
32090,20250923,1
31061,20250912,2
31101,20251108,2
32334,20250930,1
30887,20250912,2
18659,20251201,1
32139,20250831,1
30929,20250916,2
30998,20251025,2
30949,20250809,2
30857,20250830,2
30889,20251128,2
30859,20250831,2
32140,20251112,1
5148,20251226,2
30932,20251217,2
31698,20250823,1
32140,20250818,1
31335,20251018,2
31009,20250913,2
30900,20251028,2
31105,20250811,2
30971,20251205,2
18576,20250822,1
31981,20250919,1
31061,20250821,2
268,20251226,2
1170,20251014,1
30902,20251222,2
30890,20251231,2
31618,20251228,2
32317,20250910,1
30988,20251211,2
35089,20251012,2
31033,20250822,2
35089,20251117,2
31774,20250927,1
30890,20251204,2
4383,20251231,2
12640,20251021,1
35075,20250919,2
31322,20260107,2
31008,20251026,2
31811,20250901,1
30994,20251215,2
18569,20251112,1
31253,20251211,2
30899,20260103,2
31083,20251226,2
31813,20250818,1
21915,20251216,2
31252,20251207,2
30889,20251005,2
32027,20250724,1
30891,20250830,2
31102,20251223,2
31038,20250719,2
35075,20250805,2
30858,20250731,2
30910,20250902,2
30901,20251203,2
30981,20251005,2
37417,20251225,2
31952,20251108,1
18575,20250910,1
31101,20250803,2
34889,20250820,2
31871,20251114,1
31039,20250827,2
31001,20250918,2
31346,20251228,2
32061,20250919,1
32061,20250720,1
18659,20251127,1
31385,20251107,2
268,20251017,2
31750,20250807,1
35089,20250729,2
31774,20251119,1
31270,20260109,2
32259,20250823,1
30936,20250722,2
32061,20251116,1
31826,20250812,1
32066,20251121,1
12714,20250715,2
21915,20260403,2
268,20251203,2
31346,20251107,2
31979,20250904,1
30952,20251105,2
18657,20251124,1
18636,20251205,1
31978,20250726,1
31877,20250802,1
35075,20251207,2
31335,20251023,2
30918,20251110,2
35003,20250804,2
31041,20260104,2
31037,20250825,2
30896,20250924,2
31083,20250907,2
31979,20251012,1
31926,20251031,1
31846,20251110,1
30964,20250827,2
31081,20250818,2
32336,20251204,1
31688,20250926,1
30914,20251128,2
18636,20251104,1
31008,20250909,2
30864,20250828,2
30952,20251007,2
32061,20251008,1
31274,20251126,2
18592,20251124,1
31629,20251209,2
31081,20251016,2
32271,20251130,1
30979,20251109,2
32065,20250915,1
31008,20250804,2
30883,20251130,2
35089,20250724,2
30910,20251222,2
31618,20251227,2
32065,20251006,1
31002,20251218,2
30964,20250806,2
32064,20251215,1
31099,20251226,2
32066,20251214,1
30918,20251120,2
31829,20250809,1
31805,20251107,1
31751,20251203,1
15536,20260403,2
31857,20250928,1
268,20251009,2
35511,20251217,2
30905,20250922,2
31806,20251115,1
12637,20251126,2
31904,20250727,1
32271,20250928,1
31099,20251211,2
30862,20250823,2
30937,20250813,2
30976,20251122,2
36202,20251031,1
30912,20251229,2
31414,20250819,2
18592,20251210,1
18570,20250926,1
31623,20251109,2
30885,20251102,2
30971,20251214,2
31608,20251203,2
18575,20251109,1
268,20250825,2
31860,20251009,1
32218,20251206,1
31385,20251130,2
30989,20260101,2
30937,20260101,2
30920,20251227,2
31618,20251205,2
30897,20250815,2
269,20250905,1
18686,20251218,1
31776,20250902,1
32064,20250917,1
32105,20251024,1
31007,20251105,2
32120,20250808,1
31626,20251201,2
30900,20250824,2
32225,20251126,1
31846,20251122,1
31808,20251005,1
32284,20250911,1
32293,20250722,1
30980,20251123,2
18659,20251111,1
31268,20260110,2
30993,20251227,2
31099,20250930,2
18592,20251209,1
269,20250923,1
31777,20250720,1
31061,20251114,2
1170,20251127,1
31745,20251026,1
31776,20251120,1
30923,20250723,2
30963,20250816,2
30938,20251112,2
31832,20250818,1
31008,20250809,2
269,20250930,1
31270,20251117,2
31857,20250908,1
30916,20251204,2
31006,20251027,2
31081,20250828,2
31046,20260110,2
35571,20251003,2
30943,20250825,2
32065,20250814,1
31102,20260103,2
18592,20250725,1
30929,20250920,2
32234,20250827,1
30859,20250818,2
32322,20250912,1
31981,20250908,1
30894,20251108,2
30946,20250826,2
30864,20250817,2
18657,20251021,1
30894,20250921,2
31383,20251105,2
32485,20251128,1
31267,20251117,2
32323,20251126,1
31979,20251019,1
32287,20251219,1
32234,20250828,1
31105,20250904,2
32325,20250806,1
21915,20251225,2
31005,20250812,2
30929,20251227,2
31806,20251123,1
30973,20260107,2
30984,20251130,2
30902,20251008,2
14169,20251226,1
31981,20251121,1
30900,20250831,2
31904,20250929,1
268,20251106,2
31785,20250727,1
31274,20250901,2
31751,20250725,1
30897,20251024,2
30904,20251031,2
31015,20251114,2
31010,20251005,2
32325,20250730,1
30888,20251113,2
18670,20251027,1
31887,20250803,1
30937,20251208,2
31079,20251120,2
31007,20251231,2
32293,20251010,1
31063,20251218,2
30902,20260110,2
30964,20250930,2
30912,20251030,2
30894,20251004,2
31847,20250719,1
18576,20250729,1
30920,20251220,2
30931,20251124,2
18569,20250909,1
31010,20251006,2
31081,20250916,2
31271,20251116,2
31805,20251205,1
31615,20251216,2
31532,20260105,2
31346,20251229,2
18688,20250814,1
30907,20251006,2
31521,20251115,2
30927,20251226,2
31621,20251119,2
31808,20251122,1
31779,20250905,1
30912,20250909,2
5148,20250715,2
30965,20250720,2
32120,20251117,1
14784,20250925,2
32293,20250809,1
31081,20251002,2
32273,20250929,1
31023,20251218,2
31629,20251122,2
31268,20260104,2
31099,20251218,2
30989,20251215,2
30888,20251128,2
31772,20251128,1
31041,20251118,2
269,20251204,1
30937,20260102,2
31952,20250831,1
30904,20250903,2
31270,20251125,2
30915,20251209,2
30965,20251012,2
30992,20250814,2
31846,20251111,1
35511,20251215,2
31751,20250903,1
30857,20250813,2
31008,20250826,2
31414,20251016,2
32275,20251105,1
30910,20250810,2
30901,20251105,2
31346,20250916,2
31857,20250728,1
30994,20251207,2
30898,20251216,2
31274,20260101,2
18632,20250831,1
31687,20251116,1
30923,20250902,2
31621,20251204,2
30926,20251106,2
31832,20250726,1
30905,20250926,2
32218,20250829,1
31774,20251116,1
12640,20251112,1
31086,20260106,2
31618,20251223,2
31618,20251009,2
189,20260101,2
31083,20251018,2
31008,20251117,2
31079,20251109,2
32293,20251002,1
31968,20251207,1
30910,20251215,2
31807,20250916,1
31099,20260103,2
30902,20251018,2
32284,20251001,1
31010,20251202,2
18572,20250810,1
31904,20250719,1
12714,20251207,2
31979,20251120,1
32164,20250813,1
31526,20251210,2
30902,20251209,2
31006,20250726,2
31105,20251203,2
30951,20250811,2
31041,20250905,2
30998,20251029,2
30898,20260107,2
32064,20251114,1
32065,20250920,1
30891,20251104,2
1171,20250730,1
31414,20250731,2
32229,20250731,1
31979,20250831,1
35075,20250803,2
30963,20260107,2
31847,20250816,1
31772,20250722,1
31266,20260109,2
30993,20251208,2
31061,20250923,2
30883,20251026,2
18659,20251209,1
31613,20251225,2
28134,20251028,2
30887,20250817,2
31101,20251122,2
30984,20251031,2
31630,20251224,2
32061,20251023,1
30929,20251120,2
31243,20251211,2
32334,20251126,1
32485,20251024,1
30915,20251101,2
31267,20251127,2
31267,20251106,2
30965,20251231,2
31629,20251224,2
31006,20251112,2
30934,20260103,2
30925,20250815,2
32212,20250830,1
31844,20251001,1
30903,20251206,2
18573,20251107,1
30984,20251216,2
30886,20251016,2
32675,20250724,1
31081,20251009,2
31869,20250720,1
32222,20251118,1
30916,20250830,2
1218,20251225,2
32284,20251217,1
30908,20260105,2
35089,20251114,2
30891,20260108,2
30887,20250719,2
30965,20251013,2
18575,20250830,1
18659,20250902,1
31933,20251106,1
31105,20251218,2
31926,20251221,1
30976,20260105,2
30965,20251210,2
31618,20251012,2
21915,20251126,2
31831,20250813,1
30910,20250728,2
30920,20251026,2
32166,20250810,1
30925,20260104,2
31079,20251106,2
31876,20251213,1
31089,20251127,2
31086,20251229,2
18657,20250814,1
30933,20251203,2
32256,20250930,1
31008,20250805,2
30884,20251214,2
30923,20250821,2
30926,20250905,2
30927,20250829,2
30932,20251127,2
30992,20251128,2
32315,20250908,1
31105,20250828,2
32326,20251125,1
31138,20250916,2
30918,20250918,2
18575,20251006,1
30907,20250926,2
30899,20251228,2
32216,20251001,1
31086,20250715,2
30898,20250821,2
32226,20251115,1
34888,20250805,2
27960,20251118,1
31041,20251024,2
32027,20250916,1
30888,20251028,2
31002,20250928,2
269,20251126,1
32139,20250820,1
31010,20251113,2
31096,20251006,2
32287,20251128,1
18575,20251003,1
31002,20251010,2
14784,20251216,2
31090,20250825,2
31887,20251125,1
31754,20251102,1
18686,20251112,1
30937,20251215,2
30978,20260109,2
31061,20251008,2
31017,20250830,2
30904,20251121,2
30987,20251116,2
30952,20260102,2
30915,20260101,2
32457,20250729,1
1173,20251226,2
32139,20250922,1
32208,20250811,1
31968,20251012,1
31526,20251028,2
32323,20251004,1
30920,20251018,2
31613,20251211,2
31083,20250922,2
30981,20251026,2
31082,20251205,2
31016,20260105,2
32066,20251020,1
18688,20251119,1
31061,20251020,2
30932,20250906,2
30983,20251229,2
18657,20250901,1
18573,20250725,1
30971,20251226,2
30920,20251017,2
18688,20251204,1
31389,20251108,2
31526,20260108,2
31018,20251106,2
30936,20260101,2
31887,20251218,1
31006,20250809,2
30937,20250830,2
32139,20251113,1
31018,20250914,2
32064,20251201,1
30891,20260109,2
36204,20250724,2
31979,20251214,1
32284,20250925,1
30910,20251027,2
35089,20250722,2
31615,20250801,2
30936,20251212,2
31666,20251201,1
30865,20250729,2
30922,20251213,2
34888,20251028,2
31615,20251129,2
35511,20251106,2
30902,20251104,2
31274,20251018,2
31869,20250809,1
31008,20251216,2
31846,20250805,1
31050,20251130,2
15540,20250825,2
32218,20251026,1
30937,20250920,2
31805,20251111,1
31035,20251206,2
32277,20251213,1
31335,20251030,2
31105,20251118,2
21915,20250721,2
31082,20260106,2
31063,20251216,2
30977,20260102,2
31335,20260106,2
31266,20260101,2
30992,20251023,2
30903,20250915,2
31333,20251228,2
30951,20250830,2
31807,20250808,1
31007,20251230,2
30903,20250804,2
31968,20250731,1
34979,20250723,1
30963,20250726,2
18012,20251226,2
31750,20251107,1
32064,20251221,1
30905,20260101,2
30896,20251128,2
32090,20250823,1
31018,20250910,2
31096,20250813,2
36283,20251218,2
14785,20250731,2
31869,20250727,1
31054,20251215,2
31002,20250926,2
31078,20250912,2
30920,20250902,2
31335,20251203,2
31933,20250904,1
30963,20250820,2
30969,20251112,2
30994,20251211,2
18575,20250729,1
31618,20251003,2
31054,20251017,2
31346,20251028,2
30933,20251015,2
15540,20251224,1
32064,20250924,1
32334,20251124,1
35089,20251127,2
35511,20251120,2
30863,20250730,2
27959,20251215,1
18687,20250804,1
32140,20250728,1
30964,20250812,2
32271,20250921,1
32027,20251020,1
30964,20250813,2
31039,20250721,2
31621,20251107,2
32064,20251105,1
31089,20251209,2
31932,20251107,1
30901,20250719,2
31628,20260104,2
30984,20251208,2
18632,20251004,1
27959,20250922,1
31877,20250929,1
30902,20251225,2
30898,20251206,2
31842,20251205,1
31054,20250809,2
30929,20250824,2
31005,20250927,2
31832,20250811,1
30980,20251106,2
32457,20251208,1
30993,20251230,2
30993,20251014,2
30916,20251112,2
32325,20250817,1
18687,20251115,1
31628,20251211,2
30897,20250806,2
30922,20251221,2
31978,20250801,1
30984,20251028,2
30891,20251021,2
31385,20251120,2
18602,20250828,1
30888,20250827,2
32323,20251203,1
30912,20250829,2
31267,20251223,2
31267,20250823,2
31101,20251031,2
34917,20251222,2
32064,20250728,1
30918,20250818,2
18575,20251112,1
32287,20250927,1
31010,20251114,2
31061,20251207,2
30887,20251105,2
31267,20250828,2
30887,20251205,2
31078,20251110,2
32336,20251030,1
30888,20251202,2
30888,20250914,2
31383,20251028,2
31751,20250825,1
32293,20251208,1
31050,20250911,2
30994,20251030,2
31083,20251011,2
12637,20251002,2
31772,20250929,1
21855,20251205,1
30902,20251116,2
31138,20251121,2
30988,20251217,2
31776,20251002,1
31526,20251218,2
35257,20250804,1
18632,20250830,1
32277,20251108,1
36345,20251113,2
30925,20251110,2
31017,20250807,2
31000,20251010,2
31877,20251108,1
31751,20250926,1
30901,20251207,2
30891,20250922,2
31054,20251123,2
27962,20251001,1
31267,20251017,2
31846,20250715,1
31039,20250809,2
31414,20250904,2
31014,20251206,2
31774,20251014,1
31089,20250816,2
30865,20250823,2
31805,20251007,1
30897,20251126,2
30918,20251215,2
31054,20251025,2
31842,20250929,1
32222,20250807,1
30927,20251117,2
30910,20260103,2
18570,20251114,1
30918,20250803,2
30898,20250825,2
32336,20250924,1
35075,20251007,2
18687,20250809,1
31414,20251012,2
31101,20250827,2
32066,20251018,1
5444,20251226,2
32105,20250822,1
31007,20251113,2
30883,20251108,2
30986,20251213,2
18572,20251213,1
30993,20251108,2
31089,20250913,2
18602,20251009,1
18687,20250914,1
17191,20251226,1
31059,20251210,2
31078,20251203,2
14802,20250716,1
30979,20260101,2
31005,20251124,2
27962,20251126,1
32090,20251210,1
32212,20250929,1
32090,20251204,1
18576,20250717,1
31841,20251027,1
31138,20250819,2
18659,20250715,1
269,20251106,1
31089,20251213,2
31078,20250922,2
31521,20251212,2
32027,20250908,1
30918,20251118,2
31832,20250901,1
32485,20251031,1
31626,20251003,2
30900,20251001,2
30904,20251218,2
31023,20260102,2
31010,20251230,2
32164,20251218,1
31101,20251017,2
31933,20250722,1
32256,20251209,1
31271,20251102,2
31613,20251223,2
30901,20251210,2
31855,20251127,1
31389,20251223,2
31099,20260110,2
30904,20251013,2
30867,20250823,2
30997,20251209,2
31083,20250925,2
30992,20250919,2
30964,20251204,2
14802,20250825,2
32065,20251213,1
18688,20251007,1
30952,20250806,2
32209,20251107,1
30982,20251215,2
36204,20250828,2
31061,20251001,2
17484,20251226,2
31102,20251212,2
18602,20250904,1
32259,20251129,1
30858,20250728,2
32064,20251019,1
31346,20251206,2
18602,20250924,1
30910,20251219,2
30905,20251013,2
30907,20250725,2
30865,20250819,2
18602,20250730,1
31010,20251018,2
18659,20250806,1
30926,20251216,2
30989,20260105,2
31751,20251129,1
30927,20251015,2
30936,20251024,2
31006,20250806,2
32090,20251126,1
32275,20250917,1
31904,20251110,1
31274,20251002,2
32317,20251113,1
30992,20250817,2
30986,20251223,2
32293,20251115,1
31751,20250726,1
18575,20250825,1
30943,20250901,2
31621,20251006,2
31037,20250803,2
30894,20250902,2
31018,20250922,2
30884,20251110,2
31061,20251110,2
31981,20250818,1
18575,20250726,1
31807,20250801,1
31063,20251231,2
18569,20251203,1
32061,20250822,1
31979,20250913,1
31978,20250802,1
31138,20250808,2
31096,20251121,2
32551,20250820,1
32066,20251125,1
269,20251124,1
31871,20250727,1
30971,20251106,2
30883,20251024,2
32222,20250903,1
30900,20250929,2
31050,20251224,2
18659,20251119,1
32218,20251107,1
30898,20250922,2
30916,20251005,2
32061,20250928,1
18573,20251201,1
30906,20251118,2
31002,20251231,2
30929,20250803,2
30992,20251120,2
30883,20251126,2
30888,20251127,2
31105,20260108,2
31629,20251103,2
35075,20251119,2
30926,20251110,2
31019,20251220,2
31691,20250912,1
31805,20251024,1
30916,20251110,2
31776,20251016,1
31089,20250815,2
12640,20250715,1
30901,20250905,2
30919,20260101,2
30897,20250929,2
30907,20250814,2
30886,20250812,2
32259,20250721,1
30897,20251107,2
30897,20250728,2
30993,20251118,2
30888,20251121,2
30889,20251110,2
32140,20250905,1
31054,20250910,2
31698,20250913,1
31096,20250827,2
31270,20251111,2
32457,20251029,1
31005,20251208,2
32334,20250824,1
32066,20251028,1
31414,20251217,2
31090,20251118,2
32061,20251017,1
18630,20251024,1
30964,20251123,2
35089,20250830,2
30986,20251126,2
30993,20250922,2
35511,20251104,2
30887,20250907,2
31001,20251009,2
18688,20250728,1
32336,20250806,1
31099,20251031,2
31008,20250823,2
31008,20251220,2
31041,20251120,2
31078,20250902,2
18604,20250927,1
31683,20250730,1
30986,20251018,2
30992,20260110,2
27962,20250716,1
31805,20251108,1
31871,20250907,1
31000,20251223,2
30969,20251206,2
32061,20251022,1
30912,20251022,2
30916,20250831,2
31806,20250912,1
32140,20250817,1
34976,20250825,2
30992,20251210,2
30914,20251106,2
30971,20251211,2
30964,20250809,2
31857,20250914,1
30986,20260110,2
32105,20250815,1
30933,20250814,2
11066,20251231,2
30912,20251018,2
32212,20250818,1
32273,20251115,1
689,20251225,2
31006,20251002,2
18575,20251111,1
30904,20250807,2
31267,20251207,2
18670,20251209,1
30889,20250809,2
30970,20251225,2
31630,20251004,2
30929,20251009,2
18576,20251202,1
30906,20251229,2
30900,20251109,2
31751,20251102,1
32212,20251123,1
32293,20250726,1
32066,20251123,1
31968,20250914,1
30952,20250828,2
31414,20251008,2
30993,20250818,2
31608,20251107,2
32318,20250811,1
32457,20251013,1
32090,20251031,1
31006,20251115,2
1170,20251113,1
31008,20250921,2
30952,20251031,2
30927,20251128,2
30937,20250810,2
21855,20251208,1
21855,20250925,1
31521,20251116,2
30886,20250819,2
32140,20250906,1
31754,20251025,1
18602,20250917,1
31059,20251201,2
30979,20251205,2
32090,20250721,1
18689,20251205,1
31006,20251031,2
30863,20250813,2
31006,20260109,2
35639,20250723,1
32319,20250724,1
30890,20251110,2
31138,20251118,2
30903,20250922,2
3814,20250716,1
31751,20251016,1
31086,20250922,2
30987,20251222,2
12714,20251030,2
31335,20250830,2
32271,20251207,1
30890,20260105,2
32090,20250819,1
31628,20251109,2
31023,20251203,2
30998,20250821,2
28641,20251225,1
31089,20251218,2
11066,20260403,2
31081,20251005,2
32061,20251210,1
18686,20250717,1
32284,20250826,1
30918,20250829,2
30945,20250831,2
32061,20250724,1
31274,20250909,2
189,20250825,2
18687,20250819,1
31806,20251129,1
31274,20260108,2
32064,20251108,1
30898,20250822,2
31926,20251213,1
10038,20260403,2
30902,20251229,2
31826,20250827,1
27961,20251225,2
30910,20251102,2
34843,20250926,2
31855,20251113,1
32284,20251106,1
30883,20251109,2
31841,20250919,1
12637,20250923,2
31083,20250906,2
31877,20251213,1
31005,20251108,2
30932,20250803,2
31772,20250723,1
31086,20250915,2
30905,20250921,2
30942,20250814,2
14785,20250829,2
31860,20250826,1
30926,20251013,2
32457,20251118,1
18632,20250803,1
31086,20251031,2
30920,20251226,2
31096,20251207,2
31626,20251228,2
32065,20251220,1
30898,20251107,2
30904,20250901,2
32120,20250726,1
31532,20251228,2
18687,20251126,1
31019,20251227,2
17180,20251225,1
32315,20250804,1
30887,20251014,2
32271,20251110,1
32090,20250806,1
18569,20250807,1
31005,20250821,2
31808,20251026,1
31532,20251212,2
31018,20251116,2
1169,20250825,1
34891,20250814,2
12714,20251029,2
32287,20251215,1
30952,20250915,2
18570,20250727,1
31621,20251002,2
32273,20250811,1
32287,20250818,1
1186,20250801,1
32212,20251110,1
31383,20260105,2
31979,20250908,1
32401,20250814,1
30969,20251214,2
32713,20250815,1
30951,20250802,2
32334,20250925,1
18576,20251003,1
30993,20251028,2
31322,20251215,2
31615,20250909,2
32027,20251215,1
30993,20250731,2
31621,20250823,2
31820,20250907,1
36345,20250811,1
31005,20250809,2
31002,20250804,2
18686,20250909,1
1171,20250728,1
31269,20251201,2
35511,20250908,2
31981,20251001,1
30948,20250804,2
30904,20251122,2
30971,20251125,2
36283,20251223,2
32061,20251125,1
31777,20250802,1
32064,20251013,1
31846,20250720,1
31086,20251016,2
31252,20251201,2
11726,20251224,2
14802,20251210,1
30992,20251102,2
30920,20251125,2
30896,20250929,2
35571,20251016,2
30986,20251208,2
30894,20251021,2
32226,20250817,1
30894,20251216,2
18576,20250814,1
30898,20251218,2
30993,20251013,2
34843,20251105,2
12714,20251011,2
32218,20250725,1
31618,20251006,2
30937,20251230,2
31952,20251004,1
32336,20250916,1
35642,20251201,2
31776,20250922,1
31777,20251129,1
32208,20250815,1
35003,20250728,2
30901,20251209,2
31270,20251215,2
30971,20260107,2
31820,20250720,1
30904,20260102,2
31269,20260107,2
32317,20250907,1
31926,20251115,1
31270,20251201,2
31629,20250901,2
32326,20250806,1
35571,20251007,2
31751,20251113,1
32325,20251103,1
31686,20251123,1
30901,20251129,2
31086,20251210,2
31414,20250724,2
31002,20251022,2
36283,20251222,2
30886,20251205,2
30936,20251120,2
31751,20250812,1
30916,20250921,2
31006,20250813,2
31041,20251017,2
31253,20251208,2
30932,20250817,2
31626,20251109,2
30976,20260107,2
32188,20251109,1
268,20251020,2
30947,20250801,2
31099,20260101,2
35511,20251114,2
30929,20250911,2
4272,20250825,2
32061,20251019,1
31876,20251027,1
30995,20251130,2
31023,20260105,2
30933,20251108,2
31253,20251222,2
31081,20251222,2
30925,20250902,2
31086,20251123,2
32457,20250826,1
31266,20251227,2
30897,20251206,2
31806,20250928,1
32322,20250822,1
31008,20251122,2
31099,20250810,2
31014,20251204,2
32273,20250927,1
31061,20251230,2
18659,20250809,1
18688,20251026,1
18636,20250801,1
31933,20250724,1
31346,20250821,2
31096,20250802,2
30916,20251012,2
18570,20251019,1
30993,20260102,2
18569,20251001,1
31690,20251207,1
30969,20260109,2
36283,20251027,2
30942,20250810,2
32485,20251015,1
32228,20250829,1
12714,20251116,2
31023,20251215,2
30891,20251108,2
31018,20251207,2
31243,20260103,2
30906,20251206,2
31532,20251210,2
18575,20251022,1
31751,20251001,1
30936,20250720,2
31006,20250928,2
30975,20260110,2
31887,20251216,1
31871,20251206,1
31687,20251031,1
31860,20251126,1
30984,20251030,2
32273,20251123,1
32326,20251119,1
30983,20251205,2
31009,20251202,2
31979,20251006,1
31776,20250804,1
30975,20260108,2
31271,20251119,2
31099,20250923,2
30931,20251212,2
31683,20250805,1
18604,20250803,1
31857,20251012,1
18687,20251027,1
30910,20251201,2
32256,20250908,1
18604,20251215,1
35089,20251104,2
31007,20260103,2
27959,20251103,1
31039,20250723,2
30912,20251217,2
30920,20250922,2
31389,20251229,2
34907,20251201,2
30920,20251108,2
31090,20251203,2
30923,20251123,2
30933,20251207,2
31840,20251208,1
31270,20251217,2
31274,20251214,2
30936,20251202,2
35089,20250913,2
31266,20251117,2
34975,20251030,2
30976,20260108,2
31267,20251023,2
30898,20251003,2
31105,20251022,2
30904,20250915,2
31844,20250813,1
31010,20251129,2
31806,20250729,1
18687,20250928,1
32216,20251119,1
30964,20250726,2
18687,20251202,1
30891,20251116,2
30907,20250903,2
36284,20250812,2
35511,20250924,2
31138,20251214,2
18686,20250905,1
30938,20251128,2
15776,20251225,1
31019,20251214,2
32256,20250724,1
30985,20251126,2
18687,20251016,1
32061,20250812,1
18686,20250808,1
31732,20250922,1
14784,20251218,2
31687,20250811,1
30951,20251102,2
31860,20251217,1
31061,20260102,2
31039,20250725,2
30933,20251130,2
18604,20251220,1
1171,20250821,1
32120,20251019,1
30927,20250823,2
31138,20250722,2
18670,20250910,1
14802,20251202,1
31779,20251121,1
31389,20251227,2
30910,20251211,2
31926,20250901,1
30915,20251115,2
31089,20251230,2
30900,20250804,2
32061,20251014,1
30896,20260102,2
31090,20251005,2
32210,20250819,1
31847,20250913,1
30938,20251218,2
31805,20250918,1
18576,20250726,1
31805,20251001,1
32293,20251120,1
30964,20250905,2
18670,20251112,1
30943,20250822,2
36345,20251218,2
30902,20251231,2
32317,20250921,1
32228,20251027,1
31099,20251112,2
30971,20251231,2
31018,20251125,2
31089,20251004,2
32485,20250912,1
31389,20260103,2
30923,20251104,2
32166,20251220,1
31002,20251201,2
30938,20251225,2
14802,20251013,1
30897,20250911,2
32061,20250917,1
30885,20250926,2
31000,20251215,2
30901,20250903,2
31608,20251115,2
34917,20250807,2
31805,20250928,1
31686,20250721,1
31414,20250805,2
31887,20250905,1
32027,20250904,1
31005,20250911,2
30994,20251128,2
31138,20260107,2
31039,20250901,2
32259,20251209,1
30925,20250928,2
12640,20251103,1
31952,20251025,1
31750,20251118,1
31774,20250812,1
30998,20251113,2
31751,20251207,1
268,20250926,2
32282,20251024,1
31932,20251121,1
31266,20251116,2
35089,20251013,2
30862,20250822,2
32326,20251127,1
31630,20251204,2
31081,20250807,2
32090,20251120,1
31138,20250830,2
30902,20251109,2
31002,20251018,2
31688,20251027,1
21855,20250917,1
1171,20260403,2
30998,20251003,2
31805,20250827,1
31096,20251019,2
14802,20250926,1
31089,20251202,2
4383,20260101,1
31050,20251126,2
32259,20251130,1
31777,20251102,1
32066,20250823,1
32275,20251119,1
31052,20260101,2
18670,20251022,1
31081,20251115,2
30925,20251021,2
30901,20251004,2
30912,20250927,2
14802,20250919,1
18659,20251108,1
30858,20250825,2
31683,20250828,1
31613,20251224,2
32273,20250810,1
31952,20251011,1
32090,20251130,1
32120,20251215,1
32287,20251116,1
35089,20250829,2
30965,20251230,2
32326,20251104,1
18688,20250909,1
30887,20251002,2
30937,20250921,2
12635,20250825,1
31832,20250831,1
31751,20250927,1
18689,20251107,1
31751,20250728,1
32485,20250829,1
31138,20250927,2
32105,20250904,1
31813,20250810,1
30943,20250826,2
30918,20251006,2
32228,20251116,1
31816,20250726,1
31926,20250908,1
31101,20251207,2
30992,20250808,2
32139,20251106,1
31008,20251024,2
31683,20251029,1
31008,20251211,2
32336,20251009,1
30986,20251110,2
30965,20250806,2
31005,20250805,2
32065,20250808,1
31385,20260107,2
30901,20260102,2
30951,20251227,2
31687,20250922,1
34843,20251210,2
35511,20250904,2
32061,20250825,1
30996,20260103,2
31933,20251008,1
30998,20251226,2
18636,20251015,1
18687,20250730,1
31089,20251006,2
30927,20250717,2
32485,20250815,1
31807,20250811,1
31270,20251126,2
30862,20250818,2
31089,20251020,2
31079,20260104,2
32222,20251112,1
32065,20251104,1
31869,20250802,1
32061,20251121,1
31621,20250925,2
31001,20251226,2
30904,20251109,2
30896,20250926,2
32259,20251122,1
31346,20251007,2
32287,20251122,1
32061,20250722,1
12714,20250726,2
31926,20251121,1
36202,20250801,1
32066,20250806,1
30969,20251223,2
31805,20250727,1
30898,20251001,2
18686,20250923,1
32228,20251003,1
31876,20250922,1
30951,20251010,2
31040,20250804,2
31385,20251023,2
18670,20251016,1
31018,20251216,2
30903,20250824,2
30933,20251004,2
31521,20251209,2
30905,20251019,2
30916,20251018,2
30888,20251005,2
31385,20251203,2
30933,20250820,2
30951,20250822,2
31618,20251016,2
30965,20250826,2
18592,20251001,1
12637,20251205,2
31033,20250801,2
32064,20251214,1
30937,20251017,2
30986,20251103,2
30932,20250903,2
31014,20251117,2
30980,20251209,2
18572,20251025,1
31621,20250814,2
32277,20251103,1
30907,20251025,2
31001,20251216,2
31876,20251101,1
31630,20251108,2
31105,20251017,2
31059,20251206,2
31887,20251029,1
31083,20251203,2
30986,20251107,2
28641,20251231,1
31904,20251024,1
31806,20250724,1
32140,20251005,1
31876,20250812,1
32457,20250722,1
30932,20251223,2
30888,20250818,2
30997,20251213,2
30918,20251207,2
30914,20251122,2
31772,20251112,1
31035,20251201,2
30977,20260108,2
32273,20251117,1
31621,20250908,2
30897,20250915,2
31610,20260103,2
30905,20251011,2
31608,20251231,2
31751,20250821,1
34842,20250801,2
31089,20260110,2
30904,20250927,2
31096,20251012,2
32273,20251011,1
18576,20251120,1
32317,20250909,1
30929,20251212,2
31038,20250814,2
31006,20251118,2
31063,20251104,2
32166,20250809,1
32064,20251210,1
31521,20251207,2
31274,20251008,2
32275,20250924,1
30897,20250920,2
31101,20251027,2
27961,20250825,2
30916,20251029,2
31831,20250820,1
31086,20250911,2
31335,20251003,2
32273,20250802,1
31007,20251024,2
31267,20251025,2
31007,20251009,2
32323,20250924,1
31613,20251206,2
30965,20251216,2
32225,20251008,1
18688,20251218,1
31926,20251116,1
18573,20250908,1
31054,20251217,2
30976,20251223,2
31063,20251211,2
31089,20250911,2
30905,20250911,2
269,20250926,1
32120,20250921,1
31887,20251030,1
31805,20250806,1
31008,20250920,2
31806,20251124,1
14802,20250924,1
31842,20250725,1
30937,20251004,2
31027,20250828,2
31981,20251009,1
31821,20250913,1
14169,20260406,1
30940,20250831,2
18688,20250822,1
30901,20251006,2
30927,20251106,2
32139,20250825,1
31429,20260110,2
31101,20250814,2
31630,20251221,2
32282,20251107,1
30992,20251221,2
31926,20251108,1
32273,20251101,1
30946,20250815,2
30934,20251106,2
31008,20250722,2
31687,20250831,1
31081,20251206,2
31887,20250915,1
31688,20250822,1
31086,20250829,2
30918,20251119,2
32217,20251020,1
32120,20250825,1
31089,20260107,2
35511,20251024,2
30976,20251107,2
30992,20251216,2
189,20260403,2
32264,20250808,1
30900,20251014,2
32256,20250813,1
31618,20251222,2
32271,20250728,1
30952,20251219,2
30887,20251210,2
30905,20251209,2
18603,20251108,1
18687,20250924,1
30937,20251109,2
31099,20250803,2
32064,20250824,1
30969,20251123,2
31008,20251201,2
18687,20250720,1
30901,20250930,2
31056,20260109,2
31063,20251230,2
30918,20250927,2
30896,20251122,2
31521,20251107,2
31904,20250815,1
18659,20250729,1
18659,20251206,1
31521,20251213,2
31089,20250825,2
18573,20251208,1
32273,20250921,1
30985,20251225,2
30921,20260103,2
30932,20250922,2
30889,20251231,2
32259,20250831,1
34843,20251205,2
30901,20251028,2
30937,20260104,2
31335,20260103,2
30889,20250806,2
30900,20260104,2
31626,20251205,2
31532,20251217,2
30923,20251009,2
18636,20251112,1
30914,20251219,2
32485,20251112,1
30969,20251120,2
31615,20250922,2
31017,20250801,2
30927,20250922,2
31096,20251104,2
35075,20250810,2
31630,20251213,2
30897,20251012,2
32065,20251029,1
31816,20250727,1
31138,20251116,2
30889,20260104,2
32064,20251113,1
35075,20250723,2
31082,20250910,2
32823,20250803,1
31788,20250829,1
31385,20251215,2
30906,20251108,2
31050,20251023,2
18659,20251103,1
31102,20251228,2
18636,20251113,1
32166,20250914,1
31686,20250824,1
32287,20250913,1
35075,20250729,2
31626,20251110,2
31253,20260106,2
30912,20251228,2
30906,20251125,2
30923,20251012,2
30933,20250803,2
31526,20251221,2
30894,20251123,2
30905,20251105,2
31035,20260102,2
31079,20251123,2
31687,20251011,1
31671,20251231,2
32140,20251104,1
30926,20251111,2
28134,20250909,2
31096,20251120,2
31608,20251219,2
31009,20251104,2
31019,20251226,2
31089,20250912,2
31629,20250910,2
32293,20251003,1
30963,20250818,2
30896,20251023,2
31887,20251113,1
31926,20251201,1
12637,20251202,2
31041,20251129,2
18688,20251205,1
31105,20251224,2
35075,20250911,2
32226,20251012,1
32105,20250829,1
31666,20251130,1
32334,20250907,1
31626,20260105,2
30933,20250818,2
30898,20250906,2
30906,20251126,2
30912,20251102,2
35352,20250825,1
18636,20250821,1
31096,20251114,2
268,20250929,2
32188,20251102,1
30929,20251210,2
30952,20251129,2
31772,20251103,1
30921,20251217,2
31092,20260104,2
30865,20250822,2
12916,20250721,1
31754,20251129,1
30891,20251118,2
30932,20250914,2
31015,20251109,2
30920,20251116,2
32334,20250819,1
30901,20250926,2
31772,20250822,1
32336,20250827,1
31630,20260105,2
30901,20250911,2
31002,20251028,2
31010,20251009,2
31887,20251005,1
30963,20251101,2
31772,20250728,1
31002,20251217,2
30902,20251206,2
31054,20251108,2
30914,20251120,2
30923,20251002,2
31019,20251230,2
32284,20250902,1
30969,20251117,2
30903,20250923,2
30901,20250807,2
31774,20251127,1
32273,20251129,1
30858,20250722,2
31346,20251027,2
1186,20251222,1
32164,20250915,1
31842,20251025,1
18573,20250905,1
31346,20250920,2
30965,20250905,2
31063,20251206,2
30976,20251028,2
30952,20250820,2
31086,20260107,2
30951,20251215,2
31346,20251112,2
18575,20250913,1
31041,20251014,2
21855,20251124,1
32334,20250903,1
30884,20251202,2
30908,20251129,2
30927,20250818,2
30995,20251209,2
12714,20251018,2
31090,20251130,2
1170,20251216,1
21915,20251124,2
30897,20251210,2
32334,20251008,1
31811,20250912,1
30907,20250928,2
30891,20251016,2
32222,20251008,1
12714,20251009,2
30899,20251219,2
32166,20251123,1
34917,20250728,2
30936,20250820,2
30937,20250818,2
18636,20250715,1
30936,20250928,2
31842,20251220,1
30884,20251204,2
32256,20250821,1
30888,20251230,2
30888,20251103,2
31090,20250911,2
30857,20250803,2
31007,20250919,2
30922,20251020,2
30925,20250904,2
30884,20251203,2
32325,20250828,1
36284,20251222,2
4415,20251225,2
31039,20250801,2
30987,20260108,2
31333,20251219,2
31844,20250905,1
31750,20251215,1
30981,20251025,2
31876,20251013,1
1186,20250806,1
31096,20260106,2
18592,20251010,1
31777,20250921,1
18573,20251121,1
31521,20251126,2
31086,20250901,2
35571,20250721,2
31335,20250805,2
31926,20251102,1
31521,20251208,2
18575,20251001,1
32256,20250925,1
30952,20251120,2
32287,20250803,1
27961,20251211,1
30889,20250814,2
31414,20251111,2
31078,20251003,2
32287,20250829,1
31843,20250825,1
30917,20260102,2
30929,20251018,2
31002,20251025,2
31526,20251111,2
32336,20250902,1
31089,20251224,2
31267,20260107,2
36205,20250818,1
31926,20250829,1
31274,20251022,2
31001,20251227,2
30898,20250729,2
31618,20260106,2
32090,20251102,1
30963,20250731,2
32287,20251011,1
31750,20251028,1
32226,20251220,1
31138,20260101,2
30904,20250920,2
30940,20250824,2
32140,20250925,1
31018,20251021,2
35075,20251112,2
32065,20250803,1
30922,20251028,2
32277,20250804,1
30889,20260109,2
21915,20251003,2
30913,20251229,2
32090,20251221,1
14168,20251226,1
32277,20251207,1
31807,20250910,1
32485,20251108,1
31335,20251216,2
31267,20250802,2
21915,20260406,2
12714,20250920,2
31623,20260106,2
31082,20250810,2
31414,20250813,2
18686,20251001,1
31806,20251120,1
35571,20251110,2
32066,20250807,1
31041,20251026,2
30986,20251205,2
32271,20250725,1
32284,20250924,1
32066,20250916,1
31008,20250801,2
18688,20251127,1
30929,20260102,2
30894,20250927,2
30969,20251215,2
30940,20250827,2
21855,20251125,1
31876,20251129,1
31698,20250810,1
30911,20260102,2
31001,20250913,2
18592,20251024,1
30865,20250825,2
18632,20250810,1
18684,20251130,1
30904,20250813,2
31383,20251110,2
30886,20250908,2
30941,20250901,2
32334,20251220,1
31056,20251219,2
31630,20251210,2
32064,20251127,1
31904,20251221,1
30986,20251129,2
35075,20250801,2
32140,20250911,1
268,20250718,2
31945,20250725,1
31096,20250816,2
31346,20251210,2
18636,20250924,1
31981,20251007,1
31061,20250818,2
30903,20250911,2
34975,20251130,2
31414,20250814,2
31871,20250818,1
31777,20250928,1
30916,20251002,2
31926,20251123,1
12640,20250929,1
30998,20260110,2
30980,20251213,2
30970,20251205,2
35511,20250922,2
30995,20260107,2
32317,20251009,1
31001,20251117,2
32317,20250717,1
31005,20250906,2
30936,20251016,2
30984,20251228,2
32218,20250815,1
31629,20251111,2
30986,20251229,2
32323,20251101,1
18592,20250815,1
31618,20251023,2
30902,20250924,2
30885,20251206,2
31083,20251206,2
31855,20250930,1
31005,20250912,2
31081,20250827,2
30894,20251204,2
18688,20251031,1
32218,20251115,1
30907,20251204,2
30918,20250915,2
31050,20251104,2
30923,20251022,2
31105,20251005,2
32139,20250803,1
31774,20251117,1
31099,20251023,2
30923,20250813,2
31532,20251206,2
31105,20250913,2
31138,20251130,2
35075,20251008,2
5664,20260101,2
31933,20250930,1
32321,20251026,1
31779,20250926,1
30964,20251208,2
30925,20251129,2
18636,20250904,1
1181,20250724,1
30927,20250808,2
30998,20250908,2
31083,20251106,2
30907,20251231,2
31414,20251125,2
30907,20250831,2
18604,20250719,1
31629,20250921,2
30905,20250916,2
32140,20251016,1
30946,20250820,2
30923,20251201,2
31002,20250929,2
30931,20251219,2
32705,20250903,1
31270,20251202,2
31968,20250806,1
31777,20250913,1
32064,20251005,1
31385,20251117,2
31926,20250718,1
30994,20251228,2
31855,20251126,1
31081,20250823,2
31926,20251117,1
18604,20251019,1
32208,20251117,1
30912,20250907,2
18592,20251203,1
31054,20250819,2
31335,20250726,2
31267,20260106,2
32218,20251005,1
342,20260101,2
31979,20250822,1
30936,20250805,2
31090,20250728,2
31683,20251119,1
30978,20260110,2
31009,20250930,2
32287,20250907,1
32334,20251109,1
30936,20250803,2
31968,20251013,1
31059,20251121,2
31385,20251225,2
31101,20251001,2
31981,20250912,1
14784,20251128,2
30910,20251016,2
31628,20251129,2
31267,20251218,2
30969,20251125,2
30993,20251105,2
31079,20251008,2
31887,20250718,1
31414,20250929,2
31532,20251107,2
32264,20250905,1
31271,20251209,2
31414,20251218,2
31772,20251010,1
31099,20250820,2
35571,20251017,2
31813,20250817,1
30933,20250929,2
30906,20251113,2
32064,20251017,1
30910,20251115,2
18687,20251021,1
31618,20251112,2
31623,20260105,2
32293,20251024,1
31857,20251018,1
30965,20250909,2
32105,20250801,1
18576,20251026,1
30976,20251031,2
30912,20250815,2
30979,20251201,2
32090,20251121,1
30918,20251014,2
32321,20251019,1
12637,20251127,2
5256,20260403,1
32334,20251102,1
31933,20250814,1
30992,20250927,2
30896,20250913,2
32164,20251120,1
32064,20250915,1
32256,20250812,1
35003,20250806,2
30887,20250809,2
30900,20251017,2
18630,20250926,1
30934,20251225,2
18572,20251116,1
30932,20250827,2
31083,20250913,2
32218,20251219,1
30925,20251010,2
1170,20251121,1
32316,20250920,1
30984,20251011,2
30921,20251108,2
30965,20251217,2
31887,20251202,1
30987,20251224,2
30920,20250918,2
18570,20251102,1
30896,20250807,2
30993,20251017,2
30900,20251011,2
30862,20250814,2
30922,20250903,2
30910,20251005,2
32065,20250728,1
31037,20250829,2
18592,20251103,1
30896,20250817,2
31040,20250826,2
31059,20251003,2
31054,20250825,2
30888,20251004,2
30963,20250811,2
30965,20251205,2
30927,20251114,2
32259,20251216,1
30883,20251013,2
32284,20250827,1
32273,20251215,1
31023,20260110,2
32140,20250807,1
18688,20250802,1
30969,20251203,2
31046,20260105,2
30907,20251117,2
30951,20250920,2
31876,20250819,1
30984,20251122,2
31081,20251119,2
18575,20251101,1
30936,20250802,2
30952,20251213,2
31271,20251107,2
30902,20260103,2
268,20250918,2
31274,20251107,2
31001,20251217,2
30883,20251211,2
32709,20250802,1
30863,20250801,2
31006,20251106,2
32225,20251211,1
32326,20250915,1
30885,20250827,2
30884,20260110,2
37418,20250825,1
31252,20251218,2
31082,20251125,2
30889,20251106,2
12637,20251017,2
18687,20250820,1
30922,20250817,2
31751,20250731,1
31346,20260104,2
30981,20260103,2
32188,20251018,1
30896,20250831,2
11726,20251231,2
32676,20250728,1
30986,20251006,2
30926,20251118,2
31981,20250816,1
32140,20250730,1
32064,20250919,1
30887,20251012,2
18659,20250923,1
31086,20251008,2
30902,20250909,2
30896,20251214,2
11066,20251224,2
30905,20250915,2
31274,20250927,2
31887,20250818,1
34888,20250812,2
30979,20251125,2
31092,20260110,2
30933,20250930,2
30927,20250913,2
30995,20260105,2
14169,20251225,1
32216,20251211,1
32273,20251221,1
31857,20250817,1
31101,20250928,2
31869,20251103,1
31014,20251107,2
32226,20251116,1
30925,20250909,2
30952,20251017,2
31001,20251020,2
30986,20251031,2
30915,20251110,2
31079,20250906,2
30906,20260102,2
30975,20251229,2
31621,20251209,2
32120,20251110,1
32325,20250910,1
30894,20251102,2
30888,20250811,2
31101,20250804,2
31206,20260110,2
30918,20250817,2
30927,20250914,2
31841,20250801,1
32066,20251010,1
30976,20251117,2
31333,20251229,2
30937,20251024,2
31267,20250826,2
31776,20251111,1
30886,20251111,2
31252,20251219,2
31005,20250731,2
30887,20251212,2
18576,20250908,1
31629,20251114,2
30978,20251230,2
31750,20250806,1
31630,20260110,2
31014,20251104,2
30964,20251011,2
18670,20251023,1
31002,20260108,2
31063,20260104,2
30901,20251211,2
31006,20251208,2
30897,20251005,2
18688,20251213,1
1170,20250911,1
31608,20251224,2
31079,20250904,2
31629,20251108,2
31623,20251111,2
31981,20251217,1
31932,20251215,1
30904,20251023,2
31333,20251227,2
30915,20260104,2
30932,20251024,2
30900,20250910,2
31926,20251122,1
31626,20251006,2
30897,20251129,2
30979,20260110,2
30898,20250917,2
31023,20251202,2
15541,20251226,1
30965,20251121,2
31063,20251111,2
31776,20251118,1
31105,20251106,2
30976,20251123,2
1170,20251114,1
31751,20251003,1
31623,20251123,2
31061,20251227,2
31846,20251207,1
31876,20250728,1
30940,20250731,2
31887,20251206,1
18689,20250919,1
1171,20250820,1
12714,20250924,2
1170,20251202,1
18688,20251109,1
32164,20251015,1
31014,20251214,2
21855,20251107,1
269,20251225,2
30984,20260102,2
32226,20250816,1
31006,20250820,2
31751,20250823,1
30948,20250808,2
30932,20251228,2
31010,20251216,2
31078,20250812,2
31009,20251218,2
31857,20251004,1
30995,20251201,2
12714,20250914,2
18576,20251008,1
30886,20250926,2
31007,20251109,2
12714,20250829,2
30976,20251216,2
30986,20251203,2
31018,20251209,2
31686,20251122,1
31033,20250819,2
31081,20251225,2
32061,20251007,1
30925,20250801,2
34843,20250728,1
32334,20251013,1
32140,20250819,1
31096,20251202,2
30994,20251109,2
31054,20251218,2
30929,20251204,2
30920,20251209,2
31526,20251122,2
18688,20250901,1
12640,20250903,1
31008,20250912,2
32706,20250725,1
36204,20251028,2
31785,20250719,1
32259,20251102,1
31686,20251019,1
30906,20251215,2
18670,20251001,1
31750,20251007,1
18602,20251217,1
31750,20251130,1
35089,20251125,2
12714,20250813,2
31629,20250911,2
21855,20250926,1
30952,20251212,2
31008,20250810,2
30920,20250906,2
32318,20250809,1
31808,20250803,1
30951,20250831,2
30952,20251207,2
30969,20251119,2
30906,20251210,2
32061,20251114,1
31014,20251212,2
35089,20250721,2
31056,20251211,2
35075,20250822,2
31105,20250805,2
32325,20251006,1
18576,20250715,1
30922,20251007,2
31102,20260101,2
18603,20251206,1
12640,20251008,1
31842,20251013,1
32066,20251205,1
268,20251208,2
31023,20251221,2
30904,20260108,2
30988,20251230,2
31335,20251116,2
30887,20251120,2
31904,20251109,1
30975,20260109,2
31138,20250905,2
31008,20250726,2
30969,20251110,2
31526,20251220,2
31090,20250831,2
30940,20250806,2
31335,20251223,2
31857,20251108,1
32140,20251118,1
30946,20250810,2
30926,20250930,2
32277,20251019,1
30888,20251001,2
31079,20251112,2
31079,20250909,2
31041,20251111,2
31083,20251116,2
32228,20251019,1
30910,20251212,2
30934,20251113,2
31274,20251023,2
31005,20250909,2
31038,20250823,2
30893,20251229,2
31269,20251208,2
31869,20250721,1
31267,20251029,2
32140,20251210,1
31877,20250922,1
30857,20250808,2
30937,20250730,2
30932,20251001,2
32188,20251123,1
31979,20250829,1
31253,20251206,2
31007,20251018,2
30927,20251103,2
31808,20250727,1
30976,20251112,2
18604,20251214,1
31385,20251112,2
30887,20260101,2
18576,20251012,1
31623,20251224,2
31008,20251129,2
32061,20250910,1
32259,20250728,1
31063,20251109,2
31000,20251113,2
30922,20250829,2
30980,20260103,2
269,20250718,1
31968,20251130,1
18688,20251130,1
32315,20250824,1
287,20260406,2
30898,20250731,2
30992,20251003,2
32228,20250921,1
30933,20251105,2
32234,20250807,1
31806,20251110,1
30887,20251007,2
30920,20250913,2
689,20260403,2
18687,20251019,1
268,20251113,2
34976,20250725,1
30891,20251030,2
32066,20251204,1
32140,20251029,1
30933,20251110,2
31019,20251206,2
31805,20250821,1
31626,20251119,2
268,20250922,2
31078,20250807,2
35639,20250731,1
31018,20250902,2
32317,20251207,1
32826,20250816,1
31050,20251207,2
31424,20260108,2
31779,20251205,1
30927,20250826,2
30894,20251001,2
21915,20251104,2
31904,20251120,1
30936,20251125,2
30982,20251111,2
30894,20251020,2
31933,20250909,1
30901,20250923,2
31335,20250803,2
32315,20250727,1
35089,20250902,2
30987,20251216,2
31037,20250807,2
30928,20251103,2
32061,20251117,1
31629,20250902,2
30912,20251026,2
31083,20251004,2
30984,20251225,2
34907,20250825,2
30932,20251205,2
32293,20251012,1
31686,20251026,1
31061,20251015,2
14169,20260101,1
30912,20251223,2
31059,20251113,2
30994,20260106,2
31096,20251111,2
18636,20250804,1
30910,20250912,2
30981,20251024,2
31014,20251228,2
32212,20251115,1
30981,20251128,2
34979,20250729,1
30857,20250810,2
31050,20251107,2
28134,20250908,2
32061,20251010,1
30901,20250902,2
31846,20250803,1
30948,20250811,2
30993,20250814,2
18636,20251023,1
18687,20251025,1
31016,20260106,2
34794,20250804,2
30983,20251201,2
32323,20251029,1
32064,20250802,1
14784,20250923,2
31274,20251017,2
30982,20251103,2
31078,20250904,2
31750,20250726,1
31968,20251104,1
31018,20251101,2
32275,20250729,1
31061,20250901,2
30929,20250804,2
31001,20250915,2
18575,20250808,1
31269,20251224,2
30918,20251227,2
30910,20251002,2
30907,20251216,2
18604,20250908,1
30929,20251101,2
32140,20250726,1
30982,20251202,2
31000,20251230,2
30936,20251101,2
30905,20251110,2
31615,20251013,2
30914,20251210,2
32325,20250719,1
31079,20251226,2
14126,20251231,2
30932,20250911,2
30863,20250828,2
21855,20250923,1
30921,20251214,2
30898,20251201,2
17484,20260101,2
32277,20250721,1
18603,20251124,1
18572,20250719,1
18576,20251011,1
31079,20251208,2
30905,20260104,2
30922,20250906,2
31101,20251101,2
12637,20250915,2
31821,20250901,1
32256,20250902,1
18687,20250824,1
30920,20250928,2
31532,20251118,2
30894,20251202,2
32226,20250727,1
31083,20250929,2
30927,20251116,2
30891,20250730,2
30925,20250917,2
31887,20250802,1
30894,20250919,2
31006,20250805,2
31968,20250930,1
31968,20250910,1
31082,20251004,2
31059,20251114,2
30890,20251128,2
32210,20250731,1
30889,20251111,2
31105,20250802,2
31807,20250909,1
32210,20250902,1
31776,20250805,1
31623,20251229,2
30897,20251119,2
31274,20251106,2
30918,20251228,2
30965,20260107,2
30894,20260106,2
31346,20250915,2
30905,20251231,2
32485,20251126,1
31615,20251014,2
268,20251103,2
30897,20251203,2
31099,20251006,2
31335,20250905,2
18604,20250929,1
30964,20250903,2
30917,20260104,2
30994,20251121,2
31666,20250804,1
30910,20251127,2
31844,20251003,1
31063,20251223,2
30923,20251130,2
31008,20251120,2
30927,20250807,2
30925,20250915,2
30984,20251118,2
18670,20251013,1
30903,20250719,2
32482,20251130,1
30973,20260109,2
32061,20250810,1
31086,20250907,2
31040,20250825,2
32325,20251130,1
32090,20250825,1
31532,20251218,2
30997,20251210,2
31777,20251026,1
31841,20251205,1
31855,20250909,1
31846,20250719,1
30901,20250908,2
21855,20250716,1
31750,20250718,1
18576,20250719,1
31001,20251223,2
30993,20251218,2
18576,20251004,1
31871,20251019,1
35075,20251214,2
34979,20250819,1
18659,20251208,1
30891,20251230,2
30858,20250809,2
31008,20251101,2
31083,20250920,2
31063,20260106,2
30987,20251125,2
31841,20251020,1
31010,20251223,2
30896,20251110,2
32293,20251001,1
18592,20250902,1
30922,20251228,2
30896,20251219,2
31005,20250905,2
30929,20251202,2
32218,20250811,1
32271,20251026,1
372,20251224,1
32323,20251010,1
18657,20250804,1
45569,20250804,2
31010,20251207,2
30902,20251012,2
30918,20251011,2
30926,20250924,2
30864,20250820,2
32256,20251022,1
31751,20251101,1
30931,20251103,2
31089,20250806,2
30888,20251007,2
31776,20250807,1
30918,20250822,2
30952,20250813,2
30859,20250827,2
30910,20251009,2
31096,20251218,2
32064,20250925,1
32334,20251130,1
32325,20250928,1
28134,20251125,2
31033,20250805,2
30907,20251119,2
31000,20251204,2
31037,20250801,2
32259,20250825,1
31621,20250903,2
31019,20251217,2
30887,20250918,2
30894,20251107,2
34843,20251127,2
18686,20251118,1
32066,20250820,1
31385,20251103,2
18575,20250822,1
31269,20251229,2
18659,20251116,1
18687,20250817,1
18686,20250916,1
32326,20251016,1
31023,20251220,2
18569,20250902,1
32216,20251203,1
30886,20251105,2
32271,20250817,1
287,20250825,2
31754,20250817,1
30970,20251207,2
30862,20250806,2
31772,20250930,1
30903,20250813,2
30951,20251225,2
30885,20250813,2
31061,20251205,2
31090,20251108,2
31876,20251123,1
30969,20251106,2
30922,20251022,2
32164,20251112,1
18572,20250907,1
31805,20250914,1
31526,20251107,2
30902,20251010,2
31687,20251124,1
32188,20250907,1
36345,20251010,2
268,20251121,2
30949,20250816,2
30986,20260107,2
32323,20251020,1
32216,20250903,1
30885,20250803,2
30981,20251109,2
31266,20251118,2
31806,20250901,1
31615,20251202,2
30885,20251104,2
30925,20251118,2
31808,20250816,1
30910,20250909,2
30915,20250730,2
31054,20251111,2
30965,20251016,2
18688,20251011,1
32065,20251018,1
30931,20251231,2
31855,20251209,1
30963,20251227,2
30948,20250809,2
30898,20251022,2
31096,20251117,2
30931,20251209,2
31696,20251221,1
32259,20250715,1
31621,20250801,2
30932,20251129,2
32139,20250927,1
31089,20251210,2
30992,20251024,2
35089,20250807,2
31050,20250916,2
32066,20251215,1
31806,20250916,1
30883,20251029,2
31040,20250817,2
31001,20251003,2
31007,20251114,2
32139,20250807,1
31629,20250908,2
31806,20250812,1
28134,20251020,2
31926,20250914,1
31626,20251009,2
30898,20250816,2
12640,20251202,1
31976,20250730,1
32334,20251011,1
30891,20251010,2
30986,20251231,2
30918,20251214,2
31608,20251210,2
18570,20250920,1
31806,20251122,1
31979,20251116,1
30897,20250905,2
32120,20251212,1
31274,20250902,2
18573,20250922,1
31968,20250819,1
30951,20251022,2
30926,20251023,2
31050,20251219,2
30865,20250830,2
30984,20251224,2
31521,20251211,2
31846,20251005,1
32027,20250917,1
18570,20251013,1
30937,20250722,2
18686,20250725,1
21915,20251111,2
30963,20251201,2
31040,20250801,2
31054,20251010,2
32164,20250731,1
30893,20251231,2
30951,20251001,2
32287,20251114,1
32277,20251012,1
37417,20251224,2
31267,20250920,2
32293,20250808,1
30986,20251003,2
31267,20251212,2
31805,20250902,1
30887,20250924,2
32325,20251211,1
30927,20251207,2
32256,20251204,1
18688,20250825,1
30859,20250804,2
31015,20260109,2
14785,20250815,2
31061,20251027,2
32325,20251214,1
14785,20251224,2
31805,20250825,1
30901,20250725,2
31037,20250809,2
31383,20251209,2
31006,20251114,2
31385,20251202,2
32282,20250818,1
31618,20251207,2
35089,20250926,2
30995,20251207,2
30936,20251113,2
30922,20251208,2
288,20260403,1
32334,20251022,1
30964,20250907,2
18689,20251128,1
31274,20251101,2
31750,20250817,1
31532,20251105,2
30915,20250728,2
31805,20250718,1
30887,20251107,2
31009,20251212,2
30973,20251228,2
31270,20260102,2
31274,20251217,2
31082,20260105,2
31083,20250914,2
32293,20250813,1
12916,20260406,2
31059,20251107,2
31001,20251109,2
30910,20251130,2
32287,20250822,1
31078,20260104,2
31005,20250826,2
31630,20251227,2
31054,20250801,2
30982,20251203,2
31414,20250810,2
31014,20251225,2
31079,20251204,2
28134,20251208,2
32293,20250930,1
30933,20251114,2
35639,20250828,1
30903,20250805,2
31090,20250923,2
31002,20251227,2
31090,20251124,2
31385,20251019,2
31385,20251016,2
32139,20250908,1
30992,20250810,2
31979,20251205,1
35089,20250905,2
32284,20250814,1
31061,20250919,2
31086,20250909,2
18670,20250723,1
30925,20250810,2
30907,20250923,2
269,20251021,1
30970,20251231,2
30915,20251224,2
32334,20250816,1
30894,20251125,2
35075,20250918,2
31750,20250910,1
31774,20251111,1
32271,20251116,1
30927,20260105,2
31096,20260107,2
31078,20251214,2
31059,20260104,2
30929,20250811,2
34910,20250825,2
31086,20250801,2
32212,20251027,1
30992,20250904,2
31267,20250811,2
30891,20251106,2
30921,20251118,2
31089,20251105,2
31089,20251028,2
32273,20250928,1
31979,20250909,1
31978,20250728,1
31000,20251203,2
18687,20250807,1
31039,20250717,2
31750,20251003,1
18602,20251029,1
32065,20250731,1
31615,20250913,2
30976,20251229,2
30987,20251202,2
31887,20250730,1
31615,20251223,2
31857,20251103,1
31687,20250906,1
30951,20251110,2
18632,20250726,1
32065,20251020,1
36204,20251030,2
31424,20260107,2
31005,20250917,2
32326,20250721,1
30903,20260108,2
31002,20260103,2
30885,20250929,2
32066,20251001,1
31346,20250910,2
12916,20250715,1
31006,20250909,2
30965,20251225,2
30992,20251111,2
30860,20250831,2
18636,20251003,1
18689,20250718,1
31860,20250916,1
30970,20251220,2
30927,20251214,2
30901,20251020,2
30963,20250917,2
31253,20251212,2
31096,20251106,2
31429,20260103,2
31618,20260103,2
30987,20260102,2
32824,20250927,1
20,20260101,2
32256,20251027,1
30992,20250818,2
31808,20251004,1
30998,20251017,2
31831,20250910,1
32066,20251017,1
30891,20251014,2
30889,20251124,2
30965,20250911,2
35571,20251124,2
31608,20251214,2
30886,20250927,2
30951,20250827,2
31001,20250908,2
30925,20251207,2
31871,20251108,1
30911,20260103,2
31626,20251015,2
30949,20250815,2
30897,20251021,2
31820,20250808,1
30922,20250916,2
31750,20250715,1
31082,20260107,2
35571,20250718,2
30885,20251120,2
31806,20250919,1
31000,20251219,2
31006,20250717,2
31844,20250814,1
30952,20250925,2
30971,20251122,2
30902,20260102,2
1170,20251023,1
14802,20251121,1
30908,20260101,2
31383,20260107,2
31008,20251116,2
36345,20251002,2
32226,20250928,1
30979,20251025,2
31346,20251130,2
30915,20251223,2
30984,20260110,2
30902,20250907,2
30936,20260104,2
30894,20251016,2
30969,20251124,2
31006,20260110,2
18603,20250727,1
30891,20250929,2
32536,20250815,1
31779,20250829,1
18659,20250901,1
34975,20251201,2
18686,20250729,1
31001,20251026,2
31086,20251204,2
12640,20250721,1
31844,20251219,1
31054,20251222,2
31846,20250817,1
31615,20250929,2
32061,20251204,1
31105,20250820,2
31926,20251207,1
30998,20251213,2
31018,20251008,2
32222,20251209,1
30976,20251029,2
31061,20250808,2
30998,20260109,2
31618,20260101,2
31010,20260102,2
31089,20250905,2
30903,20251028,2
32323,20251212,1
31750,20250801,1
30933,20251030,2
30912,20251230,2
31857,20251102,1
31089,20250821,2
30932,20260102,2
30883,20251116,2
30965,20250918,2
18659,20251021,1
31005,20251103,2
30998,20251214,2
30992,20260106,2
32273,20250920,1
14802,20250922,1
31979,20251118,1
31038,20250820,2
32188,20251027,1
32065,20250725,1
18636,20250826,1
35511,20250930,2
31877,20251207,1
3680,20251231,2
31414,20251224,2
31750,20251115,1
32457,20250908,1
35075,20251004,2
31846,20251213,1
31385,20251021,2
30948,20250823,2
14785,20250813,2
30915,20250802,2
30897,20251020,2
31968,20251105,1
32065,20250910,1
31887,20251108,1
31059,20251226,2
30951,20251121,2
32226,20251026,1
31623,20251225,2
32336,20250930,1
37418,20251226,2
12714,20251109,2
31061,20251220,2
31385,20251122,2
31750,20251204,1
30946,20250824,2
18570,20251121,1
31855,20251218,1
30981,20251123,2
18670,20251007,1
14802,20251103,1
30883,20251129,2
31050,20250815,2
30938,20251104,2
30982,20251115,2
30970,20251217,2
12637,20251128,2
30917,20260101,2
30926,20251120,2
31805,20251120,1
31687,20250727,1
31267,20250806,2
30907,20250924,2
31979,20250917,1
31732,20250804,1
12637,20251013,2
31054,20251117,2
35089,20250818,2
30862,20250825,2
31978,20250720,1
30973,20251216,2
31061,20260103,2
32293,20250925,1
31333,20251211,2
31608,20260103,2
32293,20250919,1
30993,20250928,2
32325,20251016,1
31623,20251119,2
18604,20250726,1
31686,20250804,1
30907,20251127,2
31086,20251102,2
30916,20251027,2
31855,20250827,1
31805,20250901,1
30918,20251016,2
30904,20251103,2
32273,20250725,1
30973,20260101,2
30940,20250801,2
34917,20251220,2
35075,20250715,2
31981,20250830,1
14785,20250723,2
34777,20250825,2
30965,20250823,2
32065,20250828,1
30883,20251019,2
32293,20250802,1
20,20250825,2
4415,20250717,1
31855,20251216,1
30901,20251001,2
31081,20251220,2
1171,20250808,1
14784,20251003,2
32064,20250831,1
31105,20250930,2
36345,20250805,1
32287,20251004,1
32222,20251216,1
32090,20250824,1
14784,20250908,2
30889,20251116,2
30921,20251107,2
18575,20251206,1
31005,20251226,2
30904,20250922,2
30964,20251121,2
30936,20250825,2
32063,20260328,1
31017,20250804,2
30896,20250806,2
30929,20250802,2
31687,20250809,1
30992,20250917,2
30897,20251007,2
18659,20250811,1
30932,20251128,2
30963,20251231,2
31253,20260104,2
30937,20250913,2
31806,20251010,1
31274,20251230,2
32287,20251107,1
31090,20251026,2
31750,20250811,1
31666,20250825,1
31059,20251006,2
30931,20251221,2
31521,20251204,2
32064,20251202,1
31271,20251115,2
31521,20251125,2
32064,20250821,1
18686,20251120,1
31000,20251123,2
31078,20251128,2
30951,20250730,2
31014,20260109,2
31267,20250929,2
30983,20251220,2
30900,20251231,2
30937,20250718,2
31785,20250830,1
31871,20251129,1
30965,20251222,2
31521,20251214,2
31621,20251025,2
45573,20251224,2
31926,20250726,1
31621,20251103,2
34843,20250904,2
18575,20250812,1
32120,20250830,1
30890,20251208,2
31335,20251130,2
10038,20260406,2
31414,20251117,2
31532,20251130,2
30900,20250922,2
31266,20251209,2
32326,20251202,1
34856,20250825,2
31687,20250824,1
32212,20250810,1
30952,20251003,2
30926,20251109,2
32277,20251220,1
30894,20260102,2
31904,20250718,1
31008,20250728,2
31054,20251031,2
31871,20250915,1
31687,20251024,1
31101,20251219,2
31877,20251006,1
12662,20251224,2
32325,20250717,1
30915,20251120,2
30936,20250723,2
31090,20251119,2
30918,20251212,2
31096,20260104,2
269,20251222,1
31615,20251224,2
30994,20251219,2
31059,20251213,2
12640,20250918,1
31105,20250819,2
31086,20250825,2
35089,20251009,2
32259,20250920,1
34842,20250808,2
18592,20251006,1
18687,20251023,1
32716,20250831,1
31844,20250807,1
31926,20250815,1
32064,20251130,1
31274,20251108,2
31777,20250719,1
32334,20250817,1
31806,20250802,1
30899,20251204,2
32218,20251025,1
31050,20250805,2
32218,20250810,1
30883,20251005,2
30925,20250929,2
30897,20250826,2
31082,20251111,2
31688,20251117,1
30907,20260104,2
18012,20260101,2
31009,20251206,2
31389,20251122,2
32188,20251215,1
31750,20251210,1
31904,20251016,1
32293,20250825,1
30983,20260101,2
31101,20251217,2
31855,20250916,1
30995,20251221,2
18604,20251208,1
30927,20250923,2
30927,20250809,2
35511,20251002,2
30903,20251217,2
30922,20250830,2
31414,20251124,2
31002,20250902,2
35571,20250715,2
18636,20251002,1
31274,20251212,2
18688,20251016,1
18570,20250818,1
21855,20251009,1
30929,20251109,2
18687,20250728,1
32482,20251207,1
30900,20250809,2
30928,20251212,2
30910,20250806,2
18575,20251013,1
32334,20251018,1
31096,20251013,2
31009,20251003,2
30906,20251218,2
35075,20250929,2
35075,20251104,2
31698,20250830,1
30965,20251110,2
30891,20250722,2
12639,20251107,1
18684,20250920,1
30889,20251019,2
30940,20250805,2
31059,20251018,2
30963,20250828,2
30885,20250903,2
31981,20251013,1
35089,20251029,2
31869,20251110,1
30998,20250921,2
30896,20250917,2
31846,20250921,1
31138,20251030,2
31981,20250922,1
30915,20251215,2
30916,20250925,2
31968,20250805,1
30931,20251115,2
268,20251222,2
32315,20250811,1
32321,20251207,1
31621,20250813,2
31623,20260101,2
31089,20251013,2
31138,20250818,2
30932,20251229,2
30928,20251208,2
31082,20250802,2
30933,20251009,2
32334,20250929,1
21092,20251225,2
30920,20251210,2
31751,20251023,1
36207,20251201,2
18685,20250825,1
30891,20250831,2
30887,20251110,2
36345,20250825,2
30936,20251216,2
30951,20250722,2
31007,20251207,2
31017,20250901,2
1218,20260403,2
30896,20250828,2
31813,20250726,1
30920,20251003,2
31750,20250906,1
31750,20251205,1
31844,20250827,1
30973,20251215,2
35075,20250811,2
30936,20250816,2
31904,20251220,1
35639,20250813,1
35089,20251030,2
31346,20260107,2
31628,20251231,2
32066,20251115,1
269,20251006,1
28640,20251226,2
31751,20250904,1
31904,20250912,1
30914,20251223,2
31876,20250913,1
32139,20250730,1
30940,20250818,2
30932,20251208,2
32120,20251108,1
31007,20251028,2
18659,20250820,1
18689,20250808,1
30923,20251017,2
18686,20251030,1
31008,20251121,2
264,20251225,2
30915,20250813,2
18687,20251018,1
30923,20251013,2
269,20250722,1
31414,20250718,2
31099,20251030,2
30963,20251019,2
30897,20251212,2
31526,20251124,2
32212,20250720,1
31050,20251018,2
18592,20250919,1
31099,20251005,2
32322,20250725,1
32325,20250801,1
30904,20251101,2
32225,20251030,1
31870,20250720,1
30932,20250923,2
30886,20250928,2
30951,20250917,2
31877,20251117,1
30867,20250806,2
35075,20251201,2
32293,20251013,1
30888,20251216,2
31054,20250911,2
30912,20251203,2
32485,20250904,1
32120,20250822,1
30981,20251102,2
31083,20251007,2
30998,20251218,2
31806,20251006,1
30937,20251006,2
31904,20250925,1
31626,20251011,2
30983,20251223,2
14784,20251009,2
31006,20251105,2
31090,20251012,2
30949,20250806,2
31267,20251214,2
30912,20250928,2
31807,20251204,1
30980,20251226,2
30922,20251231,2
31105,20250925,2
31776,20251007,1
30992,20251017,2
18657,20251218,1
30918,20251126,2
12714,20251115,2
32226,20250914,1
31267,20250911,2
31414,20250830,2
31615,20250811,2
30986,20260103,2
31000,20251105,2
30891,20250927,2
30908,20251202,2
31041,20250912,2
30901,20250812,2
31615,20251010,2
30937,20251127,2
31078,20251012,2
12714,20250918,2
30900,20250814,2
31267,20250906,2
18670,20250901,1
30897,20250818,2
31090,20250727,2
32090,20251114,1
32277,20250921,1
18576,20251201,1
32212,20250825,1
30904,20251110,2
31081,20250924,2
30985,20251215,2
30925,20251206,2
30963,20260105,2
31041,20251107,2
31078,20251211,2
31904,20251029,1
31952,20251005,1
30883,20260105,2
31272,20251202,2
31346,20250828,2
30976,20251224,2
31521,20260101,2
31078,20250830,2
31812,20250821,1
32065,20251118,1
31006,20250828,2
31001,20250914,2
12714,20251108,2
31750,20250802,1
31079,20251205,2
30963,20251025,2
35075,20251013,2
30898,20251110,2
30904,20260107,2
30906,20251219,2
18636,20250829,1
31002,20251223,2
12637,20250909,2
32066,20250805,1
30937,20251025,2
30925,20251009,2
32140,20250907,1
31063,20251030,2
31105,20250907,2
30963,20251010,2
30971,20251202,2
32218,20250726,1
30905,20251029,2
31101,20251210,2
31063,20251031,2
12637,20251015,2
30927,20250718,2
31774,20250908,1
31621,20250920,2
30969,20251216,2
15537,20260406,2
31811,20250725,1
31904,20251129,1
31090,20251231,2
31615,20251110,2
36202,20250822,1
31424,20260103,2
32065,20250727,1
32188,20251025,1
32064,20251115,1
31099,20251126,2
30992,20250815,2
30867,20250830,2
31608,20251209,2
30920,20251110,2
18636,20251014,1
31007,20250913,2
32293,20250828,1
30908,20251206,2
30922,20251105,2
30922,20251206,2
32256,20251215,1
30918,20251115,2
31078,20251210,2
30993,20251019,2
31621,20251116,2
30981,20251127,2
30910,20251213,2
36202,20250808,1
30923,20251001,2
31904,20250726,1
31050,20251222,2
31629,20250907,2
30918,20251003,2
30963,20250809,2
32164,20250806,1
21855,20251210,1
30993,20251231,2
30981,20251208,2
18686,20250715,1
30915,20250729,2
32316,20250816,1
18687,20250823,1
31010,20251220,2
31274,20251105,2
32259,20251208,1
30920,20251206,2
31777,20250726,1
30905,20250903,2
32485,20251127,1
18688,20251117,1
31952,20251026,1
30932,20251130,2
30980,20251105,2
30926,20251204,2
1171,20250804,1
32284,20251030,1
1217,20260101,2
30888,20250830,2
31090,20251029,2
31412,20260109,2
31081,20250810,2
31005,20250808,2
30902,20251019,2
32401,20250802,1
30964,20251211,2
31090,20250908,2
30927,20250911,2
32169,20250721,1
31101,20251116,2
31101,20250923,2
35089,20250919,2
31009,20251031,2
31061,20251106,2
32334,20251210,1
31086,20251206,2
30928,20251214,2
31687,20250914,1
31981,20251222,1
21915,20250723,2
18575,20250925,1
31271,20251021,2
30904,20251005,2
31926,20250809,1
30903,20251118,2
32164,20251119,1
30900,20251108,2
31017,20250806,2
18659,20250907,1
32401,20250731,1
30883,20251009,2
31751,20251017,1
31926,20250727,1
30912,20251015,2
31010,20251221,2
31385,20251006,2
31806,20251022,1
30908,20260104,2
31101,20251109,2
31054,20251128,2
31050,20251108,2
31532,20251126,2
31774,20250929,1
31269,20251221,2
31887,20250919,1
32061,20250929,1
30932,20250804,2
30922,20250825,2
31876,20251116,1
1170,20250924,1
31842,20250816,1
31023,20251217,2
32139,20251110,1
31086,20251221,2
31871,20250912,1
31844,20251107,1
30989,20251206,2
32064,20251020,1
31322,20260101,2
30899,20251209,2
31847,20251116,1
14126,20251226,1
30886,20251126,2
31806,20251130,1
34842,20250731,2
30937,20251117,2
31248,20260110,2
31001,20251129,2
34976,20250801,1
30894,20251015,2
31078,20251130,2
32209,20250919,1
30904,20250914,2
31621,20260108,2
31056,20251229,2
31751,20250907,1
35089,20251005,2
32336,20250925,1
31629,20251115,2
30992,20251101,2
31082,20251206,2
30894,20251231,2
32277,20250727,1
14802,20251218,1
31346,20250815,2
1181,20250722,1
32318,20250824,1
18687,20251218,1
30971,20260108,2
12714,20250816,2
30998,20251124,2
31061,20260106,2
18687,20251207,1
30912,20251124,2
12637,20251003,2
31806,20251003,1
31968,20251211,1
36207,20250801,2
30910,20251216,2
31754,20251213,1
31078,20250913,2
32090,20251115,1
30925,20251229,2
30998,20251128,2
31868,20251121,1
30907,20251228,2
30980,20251228,2
30923,20250816,2
30904,20251213,2
18686,20250908,1
32334,20250720,1
30920,20250930,2
31414,20251028,2
30965,20260103,2
32293,20251130,1
31243,20251229,2
31630,20251008,2
32256,20250728,1
31926,20250830,1
30897,20251226,2
31933,20250716,1
30946,20250804,2
31968,20250901,1
31772,20251001,1
30885,20251101,2
32293,20251219,1
32485,20250910,1
31698,20251018,1
31621,20251013,2
31061,20251229,2
30897,20260101,2
30915,20250815,2
32064,20251124,1
30898,20251008,2
30934,20251205,2
31078,20250920,2
1170,20251118,1
34796,20250804,2
31776,20251021,1
31041,20251211,2
31089,20260108,2
31629,20251119,2
32293,20250729,1
30897,20250910,2
30885,20251109,2
30896,20251013,2
31621,20250909,2
30910,20250903,2
31018,20251023,2
30921,20251120,2
31038,20250829,2
31010,20251109,2
31086,20251105,2
31007,20260104,2
18659,20251210,1
30993,20250802,2
32323,20250922,1
30889,20251001,2
30998,20250912,2
30915,20251112,2
32457,20250721,1
31333,20251203,2
30908,20251204,2
32278,20250731,1
18603,20250824,1
30952,20251204,2
31751,20251024,1
30900,20251117,2
32401,20250820,1
32234,20250716,1
31346,20251020,2
31869,20251102,1
34979,20250812,1
32259,20251014,1
31105,20251231,2
32334,20251014,1
32140,20251126,1
18659,20250830,1
31008,20251203,2
288,20251225,2
31929,20250718,1
30979,20251225,2
31807,20251017,1
18575,20250718,1
31615,20251024,2
30927,20250827,2
32226,20251102,1
18636,20251121,1
30964,20251122,2
31041,20251224,2
30989,20251208,2
31090,20250803,2
30921,20251116,2
18570,20251025,1
18570,20250908,1
30929,20250821,2
12640,20251120,1
31857,20251124,1
30994,20251231,2
32065,20251214,1
32090,20250830,1
31019,20251204,2
31007,20251119,2
32325,20250811,1
31096,20250919,2
31007,20251225,2
31686,20250921,1
31608,20260110,2
31774,20250903,1
30948,20250901,2
30916,20250901,2
31081,20251216,2
30897,20250828,2
30885,20251121,2
15538,20260406,1
32334,20250922,1
30922,20251110,2
30963,20251111,2
31750,20251127,1
30984,20251222,2
31772,20250827,1
31877,20250823,1
32061,20251214,1
31270,20251230,2
31776,20251110,1
31686,20250817,1
30994,20251213,2
31414,20250804,2
31079,20251015,2
31054,20251028,2
30867,20250720,2
32061,20250817,1
35511,20250917,2
30976,20251030,2
18575,20251215,1
32140,20251019,1
31626,20251220,2
31006,20250912,2
32315,20250906,1
31105,20251016,2
31050,20251007,2
342,20250825,2
31099,20250825,2
15541,20260403,2
31101,20250826,2
1170,20251117,1
30946,20250806,2
31089,20251228,2
35089,20251128,2
18576,20251019,1
31615,20250802,2
30931,20251031,2
31385,20251201,2
30900,20251120,2
30905,20251119,2
31105,20250829,2
31968,20250922,1
31754,20250927,1
31876,20250906,1
30891,20250721,2
30936,20251126,2
30938,20251227,2
31968,20250909,1
32325,20250907,1
31079,20251124,2
31006,20251124,2
21855,20251216,1
31887,20251201,1
30883,20251219,2
31000,20251006,2
32457,20250923,1
18687,20250913,1
31929,20250905,1
31687,20251101,1
30883,20251226,2
17191,20251231,1
18604,20251124,1
30900,20251211,2
30898,20250814,2
30998,20251217,2
30886,20251116,2
30986,20260109,2
30948,20250830,2
30932,20251105,2
32315,20250914,1
31683,20250917,1
31807,20250912,1
35075,20251027,2
31082,20251017,2
30897,20250821,2
31526,20251222,2
30914,20251203,2
31105,20251103,2
31877,20251013,1
18659,20250904,1
30897,20251008,2
31750,20250902,1
31952,20251019,1
32277,20251129,1
12640,20251124,1
1170,20251103,1
30886,20260109,2
18576,20251017,1
30901,20251123,2
31270,20251120,2
31807,20251114,1
30981,20251210,2
30952,20251125,2
31274,20251014,2
31079,20260108,2
30864,20250803,2
30916,20251019,2
30888,20251029,2
31774,20251002,1
18592,20251031,1
30900,20260102,2
32336,20251210,1
31904,20250911,1
30952,20250817,2
30969,20251231,2
18688,20250821,1
27962,20251008,1
32293,20250916,1
32485,20250818,1
30942,20250824,2
32325,20251207,1
35511,20251016,2
31252,20260103,2
30890,20251206,2
31002,20250807,2
32326,20251027,1
32256,20251013,1
18686,20250904,1
31089,20251216,2
30891,20251003,2
30951,20250927,2
1170,20251003,1
34979,20250827,1
30927,20251013,2
32275,20251007,1
31079,20260101,2
30992,20251207,2
31061,20250921,2
18576,20251129,1
31006,20250818,2
32217,20251006,1
30984,20260108,2
32163,20250720,1
30971,20251223,2
30979,20251218,2
31686,20250901,1
30981,20260108,2
30923,20250829,2
14802,20251125,1
31806,20251206,1
31102,20251211,2
30981,20251211,2
32325,20251030,1
35639,20250819,1
30915,20251103,2
32325,20251127,1
30936,20250925,2
32120,20251101,1
31138,20251117,2
30965,20251117,2
32090,20250720,1
18686,20251209,1
32273,20250919,1
30963,20250806,2
30862,20250829,2
12714,20251221,2
31414,20251013,2
30932,20251028,2
32323,20251024,1
31010,20251011,2
31008,20250808,2
31626,20251124,2
30885,20251129,2
30916,20251014,2
32139,20250806,1
30929,20250812,2
18687,20250719,1
31000,20251126,2
31750,20251120,1
18570,20250725,1
30887,20251209,2
34843,20251219,2
30896,20251106,2
18569,20250910,1
31346,20251102,2
30923,20250905,2
30964,20251205,2
30920,20251019,2
31968,20250831,1
31521,20251106,2
18569,20250729,1
32061,20251201,1
30937,20250912,2
18576,20250907,1
30998,20251014,2
31252,20251205,2
31952,20251213,1
31806,20250817,1
18592,20251205,1
31687,20250822,1
30915,20250830,2
31063,20251212,2
30920,20251229,2
32271,20251003,1
31751,20250811,1
18572,20251115,1
31099,20250913,2
31027,20250824,2
30915,20251207,2
18592,20250724,1
30898,20251228,2
31385,20251224,2
31271,20251124,2
31086,20250904,2
30993,20251006,2
1170,20251224,2
268,20251105,2
31266,20251218,2
18636,20250901,1
31010,20251118,2
32259,20251104,1
30884,20251028,2
34843,20251016,2
31346,20251104,2
32066,20250816,1
30981,20251221,2
31383,20251231,2
31806,20250804,1
32228,20251107,1
31532,20251213,2
18603,20251005,1
32228,20251013,1
30952,20251221,2
30886,20251123,2
18688,20250817,1
30912,20251210,2
30983,20251213,2
31050,20250828,2
30886,20250903,2
31000,20251129,2
31841,20251006,1
35075,20250830,2
32139,20251202,1
31855,20250807,1
30981,20251206,2
31772,20251016,1
31335,20251222,2
30997,20251208,2
32090,20251005,1
30989,20251229,2
31926,20251013,1
34891,20250825,2
30940,20250728,2
14785,20250820,2
12640,20251216,1
32817,20250903,1
30858,20250805,2
31050,20251030,2
30898,20251012,2
18632,20250823,1
35089,20251022,2
35089,20251101,2
30943,20250815,2
31005,20251003,2
32284,20251105,1
30934,20251220,2
31274,20251203,2
31335,20251126,2
32228,20251117,1
30982,20251117,2
32319,20250729,1
30900,20251023,2
31096,20251231,2
31001,20251102,2
18659,20251023,1
31812,20250813,1
87,20250825,2
30887,20251219,2
31857,20250922,1
286,20260101,2
30936,20251001,2
31859,20250829,1
32266,20250825,1
30963,20250810,2
32227,20250824,1
36345,20251128,2
18603,20250721,1
31266,20251101,2
30951,20260102,2
31877,20250915,1
32066,20250929,1
1171,20251027,1
31618,20251008,2
30914,20251103,2
32317,20250720,1
32334,20250730,1
30923,20251222,2
31037,20250725,2
30965,20260104,2
31630,20251020,2
32326,20250728,1
30984,20251107,2
31754,20251018,1
31532,20251117,2
30904,20251128,2
31138,20250902,2
30920,20251009,2
31138,20251109,2
31102,20260107,2
31630,20251012,2
31857,20250915,1
31933,20251203,1
31626,20251020,2
31687,20251004,1
1170,20251126,1
31089,20250823,2
30905,20251003,2
30929,20250810,2
34976,20250808,1
32287,20251214,1
30902,20251001,2
31090,20251217,2
31041,20251012,2
30903,20251101,2
30936,20251103,2
31322,20260110,2
30932,20251121,2
31052,20260102,2
31086,20250905,2
31105,20250915,2
269,20251125,1
31857,20251027,1
18687,20250810,1
14802,20250910,1
31061,20251018,2
31904,20251209,1
31096,20251122,2
31623,20251204,2
30933,20251210,2
32316,20250830,1
32259,20251213,1
31081,20251020,2
18684,20251108,1
12637,20250918,2
32256,20250903,1
31732,20251103,1
31008,20250818,2
31981,20251214,1
31751,20251119,1
32323,20251116,1
31001,20251029,2
18605,20250829,1
32315,20250829,1
31061,20251215,2
31615,20250829,2
31010,20251203,2
1170,20251125,1
30887,20251019,2
31000,20251020,2
30971,20260110,2
31876,20251115,1
30865,20250802,2
14802,20251216,1
12714,20250716,2
30862,20250827,2
18603,20250907,1
30992,20251018,2
28134,20250716,2
30952,20251023,2
18604,20250921,1
31274,20251122,2
31271,20260102,2
30963,20251028,2
31346,20250919,2
30948,20250820,2
18687,20251204,1
30933,20250926,2
32120,20251109,1
32065,20251024,1
30983,20251231,2
31267,20251115,2
30963,20251004,2
30940,20250830,2
31855,20251119,1
18602,20251203,1
30979,20251112,2
30922,20251001,2
30932,20250818,2
32027,20250730,1
31686,20251006,1
30943,20250830,2
18670,20250930,1
30931,20251204,2
31086,20250821,2
30910,20251101,2
30923,20251213,2
30862,20250821,2
32287,20250914,1
30951,20250815,2
18572,20250913,1
32228,20251123,1
30925,20251230,2
30927,20250908,2
32120,20250915,1
30885,20250908,2
30927,20251209,2
31626,20251231,2
31772,20251020,1
31009,20251214,2
31079,20250925,2
268,20251024,2
32140,20251102,1
31000,20251212,2
32271,20250811,1
18687,20251216,1
30908,20251221,2
30923,20251124,2
30925,20251117,2
28134,20251023,2
18575,20251110,1
31826,20250723,1
30965,20251022,2
18569,20250715,1
30927,20251112,2
31789,20250921,1
31017,20250814,2
30918,20250815,2
18657,20251118,1
31859,20250919,1
31615,20251027,2
31063,20251207,2
30951,20251226,2
32256,20251008,1
31079,20250916,2
32325,20251028,1
32139,20250918,1
31968,20251201,1
31788,20250801,1
32208,20251114,1
31855,20250730,1
32066,20251201,1
30910,20250811,2
30889,20250908,2
1186,20250825,2
18659,20251008,1
30887,20250812,2
18657,20250813,1
18688,20251028,1
14784,20251217,2
30886,20250811,2
30917,20251230,2
31842,20250831,1
32105,20250814,1
14784,20250916,2
30921,20251208,2
12637,20251014,2
32323,20251008,1
30936,20250808,2
30979,20251206,2
32066,20251014,1
31101,20251128,2
30898,20251231,2
32064,20250809,1
31774,20251120,1
31615,20251002,2
31266,20251106,2
31006,20251211,2
32259,20251110,1
31904,20251213,1
30986,20260108,2
31521,20251127,2
31979,20251211,1
31926,20250920,1
30898,20251015,2
31101,20250815,2
31017,20250820,2
31267,20251021,2
31621,20250906,2
30963,20251212,2
18570,20250921,1
31002,20260109,2
1172,20251225,2
36205,20250820,1
31968,20250825,1
31871,20251018,1
31054,20251127,2
31904,20250717,1
30901,20260104,2
18576,20251215,1
30969,20251221,2
31081,20250812,2
30947,20250820,2
31630,20260107,2
30998,20250925,2
31952,20251109,1
30897,20250820,2
31629,20250903,2
35089,20250719,2
31009,20260102,2
30858,20250723,2
30921,20251221,2
31267,20250907,2
30894,20251207,2
31805,20250927,1
32227,20250809,1
18687,20251118,1
18686,20251111,1
31138,20250804,2
32139,20251014,1
32319,20250730,1
31138,20251016,2
30885,20251205,2
32066,20250809,1
30915,20250801,2
30916,20251030,2
31821,20250823,1
31061,20250809,2
31083,20251028,2
31608,20251109,2
31979,20251030,1
31847,20250810,1
32064,20250813,1
30965,20250923,2
30937,20250922,2
12916,20250722,1
30904,20250802,2
32188,20251221,1
30866,20250806,2
30885,20251004,2
189,20251231,2
18570,20251101,1
31041,20250928,2
30997,20260107,2
30884,20251225,2
31083,20251025,2
30886,20251129,2
31081,20251007,2
31774,20250918,1
35571,20250902,2
32275,20250716,1
32188,20250831,1
32401,20250804,1
30965,20251030,2
31846,20251102,1
14126,20260406,1
31805,20250831,1
34889,20250804,2
31904,20251101,1
30937,20251125,2
31253,20251209,2
32325,20250724,1
30993,20250815,2
18570,20250824,1
31086,20251023,2
30969,20251209,2
31772,20250808,1
32065,20251004,1
30927,20251020,2
30979,20251029,2
31979,20250826,1
30920,20250926,2
31099,20250718,2
31267,20251227,2
12640,20251119,1
18603,20250729,1
32325,20250922,1
32139,20250821,1
30986,20251127,2
31859,20251003,1
34843,20250818,1
31023,20251223,2
31855,20250806,1
31096,20251018,2
31618,20251103,2
31424,20260104,2
32065,20251128,1
32820,20250826,1
32323,20251009,1
30893,20260102,2
30985,20251221,2
30927,20251217,2
32277,20250901,1
31081,20251013,2
32064,20250909,1
30994,20251205,2
18684,20251012,1
31414,20251029,2
18686,20250926,1
32457,20250812,1
1170,20251205,1
18686,20251104,1
12714,20251001,2
31846,20251117,1
27960,20251007,1
30937,20250731,2
32315,20250803,1
30862,20250809,2
30916,20250910,2
31270,20251224,2
12714,20250921,2
32212,20250914,1
18604,20250728,1
32209,20250912,1
30952,20260110,2
32027,20250805,1
18602,20250918,1
31054,20251227,2
35089,20251002,2
18603,20251201,1
12714,20250904,2
21915,20251231,2
30979,20251226,2
30910,20251024,2
32334,20250916,1
31871,20250808,1
31686,20250831,1
31779,20251107,1
30992,20251117,2
30965,20250718,2
31869,20250825,1
31346,20250914,2
31346,20251201,2
31005,20251026,2
30936,20251006,2
31414,20251115,2
31860,20251202,1
32064,20250903,1
31102,20260105,2
31099,20250926,2
32334,20250825,1
31629,20251118,2
32120,20250817,1
31772,20250729,1
30964,20251107,2
31869,20251108,1
30949,20250811,2
18603,20251014,1
32140,20250902,1
31615,20260103,2
30900,20251101,2
32287,20250905,1
31807,20251015,1
32188,20250825,1
30984,20260109,2
31976,20250725,1
32293,20251014,1
32326,20251208,1
18688,20251008,1
30915,20251021,2
30965,20250804,2
18636,20251016,1
30992,20250731,2
1171,20250828,1
31007,20251116,2
30897,20250805,2
35089,20250903,2
31039,20250811,2
18686,20251002,1
31056,20251215,2
12714,20250724,2
18636,20250905,1
18657,20250925,1
18689,20250815,1
34917,20251029,2
18632,20250824,1
30907,20251112,2
31751,20251030,1
31532,20251222,2
31019,20251209,2
31383,20251117,2
30937,20250910,2
31772,20251105,1
31059,20251211,2
31628,20251209,2
35003,20250819,2
17484,20260406,2
31933,20251022,1
30933,20250908,2
30933,20251112,2
32234,20250902,1
31099,20250927,2
31840,20250901,1
30896,20250804,2
32259,20251206,1
30904,20250918,2
31082,20260110,2
31271,20251101,2
31805,20250717,1
31059,20251225,2
30891,20250816,2
30932,20251016,2
30900,20251218,2
31628,20251029,2
30926,20250901,2
31018,20251014,2
30923,20250917,2
18686,20251006,1
30992,20251218,2
30976,20251227,2
30891,20250728,2
30929,20251123,2
32228,20250822,1
14785,20250814,2
32061,20250927,1
30932,20251013,2
31776,20250901,1
31105,20260110,2
12714,20250831,2
32164,20251202,1
30910,20251111,2
12714,20250717,2
31820,20250721,1
32273,20250727,1
32218,20251116,1
30903,20250831,2
18602,20250925,1
31876,20251125,1
31618,20250926,2
18686,20250917,1
31267,20250925,2
31333,20251221,2
31009,20260101,2
30888,20260105,2
31847,20251026,1
31812,20250715,1
15776,20260101,1
30904,20251026,2
32323,20251031,1
31089,20251005,2
31050,20250905,2
31626,20251210,2
32218,20250915,1
31776,20250813,1
31687,20251025,1
31086,20250803,2
